User_ID,Department,Task_Description
EMP-1566,Marketing,"Sorting spreadsheets"
EMP-1858,Sales,"Formatting reports"
EMP-3100,HR,"Copy-pasting emails into CRM"
EMP-1151,Customer Support,"Data entry from invoices"
EMP-1791,Sales,"Sorting spreadsheets"
EMP-0739,HR,"Negotiating a client contract"
EMP-1427,HR,"Data entry from invoices"
EMP-0169,Sales,"Formatting reports"
EMP-0796,Marketing,"Interviewing new candidates"
EMP-0692,Customer Support,"Interviewing new candidates"
EMP-3390,HR,"Copy-pasting emails into CRM"
EMP-2056,Sales,"Interviewing new candidates"
EMP-2481,HR,"Interviewing new candidates"
EMP-1081,Customer Support,"Scheduling calendar invites"
EMP-1200,Marketing,"Extracting numbers from PDFs"
EMP-2275,Customer Support,"Negotiating a client contract"
EMP-3503,IT,"Designing a new brand logo"
EMP-2442,IT,"Leading a brainstorming session"
EMP-1979,IT,"High-level strategy planning"
EMP-1765,Sales,"Interviewing new candidates"
EMP-3525,HR,"High-level strategy planning"
EMP-0657,Customer Support,"Extracting numbers from PDFs"
EMP-0609,Sales,"Sorting spreadsheets"
EMP-0517,Sales,"Interviewing new candidates"
EMP-2594,Marketing,"Data entry from invoices"
EMP-1809,IT,"Designing a new brand logo"
EMP-1845,Marketing,"Data entry from invoices"
EMP-2785,Sales,"Sorting spreadsheets"
EMP-0808,HR,"Resolving employee conflict"
EMP-1616,Sales,"Data entry from invoices"
EMP-1448,Customer Support,"Data entry from invoices"
EMP-1108,IT,"Copy-pasting emails into CRM"
EMP-1606,IT,"Designing a new brand logo"
EMP-2626,Customer Support,"Formatting reports"
EMP-3285,IT,"Interviewing new candidates"
EMP-3331,IT,"High-level strategy planning"
EMP-2964,Customer Support,"Formatting reports"
EMP-0952,Customer Support,"Scheduling calendar invites"
EMP-1555,Sales,"Copy-pasting emails into CRM"
EMP-0610,Sales,"Extracting numbers from PDFs"
EMP-1241,Customer Support,"Extracting numbers from PDFs"
EMP-3736,HR,"Resolving employee conflict"
EMP-1962,Marketing,"Data entry from invoices"
EMP-1450,Marketing,"Formatting reports"
EMP-0004,Marketing,"Extracting numbers from PDFs"
EMP-3075,HR,"Interviewing new candidates"
EMP-3260,Marketing,"Sorting spreadsheets"
EMP-1222,Sales,"Negotiating a client contract"
EMP-2950,Customer Support,"Data entry from invoices"
EMP-3166,Sales,"Extracting numbers from PDFs"
EMP-1380,Sales,"Data entry from invoices"
EMP-1245,Marketing,"Scheduling calendar invites"
EMP-2554,Customer Support,"Copy-pasting emails into CRM"
EMP-1814,IT,"Leading a brainstorming session"
EMP-2065,Customer Support,"Negotiating a client contract"
EMP-0963,IT,"Designing a new brand logo"
EMP-0374,IT,"Interviewing new candidates"
EMP-2436,Marketing,"Negotiating a client contract"
EMP-3592,Marketing,"Formatting reports"
EMP-1837,Customer Support,"Sorting spreadsheets"
EMP-3422,Sales,"Sorting spreadsheets"
EMP-3419,Sales,"Data entry from invoices"
EMP-2135,HR,"Designing a new brand logo"
EMP-2564,Marketing,"Formatting reports"
EMP-2460,Customer Support,"Extracting numbers from PDFs"
EMP-1720,Customer Support,"Interviewing new candidates"
EMP-0993,Customer Support,"Scheduling calendar invites"
EMP-2184,Marketing,"Data entry from invoices"
EMP-1865,Sales,"Scheduling calendar invites"
EMP-0477,IT,"Resolving employee conflict"
EMP-1805,HR,"Copy-pasting emails into CRM"
EMP-1359,Sales,"Data entry from invoices"
EMP-2962,IT,"Negotiating a client contract"
EMP-2312,Marketing,"Interviewing new candidates"
EMP-3179,Sales,"Extracting numbers from PDFs"
EMP-0534,Customer Support,"Extracting numbers from PDFs"
EMP-1409,Sales,"Sorting spreadsheets"
EMP-3064,HR,"Designing a new brand logo"
EMP-3506,Sales,"Data entry from invoices"
EMP-1990,IT,"Copy-pasting emails into CRM"
EMP-3661,Sales,"Copy-pasting emails into CRM"
EMP-1246,IT,"Designing a new brand logo"
EMP-2239,Customer Support,"Scheduling calendar invites"
EMP-2745,IT,"Interviewing new candidates"
EMP-0808,Sales,"Extracting numbers from PDFs"
EMP-3273,Marketing,"Interviewing new candidates"
EMP-1990,HR,"Data entry from invoices"
EMP-2425,Sales,"Scheduling calendar invites"
EMP-1066,Marketing,"Extracting numbers from PDFs"
EMP-0992,Sales,"Formatting reports"
EMP-3326,Sales,"Extracting numbers from PDFs"
EMP-3034,HR,"High-level strategy planning"
EMP-0936,Marketing,"Data entry from invoices"
EMP-0793,HR,"Interviewing new candidates"
EMP-0953,Sales,"Formatting reports"
EMP-1488,IT,"Negotiating a client contract"
EMP-3897,HR,"Copy-pasting emails into CRM"
EMP-1048,Marketing,"Formatting reports"
EMP-0947,Marketing,"Copy-pasting emails into CRM"
EMP-0510,Sales,"Scheduling calendar invites"
EMP-1733,HR,"Leading a brainstorming session"
EMP-3816,IT,"Resolving employee conflict"
EMP-1932,Customer Support,"Formatting reports"
EMP-1718,IT,"Designing a new brand logo"
EMP-2753,HR,"Interviewing new candidates"
EMP-0246,Marketing,"Scheduling calendar invites"
EMP-1051,Sales,"Copy-pasting emails into CRM"
EMP-1459,IT,"Leading a brainstorming session"
EMP-0859,Customer Support,"Formatting reports"
EMP-2158,HR,"High-level strategy planning"
EMP-0429,Marketing,"Sorting spreadsheets"
EMP-1083,IT,"High-level strategy planning"
EMP-0274,Customer Support,"Sorting spreadsheets"
EMP-1141,Customer Support,"Data entry from invoices"
EMP-2253,Marketing,"Data entry from invoices"
EMP-0112,IT,"High-level strategy planning"
EMP-3563,HR,"Interviewing new candidates"
EMP-1872,Marketing,"Formatting reports"
EMP-0435,Sales,"Formatting reports"
EMP-0075,Customer Support,"Formatting reports"
EMP-3937,Marketing,"Sorting spreadsheets"
EMP-2985,Customer Support,"Sorting spreadsheets"
EMP-1653,Customer Support,"Extracting numbers from PDFs"
EMP-1279,Customer Support,"Interviewing new candidates"
EMP-3810,Marketing,"Scheduling calendar invites"
EMP-0523,Sales,"Data entry from invoices"
EMP-3442,Customer Support,"Scheduling calendar invites"
EMP-2894,Marketing,"Formatting reports"
EMP-3786,IT,"Designing a new brand logo"
EMP-3069,Customer Support,"Scheduling calendar invites"
EMP-3109,Customer Support,"Sorting spreadsheets"
EMP-2917,IT,"Resolving employee conflict"
EMP-2759,HR,"Data entry from invoices"
EMP-1930,Marketing,"Extracting numbers from PDFs"
EMP-0216,HR,"Data entry from invoices"
EMP-2676,IT,"Leading a brainstorming session"
EMP-0537,Marketing,"Extracting numbers from PDFs"
EMP-1133,Marketing,"Copy-pasting emails into CRM"
EMP-2236,Sales,"Negotiating a client contract"
EMP-0996,IT,"Data entry from invoices"
EMP-1773,Customer Support,"Copy-pasting emails into CRM"
EMP-3168,Customer Support,"Formatting reports"
EMP-2411,HR,"Designing a new brand logo"
EMP-3959,Sales,"Copy-pasting emails into CRM"
EMP-2918,Sales,"Data entry from invoices"
EMP-1183,IT,"Data entry from invoices"
EMP-3183,IT,"Interviewing new candidates"
EMP-1680,IT,"Negotiating a client contract"
EMP-3278,Sales,"Copy-pasting emails into CRM"
EMP-1797,HR,"Negotiating a client contract"
EMP-0776,Sales,"Sorting spreadsheets"
EMP-2008,Sales,"Data entry from invoices"
EMP-3718,IT,"Resolving employee conflict"
EMP-2460,Customer Support,"Sorting spreadsheets"
EMP-1101,IT,"Leading a brainstorming session"
EMP-2921,HR,"Resolving employee conflict"
EMP-0410,HR,"Interviewing new candidates"
EMP-0263,Marketing,"Extracting numbers from PDFs"
EMP-1638,Customer Support,"Sorting spreadsheets"
EMP-1936,Customer Support,"Negotiating a client contract"
EMP-1488,Customer Support,"Interviewing new candidates"
EMP-1901,HR,"Designing a new brand logo"
EMP-2278,IT,"Negotiating a client contract"
EMP-0583,Marketing,"Negotiating a client contract"
EMP-3272,Customer Support,"Formatting reports"
EMP-3797,Sales,"Sorting spreadsheets"
EMP-1488,HR,"High-level strategy planning"
EMP-0233,IT,"Copy-pasting emails into CRM"
EMP-1908,HR,"Leading a brainstorming session"
EMP-3296,Marketing,"Formatting reports"
EMP-3634,Customer Support,"Sorting spreadsheets"
EMP-1931,Customer Support,"Negotiating a client contract"
EMP-3330,IT,"Leading a brainstorming session"
EMP-3731,IT,"Resolving employee conflict"
EMP-1889,Sales,"Formatting reports"
EMP-0064,HR,"High-level strategy planning"
EMP-1356,Marketing,"Sorting spreadsheets"
EMP-4001,Marketing,"Formatting reports"
EMP-0523,HR,"Negotiating a client contract"
EMP-3351,Sales,"Formatting reports"
EMP-2841,IT,"Data entry from invoices"
EMP-3575,IT,"High-level strategy planning"
EMP-2480,IT,"Copy-pasting emails into CRM"
EMP-2247,IT,"Resolving employee conflict"
EMP-1651,Customer Support,"Data entry from invoices"
EMP-1732,Customer Support,"Scheduling calendar invites"
EMP-2688,HR,"High-level strategy planning"
EMP-3537,Customer Support,"Data entry from invoices"
EMP-1821,Customer Support,"Scheduling calendar invites"
EMP-2118,HR,"Data entry from invoices"
EMP-1323,Customer Support,"Negotiating a client contract"
EMP-0372,HR,"Resolving employee conflict"
EMP-1984,IT,"Resolving employee conflict"
EMP-1962,HR,"Negotiating a client contract"
EMP-0960,Sales,"Extracting numbers from PDFs"
EMP-1178,HR,"Data entry from invoices"
EMP-1644,Sales,"Copy-pasting emails into CRM"
EMP-3907,Sales,"Data entry from invoices"
EMP-2727,IT,"High-level strategy planning"
EMP-1749,IT,"Interviewing new candidates"
EMP-3108,HR,"Copy-pasting emails into CRM"
EMP-3070,IT,"Interviewing new candidates"
EMP-1287,HR,"Leading a brainstorming session"
EMP-0426,HR,"High-level strategy planning"
EMP-1605,Customer Support,"Formatting reports"
EMP-1307,HR,"Designing a new brand logo"
EMP-0382,Marketing,"Scheduling calendar invites"
EMP-2915,Marketing,"Scheduling calendar invites"
EMP-3999,Marketing,"Scheduling calendar invites"
EMP-2086,IT,"Interviewing new candidates"
EMP-1937,HR,"Data entry from invoices"
EMP-2076,IT,"Copy-pasting emails into CRM"
EMP-0674,Sales,"Copy-pasting emails into CRM"
EMP-1576,HR,"Data entry from invoices"
EMP-0817,Sales,"Sorting spreadsheets"
EMP-1966,IT,"Designing a new brand logo"
EMP-3560,Customer Support,"Data entry from invoices"
EMP-3952,IT,"Copy-pasting emails into CRM"
EMP-3157,HR,"Leading a brainstorming session"
EMP-3128,IT,"High-level strategy planning"
EMP-3359,Sales,"Extracting numbers from PDFs"
EMP-2238,Marketing,"Scheduling calendar invites"
EMP-2279,Sales,"Data entry from invoices"
EMP-2415,HR,"Data entry from invoices"
EMP-0521,Sales,"Scheduling calendar invites"
EMP-2790,IT,"Copy-pasting emails into CRM"
EMP-2829,HR,"Designing a new brand logo"
EMP-3758,Marketing,"Sorting spreadsheets"
EMP-2991,Sales,"Extracting numbers from PDFs"
EMP-2213,Sales,"Copy-pasting emails into CRM"
EMP-1735,IT,"Negotiating a client contract"
EMP-2375,IT,"Data entry from invoices"
EMP-2634,Marketing,"Sorting spreadsheets"
EMP-2271,Customer Support,"Negotiating a client contract"
EMP-1241,Sales,"Data entry from invoices"
EMP-3091,Marketing,"Data entry from invoices"
EMP-0117,HR,"Designing a new brand logo"
EMP-0496,HR,"Data entry from invoices"
EMP-3970,IT,"Copy-pasting emails into CRM"
EMP-3202,IT,"Resolving employee conflict"
EMP-3759,Marketing,"Data entry from invoices"
EMP-3591,HR,"Data entry from invoices"
EMP-3590,Customer Support,"Extracting numbers from PDFs"
EMP-1735,Sales,"Extracting numbers from PDFs"
EMP-3704,Customer Support,"Interviewing new candidates"
EMP-0886,HR,"Leading a brainstorming session"
EMP-0377,Marketing,"Interviewing new candidates"
EMP-3579,IT,"Copy-pasting emails into CRM"
EMP-3201,Customer Support,"Formatting reports"
EMP-1960,HR,"Copy-pasting emails into CRM"
EMP-2892,HR,"Copy-pasting emails into CRM"
EMP-0311,IT,"Negotiating a client contract"
EMP-0695,Customer Support,"Scheduling calendar invites"
EMP-0031,Marketing,"Extracting numbers from PDFs"
EMP-2761,IT,"Negotiating a client contract"
EMP-0300,Marketing,"Interviewing new candidates"
EMP-1760,Sales,"Negotiating a client contract"
EMP-1444,Sales,"Data entry from invoices"
EMP-1972,Marketing,"Scheduling calendar invites"
EMP-0339,IT,"Resolving employee conflict"
EMP-3865,IT,"Copy-pasting emails into CRM"
EMP-0876,IT,"Resolving employee conflict"
EMP-2387,IT,"Designing a new brand logo"
EMP-3515,Sales,"Data entry from invoices"
EMP-3549,Marketing,"Copy-pasting emails into CRM"
EMP-1117,Sales,"Negotiating a client contract"
EMP-0425,IT,"Data entry from invoices"
EMP-2692,Customer Support,"Sorting spreadsheets"
EMP-2428,HR,"Leading a brainstorming session"
EMP-2036,Sales,"Extracting numbers from PDFs"
EMP-0952,HR,"Data entry from invoices"
EMP-0223,Marketing,"Copy-pasting emails into CRM"
EMP-0116,Sales,"Interviewing new candidates"
EMP-1492,Customer Support,"Data entry from invoices"
EMP-2380,Sales,"Negotiating a client contract"
EMP-2908,IT,"Data entry from invoices"
EMP-0293,HR,"Designing a new brand logo"
EMP-1914,HR,"Interviewing new candidates"
EMP-2108,IT,"Data entry from invoices"
EMP-1470,IT,"Designing a new brand logo"
EMP-2631,Marketing,"Extracting numbers from PDFs"
EMP-2805,Marketing,"Formatting reports"
EMP-1284,Marketing,"Interviewing new candidates"
EMP-3571,Customer Support,"Sorting spreadsheets"
EMP-3904,HR,"Resolving employee conflict"
EMP-2441,Marketing,"Scheduling calendar invites"
EMP-2188,Marketing,"Data entry from invoices"
EMP-3262,IT,"Data entry from invoices"
EMP-1180,Sales,"Formatting reports"
EMP-1050,HR,"Data entry from invoices"
EMP-1276,IT,"Leading a brainstorming session"
EMP-2235,Customer Support,"Scheduling calendar invites"
EMP-1303,HR,"Designing a new brand logo"
EMP-2445,Sales,"Sorting spreadsheets"
EMP-3281,Marketing,"Data entry from invoices"
EMP-1746,Customer Support,"Copy-pasting emails into CRM"
EMP-0689,IT,"High-level strategy planning"
EMP-1837,IT,"Leading a brainstorming session"
EMP-2252,Marketing,"Sorting spreadsheets"
EMP-3099,Sales,"Negotiating a client contract"
EMP-1410,Marketing,"Negotiating a client contract"
EMP-1028,HR,"Designing a new brand logo"
EMP-0333,IT,"Copy-pasting emails into CRM"
EMP-2777,IT,"Data entry from invoices"
EMP-1822,Marketing,"Sorting spreadsheets"
EMP-0886,Sales,"Extracting numbers from PDFs"
EMP-2491,Sales,"Scheduling calendar invites"
EMP-0864,HR,"Negotiating a client contract"
EMP-1659,Marketing,"Sorting spreadsheets"
EMP-0495,IT,"Copy-pasting emails into CRM"
EMP-3381,Customer Support,"Negotiating a client contract"
EMP-2780,IT,"Interviewing new candidates"
EMP-1658,Customer Support,"Scheduling calendar invites"
EMP-2229,HR,"Resolving employee conflict"
EMP-0951,Sales,"Scheduling calendar invites"
EMP-3685,Customer Support,"Sorting spreadsheets"
EMP-3267,Customer Support,"Copy-pasting emails into CRM"
EMP-2421,HR,"Leading a brainstorming session"
EMP-0532,IT,"Copy-pasting emails into CRM"
EMP-3497,IT,"High-level strategy planning"
EMP-0871,Sales,"Interviewing new candidates"
EMP-3048,Customer Support,"Data entry from invoices"
EMP-2537,HR,"Interviewing new candidates"
EMP-1316,Sales,"Extracting numbers from PDFs"
EMP-1770,IT,"Resolving employee conflict"
EMP-1837,Sales,"Negotiating a client contract"
EMP-2810,Marketing,"Data entry from invoices"
EMP-3498,Customer Support,"Data entry from invoices"
EMP-2559,Marketing,"Scheduling calendar invites"
EMP-2172,Marketing,"Formatting reports"
EMP-1554,Sales,"Interviewing new candidates"
EMP-1378,HR,"Copy-pasting emails into CRM"
EMP-0275,IT,"Data entry from invoices"
EMP-2198,HR,"Designing a new brand logo"
EMP-3900,HR,"Data entry from invoices"
EMP-2276,Customer Support,"Sorting spreadsheets"
EMP-3828,HR,"High-level strategy planning"
EMP-0139,Marketing,"Formatting reports"
EMP-2511,Customer Support,"Scheduling calendar invites"
EMP-0988,Customer Support,"Scheduling calendar invites"
EMP-3298,Marketing,"Extracting numbers from PDFs"
EMP-1321,Sales,"Negotiating a client contract"
EMP-3316,HR,"Leading a brainstorming session"
EMP-2852,Customer Support,"Sorting spreadsheets"
EMP-2033,Marketing,"Sorting spreadsheets"
EMP-1636,Sales,"Scheduling calendar invites"
EMP-3400,HR,"Designing a new brand logo"
EMP-3068,Marketing,"Copy-pasting emails into CRM"
EMP-1622,HR,"Leading a brainstorming session"
EMP-3237,Marketing,"Copy-pasting emails into CRM"
EMP-3072,Marketing,"Copy-pasting emails into CRM"
EMP-3332,Customer Support,"Copy-pasting emails into CRM"
EMP-0793,HR,"Copy-pasting emails into CRM"
EMP-0728,Marketing,"Sorting spreadsheets"
EMP-0380,IT,"Interviewing new candidates"
EMP-1402,Sales,"Sorting spreadsheets"
EMP-0987,Customer Support,"Data entry from invoices"
EMP-1425,Customer Support,"Copy-pasting emails into CRM"
EMP-1505,HR,"High-level strategy planning"
EMP-1355,HR,"Copy-pasting emails into CRM"
EMP-0702,IT,"Resolving employee conflict"
EMP-3716,Sales,"Data entry from invoices"
EMP-2342,Sales,"Formatting reports"
EMP-0298,HR,"Data entry from invoices"
EMP-2845,HR,"Designing a new brand logo"
EMP-0560,HR,"Negotiating a client contract"
EMP-2763,Customer Support,"Negotiating a client contract"
EMP-0093,Customer Support,"Copy-pasting emails into CRM"
EMP-3893,HR,"Data entry from invoices"
EMP-3473,Sales,"Formatting reports"
EMP-1719,Sales,"Copy-pasting emails into CRM"
EMP-2786,Marketing,"Copy-pasting emails into CRM"
EMP-3406,IT,"Designing a new brand logo"
EMP-0962,Sales,"Sorting spreadsheets"
EMP-1008,Customer Support,"Data entry from invoices"
EMP-2611,Sales,"Formatting reports"
EMP-1256,HR,"High-level strategy planning"
EMP-3809,HR,"High-level strategy planning"
EMP-1453,HR,"Resolving employee conflict"
EMP-1415,Marketing,"Formatting reports"
EMP-2907,Sales,"Formatting reports"
EMP-2892,Marketing,"Copy-pasting emails into CRM"
EMP-1401,Customer Support,"Extracting numbers from PDFs"
EMP-0580,Marketing,"Negotiating a client contract"
EMP-0802,Marketing,"Scheduling calendar invites"
EMP-1065,Sales,"Scheduling calendar invites"
EMP-3245,HR,"Resolving employee conflict"
EMP-1662,Marketing,"Sorting spreadsheets"
EMP-0221,Sales,"Data entry from invoices"
EMP-2398,Customer Support,"Scheduling calendar invites"
EMP-1695,HR,"Negotiating a client contract"
EMP-2814,Customer Support,"Copy-pasting emails into CRM"
EMP-3911,IT,"Data entry from invoices"
EMP-1969,Customer Support,"Extracting numbers from PDFs"
EMP-1885,Marketing,"Copy-pasting emails into CRM"
EMP-1068,IT,"High-level strategy planning"
EMP-3001,Marketing,"Extracting numbers from PDFs"
EMP-1973,Marketing,"Negotiating a client contract"
EMP-0427,Sales,"Extracting numbers from PDFs"
EMP-3083,Customer Support,"Scheduling calendar invites"
EMP-0657,HR,"Leading a brainstorming session"
EMP-2671,IT,"Data entry from invoices"
EMP-2257,HR,"Interviewing new candidates"
EMP-0270,Sales,"Copy-pasting emails into CRM"
EMP-1273,Sales,"Copy-pasting emails into CRM"
EMP-2843,Sales,"Copy-pasting emails into CRM"
EMP-1848,Sales,"Scheduling calendar invites"
EMP-0079,Sales,"Data entry from invoices"
EMP-3729,Customer Support,"Data entry from invoices"
EMP-1746,Sales,"Data entry from invoices"
EMP-0053,Marketing,"Data entry from invoices"
EMP-2510,Sales,"Copy-pasting emails into CRM"
EMP-1088,Marketing,"Data entry from invoices"
EMP-2861,Customer Support,"Scheduling calendar invites"
EMP-0587,Marketing,"Copy-pasting emails into CRM"
EMP-1008,Marketing,"Data entry from invoices"
EMP-0853,IT,"Negotiating a client contract"
EMP-3510,HR,"Data entry from invoices"
EMP-3235,IT,"Negotiating a client contract"
EMP-3975,Sales,"Interviewing new candidates"
EMP-2651,Sales,"Formatting reports"
EMP-3388,IT,"Negotiating a client contract"
EMP-0581,HR,"Leading a brainstorming session"
EMP-2544,Customer Support,"Extracting numbers from PDFs"
EMP-1053,IT,"Data entry from invoices"
EMP-0771,Sales,"Copy-pasting emails into CRM"
EMP-3591,HR,"Data entry from invoices"
EMP-2290,Customer Support,"Formatting reports"
EMP-0455,HR,"Copy-pasting emails into CRM"
EMP-2244,Customer Support,"Interviewing new candidates"
EMP-1793,Customer Support,"Data entry from invoices"
EMP-0185,IT,"Data entry from invoices"
EMP-1397,IT,"Leading a brainstorming session"
EMP-0186,Sales,"Formatting reports"
EMP-2072,Marketing,"Scheduling calendar invites"
EMP-2379,Sales,"Extracting numbers from PDFs"
EMP-1958,Customer Support,"Scheduling calendar invites"
EMP-3753,Customer Support,"Formatting reports"
EMP-1056,IT,"Resolving employee conflict"
EMP-2045,IT,"Interviewing new candidates"
EMP-3213,Marketing,"Data entry from invoices"
EMP-1903,Sales,"Copy-pasting emails into CRM"
EMP-0089,Customer Support,"Copy-pasting emails into CRM"
EMP-1340,Marketing,"Copy-pasting emails into CRM"
EMP-0015,Sales,"Formatting reports"
EMP-1115,HR,"Designing a new brand logo"
EMP-2005,HR,"Leading a brainstorming session"
EMP-2601,Marketing,"Sorting spreadsheets"
EMP-1405,Marketing,"Data entry from invoices"
EMP-0231,HR,"Interviewing new candidates"
EMP-2243,Customer Support,"Interviewing new candidates"
EMP-3604,IT,"Negotiating a client contract"
EMP-0085,Marketing,"Sorting spreadsheets"
EMP-2333,Sales,"Interviewing new candidates"
EMP-3001,IT,"Designing a new brand logo"
EMP-3487,Marketing,"Copy-pasting emails into CRM"
EMP-3581,IT,"Designing a new brand logo"
EMP-0591,Customer Support,"Negotiating a client contract"
EMP-0699,HR,"Resolving employee conflict"
EMP-2510,HR,"High-level strategy planning"
EMP-1721,IT,"Leading a brainstorming session"
EMP-0504,Sales,"Sorting spreadsheets"
EMP-3497,IT,"Copy-pasting emails into CRM"
EMP-0336,Sales,"Formatting reports"
EMP-3336,HR,"Resolving employee conflict"
EMP-1702,Customer Support,"Scheduling calendar invites"
EMP-2406,Sales,"Formatting reports"
EMP-0647,HR,"Leading a brainstorming session"
EMP-2410,Customer Support,"Scheduling calendar invites"
EMP-1635,Customer Support,"Sorting spreadsheets"
EMP-3432,IT,"Leading a brainstorming session"
EMP-1588,HR,"Copy-pasting emails into CRM"
EMP-1596,Marketing,"Scheduling calendar invites"
EMP-1344,IT,"Copy-pasting emails into CRM"
EMP-1721,Sales,"Sorting spreadsheets"
EMP-1970,Sales,"Data entry from invoices"
EMP-3468,IT,"Copy-pasting emails into CRM"
EMP-3077,Marketing,"Formatting reports"
EMP-3184,Customer Support,"Extracting numbers from PDFs"
EMP-1575,HR,"Resolving employee conflict"
EMP-3382,Customer Support,"Formatting reports"
EMP-3204,Customer Support,"Sorting spreadsheets"
EMP-0272,Marketing,"Sorting spreadsheets"
EMP-2635,Customer Support,"Copy-pasting emails into CRM"
EMP-3679,Marketing,"Scheduling calendar invites"
EMP-2085,Customer Support,"Copy-pasting emails into CRM"
EMP-2402,HR,"Data entry from invoices"
EMP-3514,Sales,"Interviewing new candidates"
EMP-0023,Sales,"Data entry from invoices"
EMP-0448,IT,"Resolving employee conflict"
EMP-1489,IT,"Leading a brainstorming session"
EMP-2866,HR,"Negotiating a client contract"
EMP-0673,IT,"Interviewing new candidates"
EMP-3123,Sales,"Copy-pasting emails into CRM"
EMP-3683,IT,"Negotiating a client contract"
EMP-3042,Sales,"Copy-pasting emails into CRM"
EMP-2674,HR,"Resolving employee conflict"
EMP-0500,Marketing,"Extracting numbers from PDFs"
EMP-2428,HR,"Interviewing new candidates"
EMP-1513,Marketing,"Scheduling calendar invites"
EMP-2640,HR,"Leading a brainstorming session"
EMP-1909,Marketing,"Sorting spreadsheets"
EMP-2738,Marketing,"Scheduling calendar invites"
EMP-1989,IT,"Data entry from invoices"
EMP-2192,Sales,"Extracting numbers from PDFs"
EMP-2164,IT,"High-level strategy planning"
EMP-1182,Customer Support,"Negotiating a client contract"
EMP-3370,Customer Support,"Data entry from invoices"
EMP-3965,Sales,"Sorting spreadsheets"
EMP-1002,IT,"Resolving employee conflict"
EMP-3384,Marketing,"Data entry from invoices"
EMP-3994,IT,"Leading a brainstorming session"
EMP-1621,Marketing,"Sorting spreadsheets"
EMP-0169,Customer Support,"Formatting reports"
EMP-3396,IT,"Designing a new brand logo"
EMP-1074,IT,"Negotiating a client contract"
EMP-1735,IT,"Designing a new brand logo"
EMP-1330,Marketing,"Formatting reports"
EMP-3390,IT,"Data entry from invoices"
EMP-0190,Customer Support,"Interviewing new candidates"
EMP-0565,Sales,"Data entry from invoices"
EMP-2941,Customer Support,"Copy-pasting emails into CRM"
EMP-3345,Marketing,"Interviewing new candidates"
EMP-2274,Marketing,"Extracting numbers from PDFs"
EMP-2794,Sales,"Copy-pasting emails into CRM"
EMP-2705,Customer Support,"Scheduling calendar invites"
EMP-0966,HR,"Leading a brainstorming session"
EMP-1780,HR,"High-level strategy planning"
EMP-2959,Marketing,"Sorting spreadsheets"
EMP-1436,Customer Support,"Extracting numbers from PDFs"
EMP-0906,Marketing,"Formatting reports"
EMP-1594,HR,"Data entry from invoices"
EMP-0104,IT,"Negotiating a client contract"
EMP-3142,IT,"Copy-pasting emails into CRM"
EMP-3890,Sales,"Sorting spreadsheets"
EMP-2201,Customer Support,"Negotiating a client contract"
EMP-2291,Customer Support,"Copy-pasting emails into CRM"
EMP-3781,Sales,"Interviewing new candidates"
EMP-3374,HR,"High-level strategy planning"
EMP-0249,Sales,"Formatting reports"
EMP-0687,HR,"Interviewing new candidates"
EMP-3969,Marketing,"Negotiating a client contract"
EMP-0232,Customer Support,"Extracting numbers from PDFs"
EMP-3477,HR,"High-level strategy planning"
EMP-0770,IT,"Resolving employee conflict"
EMP-3406,Customer Support,"Scheduling calendar invites"
EMP-2586,Sales,"Scheduling calendar invites"
EMP-2346,Customer Support,"Copy-pasting emails into CRM"
EMP-0433,Customer Support,"Scheduling calendar invites"
EMP-2143,HR,"Resolving employee conflict"
EMP-2011,IT,"Negotiating a client contract"
EMP-0826,Customer Support,"Sorting spreadsheets"
EMP-2577,Customer Support,"Formatting reports"
EMP-1500,Marketing,"Sorting spreadsheets"
EMP-2954,IT,"Interviewing new candidates"
EMP-1689,HR,"Negotiating a client contract"
EMP-0804,Customer Support,"Negotiating a client contract"
EMP-2079,Customer Support,"Formatting reports"
EMP-1759,Customer Support,"Data entry from invoices"
EMP-2858,IT,"Data entry from invoices"
EMP-0978,Sales,"Copy-pasting emails into CRM"
EMP-2128,IT,"High-level strategy planning"
EMP-3361,Marketing,"Sorting spreadsheets"
EMP-0584,HR,"Interviewing new candidates"
EMP-0956,Marketing,"Sorting spreadsheets"
EMP-0915,HR,"Copy-pasting emails into CRM"
EMP-0552,IT,"High-level strategy planning"
EMP-0127,Sales,"Interviewing new candidates"
EMP-1520,Marketing,"Copy-pasting emails into CRM"
EMP-1786,Customer Support,"Copy-pasting emails into CRM"
EMP-2231,Sales,"Extracting numbers from PDFs"
EMP-3063,HR,"Designing a new brand logo"
EMP-0173,Marketing,"Data entry from invoices"
EMP-1630,HR,"Leading a brainstorming session"
EMP-2169,HR,"High-level strategy planning"
EMP-3120,IT,"Leading a brainstorming session"
EMP-1678,Marketing,"Formatting reports"
EMP-1950,Marketing,"Scheduling calendar invites"
EMP-0833,Customer Support,"Extracting numbers from PDFs"
EMP-0203,Marketing,"Interviewing new candidates"
EMP-2207,IT,"Negotiating a client contract"
EMP-2912,Marketing,"Sorting spreadsheets"
EMP-0837,Customer Support,"Copy-pasting emails into CRM"
EMP-0539,Customer Support,"Data entry from invoices"
EMP-1951,HR,"Data entry from invoices"
EMP-2551,Sales,"Sorting spreadsheets"
EMP-2549,IT,"Negotiating a client contract"
EMP-3763,Marketing,"Sorting spreadsheets"
EMP-0008,Customer Support,"Interviewing new candidates"
EMP-0548,HR,"Interviewing new candidates"
EMP-0844,Sales,"Extracting numbers from PDFs"
EMP-1797,Marketing,"Scheduling calendar invites"
EMP-1045,IT,"High-level strategy planning"
EMP-3559,Sales,"Formatting reports"
EMP-0137,Marketing,"Data entry from invoices"
EMP-0797,Sales,"Extracting numbers from PDFs"
EMP-1107,Sales,"Extracting numbers from PDFs"
EMP-3553,HR,"Copy-pasting emails into CRM"
EMP-2905,IT,"Data entry from invoices"
EMP-3199,IT,"Negotiating a client contract"
EMP-0108,Marketing,"Scheduling calendar invites"
EMP-2704,IT,"Resolving employee conflict"
EMP-3720,IT,"Copy-pasting emails into CRM"
EMP-3237,IT,"Data entry from invoices"
EMP-1360,Customer Support,"Scheduling calendar invites"
EMP-3825,Sales,"Scheduling calendar invites"
EMP-0828,HR,"Copy-pasting emails into CRM"
EMP-2388,Marketing,"Data entry from invoices"
EMP-2234,IT,"Negotiating a client contract"
EMP-3408,IT,"High-level strategy planning"
EMP-2453,Sales,"Sorting spreadsheets"
EMP-2654,Sales,"Scheduling calendar invites"
EMP-0130,Customer Support,"Copy-pasting emails into CRM"
EMP-3974,Sales,"Formatting reports"
EMP-0425,Customer Support,"Sorting spreadsheets"
EMP-3065,Customer Support,"Interviewing new candidates"
EMP-2862,IT,"Data entry from invoices"
EMP-3396,IT,"Leading a brainstorming session"
EMP-0692,Sales,"Sorting spreadsheets"
EMP-3692,Customer Support,"Extracting numbers from PDFs"
EMP-1036,IT,"Leading a brainstorming session"
EMP-1311,HR,"High-level strategy planning"
EMP-1575,IT,"High-level strategy planning"
EMP-3581,IT,"Copy-pasting emails into CRM"
EMP-1686,Marketing,"Negotiating a client contract"
EMP-2710,Marketing,"Formatting reports"
EMP-1458,Customer Support,"Formatting reports"
EMP-2335,IT,"Leading a brainstorming session"
EMP-2622,IT,"Copy-pasting emails into CRM"
EMP-3403,Sales,"Copy-pasting emails into CRM"
EMP-1412,Customer Support,"Copy-pasting emails into CRM"
EMP-3790,IT,"Interviewing new candidates"
EMP-0747,IT,"Interviewing new candidates"
EMP-1152,Sales,"Interviewing new candidates"
EMP-3269,Sales,"Copy-pasting emails into CRM"
EMP-0098,HR,"Data entry from invoices"
EMP-2143,Sales,"Interviewing new candidates"
EMP-0862,Sales,"Formatting reports"
EMP-2925,Marketing,"Sorting spreadsheets"
EMP-0334,HR,"Resolving employee conflict"
EMP-3445,Sales,"Data entry from invoices"
EMP-0238,Marketing,"Data entry from invoices"
EMP-3636,Marketing,"Data entry from invoices"
EMP-1967,IT,"Data entry from invoices"
EMP-1831,HR,"Data entry from invoices"
EMP-1804,Sales,"Data entry from invoices"
EMP-2663,Marketing,"Data entry from invoices"
EMP-1282,Customer Support,"Copy-pasting emails into CRM"
EMP-2194,IT,"Copy-pasting emails into CRM"
EMP-2677,IT,"Negotiating a client contract"
EMP-2543,Customer Support,"Data entry from invoices"
EMP-3993,Marketing,"Sorting spreadsheets"
EMP-3613,Marketing,"Extracting numbers from PDFs"
EMP-1921,Sales,"Scheduling calendar invites"
EMP-1120,Customer Support,"Data entry from invoices"
EMP-1884,Customer Support,"Scheduling calendar invites"
EMP-1654,HR,"Copy-pasting emails into CRM"
EMP-1785,IT,"Resolving employee conflict"
EMP-3730,IT,"High-level strategy planning"
EMP-3603,IT,"Leading a brainstorming session"
EMP-3559,HR,"Resolving employee conflict"
EMP-3322,HR,"Data entry from invoices"
EMP-1545,Marketing,"Data entry from invoices"
EMP-2821,HR,"Interviewing new candidates"
EMP-2077,Sales,"Negotiating a client contract"
EMP-1441,Sales,"Negotiating a client contract"
EMP-1615,Customer Support,"Data entry from invoices"
EMP-0907,HR,"Leading a brainstorming session"
EMP-1701,Marketing,"Formatting reports"
EMP-2946,Sales,"Sorting spreadsheets"
EMP-3694,IT,"Negotiating a client contract"
EMP-3851,Customer Support,"Extracting numbers from PDFs"
EMP-3669,Customer Support,"Formatting reports"
EMP-0218,Marketing,"Formatting reports"
EMP-0119,Marketing,"Extracting numbers from PDFs"
EMP-2923,IT,"Designing a new brand logo"
EMP-3107,HR,"Leading a brainstorming session"
EMP-1774,Customer Support,"Sorting spreadsheets"
EMP-1851,HR,"Copy-pasting emails into CRM"
EMP-3108,HR,"Resolving employee conflict"
EMP-2366,Marketing,"Sorting spreadsheets"
EMP-1115,Marketing,"Interviewing new candidates"
EMP-0375,Customer Support,"Interviewing new candidates"
EMP-2050,Customer Support,"Interviewing new candidates"
EMP-1904,HR,"Copy-pasting emails into CRM"
EMP-2120,IT,"Interviewing new candidates"
EMP-3903,Customer Support,"Scheduling calendar invites"
EMP-2249,Sales,"Data entry from invoices"
EMP-1286,IT,"Data entry from invoices"
EMP-1039,Sales,"Formatting reports"
EMP-2403,Marketing,"Scheduling calendar invites"
EMP-1063,IT,"Data entry from invoices"
EMP-0366,IT,"Data entry from invoices"
EMP-2400,Marketing,"Sorting spreadsheets"
EMP-1412,IT,"Data entry from invoices"
EMP-1418,IT,"Negotiating a client contract"
EMP-2679,HR,"High-level strategy planning"
EMP-0264,Customer Support,"Copy-pasting emails into CRM"
EMP-3943,Customer Support,"Formatting reports"
EMP-1859,HR,"High-level strategy planning"
EMP-3986,HR,"Negotiating a client contract"
EMP-3801,Customer Support,"Extracting numbers from PDFs"
EMP-1365,Sales,"Formatting reports"
EMP-3427,IT,"Designing a new brand logo"
EMP-0677,Marketing,"Formatting reports"
EMP-1483,Customer Support,"Negotiating a client contract"
EMP-3629,IT,"Leading a brainstorming session"
EMP-0800,IT,"Negotiating a client contract"
EMP-1256,Customer Support,"Scheduling calendar invites"
EMP-2061,HR,"High-level strategy planning"
EMP-3102,HR,"High-level strategy planning"
EMP-3015,Customer Support,"Formatting reports"
EMP-2346,Customer Support,"Negotiating a client contract"
EMP-2885,HR,"Data entry from invoices"
EMP-2363,Sales,"Extracting numbers from PDFs"
EMP-1897,Marketing,"Formatting reports"
EMP-1204,Sales,"Data entry from invoices"
EMP-3007,HR,"High-level strategy planning"
EMP-3021,Customer Support,"Formatting reports"
EMP-2489,Sales,"Extracting numbers from PDFs"
EMP-0781,IT,"Leading a brainstorming session"
EMP-0242,HR,"Copy-pasting emails into CRM"
EMP-2980,IT,"Resolving employee conflict"
EMP-2928,Marketing,"Formatting reports"
EMP-1001,IT,"High-level strategy planning"
EMP-0991,Customer Support,"Formatting reports"
EMP-1997,HR,"Designing a new brand logo"
EMP-3224,Sales,"Sorting spreadsheets"
EMP-3372,Marketing,"Extracting numbers from PDFs"
EMP-1799,HR,"Copy-pasting emails into CRM"
EMP-0368,IT,"High-level strategy planning"
EMP-1897,Sales,"Formatting reports"
EMP-2913,HR,"Leading a brainstorming session"
EMP-1347,IT,"Interviewing new candidates"
EMP-1370,IT,"Resolving employee conflict"
EMP-1172,Customer Support,"Interviewing new candidates"
EMP-0790,Sales,"Negotiating a client contract"
EMP-3310,IT,"Leading a brainstorming session"
EMP-0402,IT,"Data entry from invoices"
EMP-0675,Customer Support,"Formatting reports"
EMP-1642,Marketing,"Sorting spreadsheets"
EMP-3173,HR,"Data entry from invoices"
EMP-0464,Customer Support,"Formatting reports"
EMP-0021,Marketing,"Data entry from invoices"
EMP-3365,HR,"Leading a brainstorming session"
EMP-1892,IT,"High-level strategy planning"
EMP-1910,Sales,"Data entry from invoices"
EMP-2163,IT,"High-level strategy planning"
EMP-2449,Customer Support,"Data entry from invoices"
EMP-1804,Sales,"Data entry from invoices"
EMP-1460,HR,"Interviewing new candidates"
EMP-2827,Customer Support,"Scheduling calendar invites"
EMP-2774,Customer Support,"Extracting numbers from PDFs"
EMP-3012,Customer Support,"Sorting spreadsheets"
EMP-3617,Marketing,"Formatting reports"
EMP-2596,HR,"Interviewing new candidates"
EMP-3051,IT,"Interviewing new candidates"
EMP-0753,HR,"Resolving employee conflict"
EMP-0854,HR,"Copy-pasting emails into CRM"
EMP-0908,Sales,"Sorting spreadsheets"
EMP-3531,IT,"Resolving employee conflict"
EMP-3173,HR,"Leading a brainstorming session"
EMP-1228,HR,"Negotiating a client contract"
EMP-2384,Sales,"Interviewing new candidates"
EMP-0533,HR,"Data entry from invoices"
EMP-2912,IT,"High-level strategy planning"
EMP-2238,IT,"Designing a new brand logo"
EMP-0333,Sales,"Scheduling calendar invites"
EMP-3522,Sales,"Scheduling calendar invites"
EMP-1351,Marketing,"Interviewing new candidates"
EMP-1652,Sales,"Formatting reports"
EMP-0440,Customer Support,"Extracting numbers from PDFs"
EMP-0636,HR,"Copy-pasting emails into CRM"
EMP-3211,IT,"Data entry from invoices"
EMP-0747,IT,"Designing a new brand logo"
EMP-0619,IT,"Copy-pasting emails into CRM"
EMP-3030,Marketing,"Negotiating a client contract"
EMP-1330,Sales,"Formatting reports"
EMP-0055,Sales,"Negotiating a client contract"
EMP-1480,Customer Support,"Sorting spreadsheets"
EMP-2392,Marketing,"Formatting reports"
EMP-1335,Sales,"Sorting spreadsheets"
EMP-2961,Marketing,"Interviewing new candidates"
EMP-1394,Sales,"Formatting reports"
EMP-3211,IT,"Copy-pasting emails into CRM"
EMP-1371,HR,"Negotiating a client contract"
EMP-3989,IT,"Copy-pasting emails into CRM"
EMP-3899,Marketing,"Negotiating a client contract"
EMP-3520,IT,"Data entry from invoices"
EMP-0004,Sales,"Scheduling calendar invites"
EMP-2082,IT,"High-level strategy planning"
EMP-3152,IT,"Data entry from invoices"
EMP-3495,Customer Support,"Formatting reports"
EMP-2543,IT,"Designing a new brand logo"
EMP-0391,Marketing,"Copy-pasting emails into CRM"
EMP-2950,IT,"Leading a brainstorming session"
EMP-2787,Customer Support,"Data entry from invoices"
EMP-2176,Customer Support,"Interviewing new candidates"
EMP-1247,Customer Support,"Extracting numbers from PDFs"
EMP-0843,Marketing,"Extracting numbers from PDFs"
EMP-0309,Sales,"Copy-pasting emails into CRM"
EMP-0355,IT,"Data entry from invoices"
EMP-0433,Customer Support,"Interviewing new candidates"
EMP-3746,Customer Support,"Formatting reports"
EMP-1867,Sales,"Extracting numbers from PDFs"
EMP-2657,IT,"Negotiating a client contract"
EMP-3597,Marketing,"Copy-pasting emails into CRM"
EMP-1970,Sales,"Extracting numbers from PDFs"
EMP-2027,IT,"High-level strategy planning"
EMP-1146,Marketing,"Scheduling calendar invites"
EMP-1665,Marketing,"Scheduling calendar invites"
EMP-0029,Customer Support,"Interviewing new candidates"
EMP-2482,Sales,"Sorting spreadsheets"
EMP-3630,IT,"High-level strategy planning"
EMP-2650,Marketing,"Scheduling calendar invites"
EMP-2772,Marketing,"Data entry from invoices"
EMP-0333,IT,"Interviewing new candidates"
EMP-3117,Marketing,"Interviewing new candidates"
EMP-0044,Sales,"Negotiating a client contract"
EMP-2457,Sales,"Formatting reports"
EMP-1575,Sales,"Interviewing new candidates"
EMP-0594,Marketing,"Scheduling calendar invites"
EMP-2175,HR,"Interviewing new candidates"
EMP-3119,Sales,"Data entry from invoices"
EMP-1133,Customer Support,"Scheduling calendar invites"
EMP-2537,IT,"Copy-pasting emails into CRM"
EMP-2912,Customer Support,"Scheduling calendar invites"
EMP-0819,Sales,"Data entry from invoices"
EMP-0902,HR,"Designing a new brand logo"
EMP-0593,Customer Support,"Data entry from invoices"
EMP-3530,Marketing,"Negotiating a client contract"
EMP-2357,HR,"Copy-pasting emails into CRM"
EMP-2482,HR,"Leading a brainstorming session"
EMP-3179,IT,"High-level strategy planning"
EMP-2418,IT,"Copy-pasting emails into CRM"
EMP-2754,Customer Support,"Copy-pasting emails into CRM"
EMP-0581,HR,"Leading a brainstorming session"
EMP-0946,HR,"Designing a new brand logo"
EMP-2985,Sales,"Extracting numbers from PDFs"
EMP-1926,Customer Support,"Copy-pasting emails into CRM"
EMP-0544,Sales,"Sorting spreadsheets"
EMP-1660,Marketing,"Sorting spreadsheets"
EMP-0563,Marketing,"Negotiating a client contract"
EMP-0320,HR,"Interviewing new candidates"
EMP-3874,IT,"Interviewing new candidates"
EMP-3276,IT,"Negotiating a client contract"
EMP-3198,Sales,"Interviewing new candidates"
EMP-2810,Sales,"Copy-pasting emails into CRM"
EMP-2681,IT,"Designing a new brand logo"
EMP-0069,IT,"Resolving employee conflict"
EMP-2378,HR,"Negotiating a client contract"
EMP-1423,HR,"Leading a brainstorming session"
EMP-2309,Sales,"Extracting numbers from PDFs"
EMP-3488,HR,"Interviewing new candidates"
EMP-0987,Sales,"Copy-pasting emails into CRM"
EMP-3859,IT,"Negotiating a client contract"
EMP-3735,HR,"Designing a new brand logo"
EMP-0030,Marketing,"Sorting spreadsheets"
EMP-1233,Customer Support,"Formatting reports"
EMP-3987,Customer Support,"Extracting numbers from PDFs"
EMP-3857,IT,"High-level strategy planning"
EMP-0378,IT,"Data entry from invoices"
EMP-3975,Sales,"Data entry from invoices"
EMP-0555,Customer Support,"Sorting spreadsheets"
EMP-3630,Sales,"Data entry from invoices"
EMP-2299,Customer Support,"Copy-pasting emails into CRM"
EMP-3571,Marketing,"Negotiating a client contract"
EMP-2636,Sales,"Copy-pasting emails into CRM"
EMP-2132,IT,"Designing a new brand logo"
EMP-3801,HR,"Copy-pasting emails into CRM"
EMP-3496,HR,"Leading a brainstorming session"
EMP-2347,IT,"Designing a new brand logo"
EMP-1529,Sales,"Formatting reports"
EMP-1806,HR,"Data entry from invoices"
EMP-2039,Marketing,"Scheduling calendar invites"
EMP-2682,HR,"High-level strategy planning"
EMP-1827,IT,"Negotiating a client contract"
EMP-2933,Customer Support,"Data entry from invoices"
EMP-1752,Sales,"Formatting reports"
EMP-0528,Marketing,"Data entry from invoices"
EMP-0958,HR,"Resolving employee conflict"
EMP-2261,Marketing,"Copy-pasting emails into CRM"
EMP-1948,IT,"Resolving employee conflict"
EMP-0736,HR,"Designing a new brand logo"
EMP-0767,HR,"Negotiating a client contract"
EMP-2096,Marketing,"Negotiating a client contract"
EMP-2140,HR,"Leading a brainstorming session"
EMP-0296,HR,"Resolving employee conflict"
EMP-1655,Marketing,"Formatting reports"
EMP-3671,Customer Support,"Copy-pasting emails into CRM"
EMP-2686,Customer Support,"Data entry from invoices"
EMP-1195,Sales,"Negotiating a client contract"
EMP-2140,HR,"Resolving employee conflict"
EMP-2533,Marketing,"Extracting numbers from PDFs"
EMP-3004,HR,"High-level strategy planning"
EMP-3729,Marketing,"Sorting spreadsheets"
EMP-3317,IT,"Data entry from invoices"
EMP-0413,Marketing,"Negotiating a client contract"
EMP-1316,Customer Support,"Data entry from invoices"
EMP-3254,Marketing,"Formatting reports"
EMP-2663,Customer Support,"Extracting numbers from PDFs"
EMP-0904,IT,"Interviewing new candidates"
EMP-2592,Sales,"Formatting reports"
EMP-0621,IT,"Resolving employee conflict"
EMP-0644,Sales,"Data entry from invoices"
EMP-0141,HR,"Interviewing new candidates"
EMP-1258,Customer Support,"Sorting spreadsheets"
EMP-0487,HR,"Copy-pasting emails into CRM"
EMP-1727,IT,"Copy-pasting emails into CRM"
EMP-3364,IT,"Interviewing new candidates"
EMP-2945,Marketing,"Negotiating a client contract"
EMP-0086,HR,"Data entry from invoices"
EMP-2431,HR,"Resolving employee conflict"
EMP-3611,Sales,"Scheduling calendar invites"
EMP-0848,IT,"Negotiating a client contract"
EMP-2117,Sales,"Interviewing new candidates"
EMP-1106,Marketing,"Copy-pasting emails into CRM"
EMP-3524,IT,"Negotiating a client contract"
EMP-1806,Sales,"Scheduling calendar invites"
EMP-3774,HR,"Data entry from invoices"
EMP-2334,IT,"Resolving employee conflict"
EMP-0181,Marketing,"Extracting numbers from PDFs"
EMP-0706,Customer Support,"Data entry from invoices"
EMP-3794,Customer Support,"Data entry from invoices"
EMP-3473,Marketing,"Copy-pasting emails into CRM"
EMP-3073,Customer Support,"Sorting spreadsheets"
EMP-0196,HR,"Designing a new brand logo"
EMP-0107,IT,"Designing a new brand logo"
EMP-2419,HR,"Designing a new brand logo"
EMP-1043,HR,"Resolving employee conflict"
EMP-2573,Marketing,"Data entry from invoices"
EMP-0198,Sales,"Copy-pasting emails into CRM"
EMP-0586,HR,"Copy-pasting emails into CRM"
EMP-3062,Customer Support,"Interviewing new candidates"
EMP-3653,IT,"Leading a brainstorming session"
EMP-2656,IT,"Resolving employee conflict"
EMP-0568,Marketing,"Negotiating a client contract"
EMP-2383,HR,"Designing a new brand logo"
EMP-2092,Marketing,"Copy-pasting emails into CRM"
EMP-3558,IT,"Interviewing new candidates"
EMP-1852,IT,"Interviewing new candidates"
EMP-0035,HR,"Data entry from invoices"
EMP-3687,Customer Support,"Sorting spreadsheets"
EMP-0737,Marketing,"Data entry from invoices"
EMP-2036,IT,"Negotiating a client contract"
EMP-1984,Sales,"Interviewing new candidates"
EMP-1074,Sales,"Copy-pasting emails into CRM"
EMP-3332,Customer Support,"Scheduling calendar invites"
EMP-0362,Customer Support,"Formatting reports"
EMP-3618,HR,"Resolving employee conflict"
EMP-1356,Sales,"Sorting spreadsheets"
EMP-2633,IT,"Designing a new brand logo"
EMP-3499,Sales,"Formatting reports"
EMP-0588,IT,"Negotiating a client contract"
EMP-2465,Customer Support,"Formatting reports"
EMP-3572,IT,"Data entry from invoices"
EMP-1980,Customer Support,"Extracting numbers from PDFs"
EMP-1778,Marketing,"Interviewing new candidates"
EMP-2397,Marketing,"Interviewing new candidates"
EMP-1774,Sales,"Sorting spreadsheets"
EMP-3532,Customer Support,"Interviewing new candidates"
EMP-0937,Sales,"Scheduling calendar invites"
EMP-1255,Marketing,"Extracting numbers from PDFs"
EMP-2405,Customer Support,"Data entry from invoices"
EMP-1780,HR,"Negotiating a client contract"
EMP-3301,Sales,"Extracting numbers from PDFs"
EMP-0447,Marketing,"Formatting reports"
EMP-1290,HR,"Copy-pasting emails into CRM"
EMP-2884,IT,"Designing a new brand logo"
EMP-0947,Marketing,"Sorting spreadsheets"
EMP-0117,HR,"Data entry from invoices"
EMP-1032,Sales,"Negotiating a client contract"
EMP-2304,HR,"Resolving employee conflict"
EMP-0679,Customer Support,"Extracting numbers from PDFs"
EMP-1114,Sales,"Negotiating a client contract"
EMP-0863,HR,"Designing a new brand logo"
EMP-0641,IT,"Leading a brainstorming session"
EMP-2894,HR,"Negotiating a client contract"
EMP-0888,Customer Support,"Copy-pasting emails into CRM"
EMP-1052,Marketing,"Scheduling calendar invites"
EMP-2666,HR,"Resolving employee conflict"
EMP-0491,Marketing,"Data entry from invoices"
EMP-2052,HR,"Designing a new brand logo"
EMP-2372,IT,"Interviewing new candidates"
EMP-0821,Customer Support,"Formatting reports"
EMP-3238,Marketing,"Scheduling calendar invites"
EMP-1172,HR,"Data entry from invoices"
EMP-1703,IT,"Data entry from invoices"
EMP-0669,Customer Support,"Scheduling calendar invites"
EMP-2339,Customer Support,"Sorting spreadsheets"
EMP-0179,Customer Support,"Extracting numbers from PDFs"
EMP-2734,HR,"Copy-pasting emails into CRM"
EMP-1796,Marketing,"Extracting numbers from PDFs"
EMP-2488,Sales,"Sorting spreadsheets"
EMP-0230,IT,"Designing a new brand logo"
EMP-3598,Sales,"Formatting reports"
EMP-2761,Customer Support,"Negotiating a client contract"
EMP-2868,Marketing,"Copy-pasting emails into CRM"
EMP-2923,IT,"Leading a brainstorming session"
EMP-1222,Sales,"Scheduling calendar invites"
EMP-3164,IT,"Negotiating a client contract"
EMP-0228,Sales,"Copy-pasting emails into CRM"
EMP-1138,IT,"Data entry from invoices"
EMP-0600,Sales,"Formatting reports"
EMP-3376,HR,"Designing a new brand logo"
EMP-1876,Customer Support,"Data entry from invoices"
EMP-0540,Marketing,"Sorting spreadsheets"
EMP-3052,IT,"Interviewing new candidates"
EMP-3731,Customer Support,"Sorting spreadsheets"
EMP-2477,HR,"Data entry from invoices"
EMP-3453,Sales,"Scheduling calendar invites"
EMP-0098,Customer Support,"Data entry from invoices"
EMP-1524,IT,"Interviewing new candidates"
EMP-3294,HR,"Copy-pasting emails into CRM"
EMP-1292,IT,"Negotiating a client contract"
EMP-0681,Customer Support,"Extracting numbers from PDFs"
EMP-2671,Marketing,"Negotiating a client contract"
EMP-3248,Sales,"Extracting numbers from PDFs"
EMP-1836,Sales,"Formatting reports"
EMP-3334,Customer Support,"Formatting reports"
EMP-0045,Sales,"Negotiating a client contract"
EMP-0546,Sales,"Formatting reports"
EMP-3690,Sales,"Negotiating a client contract"
EMP-2817,IT,"Data entry from invoices"
EMP-0199,Sales,"Copy-pasting emails into CRM"
EMP-3492,Sales,"Extracting numbers from PDFs"
EMP-3476,Marketing,"Extracting numbers from PDFs"
EMP-3786,HR,"Designing a new brand logo"
EMP-1467,Marketing,"Interviewing new candidates"
EMP-2614,HR,"Resolving employee conflict"
EMP-3769,Customer Support,"Data entry from invoices"
EMP-1971,Marketing,"Sorting spreadsheets"
EMP-2296,IT,"Designing a new brand logo"
EMP-1541,Sales,"Data entry from invoices"
EMP-0696,Marketing,"Data entry from invoices"
EMP-1225,Sales,"Data entry from invoices"
EMP-1368,IT,"Negotiating a client contract"
EMP-0632,Customer Support,"Scheduling calendar invites"
EMP-3538,IT,"Interviewing new candidates"
EMP-3925,Marketing,"Negotiating a client contract"
EMP-2833,IT,"Resolving employee conflict"
EMP-3016,HR,"High-level strategy planning"
EMP-2798,Customer Support,"Negotiating a client contract"
EMP-0937,IT,"Copy-pasting emails into CRM"
EMP-3541,IT,"Designing a new brand logo"
EMP-1111,HR,"High-level strategy planning"
EMP-0633,Marketing,"Data entry from invoices"
EMP-1648,Marketing,"Formatting reports"
EMP-3047,HR,"Copy-pasting emails into CRM"
EMP-2970,Sales,"Interviewing new candidates"
EMP-2843,Marketing,"Copy-pasting emails into CRM"
EMP-2180,HR,"Interviewing new candidates"
EMP-0800,Sales,"Interviewing new candidates"
EMP-1339,HR,"Interviewing new candidates"
EMP-3098,Sales,"Negotiating a client contract"
EMP-0362,Customer Support,"Data entry from invoices"
EMP-0208,HR,"Data entry from invoices"
EMP-1805,IT,"Resolving employee conflict"
EMP-3679,Marketing,"Scheduling calendar invites"
EMP-2214,Marketing,"Sorting spreadsheets"
EMP-3482,Sales,"Extracting numbers from PDFs"
EMP-1870,IT,"Leading a brainstorming session"
EMP-1907,Customer Support,"Sorting spreadsheets"
EMP-3242,Marketing,"Formatting reports"
EMP-0137,Sales,"Data entry from invoices"
EMP-1120,Customer Support,"Extracting numbers from PDFs"
EMP-0669,Sales,"Negotiating a client contract"
EMP-1786,Customer Support,"Scheduling calendar invites"
EMP-1778,Customer Support,"Interviewing new candidates"
EMP-3505,Marketing,"Extracting numbers from PDFs"
EMP-3211,IT,"Negotiating a client contract"
EMP-3339,HR,"Copy-pasting emails into CRM"
EMP-2963,Customer Support,"Formatting reports"
EMP-3801,Customer Support,"Formatting reports"
EMP-1962,Sales,"Sorting spreadsheets"
EMP-0690,IT,"Interviewing new candidates"
EMP-2849,Sales,"Sorting spreadsheets"
EMP-1654,Marketing,"Negotiating a client contract"
EMP-3829,HR,"Data entry from invoices"
EMP-3156,HR,"Interviewing new candidates"
EMP-3186,HR,"Negotiating a client contract"
EMP-1663,Marketing,"Extracting numbers from PDFs"
EMP-0450,Marketing,"Sorting spreadsheets"
EMP-1248,HR,"Interviewing new candidates"
EMP-3160,IT,"Data entry from invoices"
EMP-1271,Sales,"Sorting spreadsheets"
EMP-0812,Marketing,"Extracting numbers from PDFs"
EMP-2660,HR,"Interviewing new candidates"
EMP-1924,Sales,"Extracting numbers from PDFs"
EMP-0906,IT,"Resolving employee conflict"
EMP-0228,Marketing,"Extracting numbers from PDFs"
EMP-2041,Customer Support,"Copy-pasting emails into CRM"
EMP-1504,Customer Support,"Sorting spreadsheets"
EMP-3806,Marketing,"Copy-pasting emails into CRM"
EMP-1042,IT,"Resolving employee conflict"
EMP-3766,Marketing,"Copy-pasting emails into CRM"
EMP-1495,IT,"Resolving employee conflict"
EMP-2449,HR,"Copy-pasting emails into CRM"
EMP-0499,IT,"Negotiating a client contract"
EMP-2356,Customer Support,"Data entry from invoices"
EMP-2393,Sales,"Formatting reports"
EMP-0687,HR,"Negotiating a client contract"
EMP-3738,IT,"Interviewing new candidates"
EMP-2023,Sales,"Negotiating a client contract"
EMP-1969,Customer Support,"Sorting spreadsheets"
EMP-1336,Sales,"Copy-pasting emails into CRM"
EMP-0189,Customer Support,"Interviewing new candidates"
EMP-0103,IT,"Leading a brainstorming session"
EMP-3610,Customer Support,"Data entry from invoices"
EMP-2218,Customer Support,"Negotiating a client contract"
EMP-1278,Sales,"Sorting spreadsheets"
EMP-1882,HR,"Negotiating a client contract"
EMP-2115,HR,"Interviewing new candidates"
EMP-0899,HR,"Resolving employee conflict"
EMP-0615,Marketing,"Data entry from invoices"
EMP-2200,HR,"High-level strategy planning"
EMP-1393,IT,"Negotiating a client contract"
EMP-2796,Marketing,"Copy-pasting emails into CRM"
EMP-3657,Customer Support,"Extracting numbers from PDFs"
EMP-1350,Sales,"Copy-pasting emails into CRM"
EMP-3718,Customer Support,"Formatting reports"
EMP-0865,Customer Support,"Sorting spreadsheets"
EMP-3291,Customer Support,"Scheduling calendar invites"
EMP-2613,HR,"High-level strategy planning"
EMP-3789,Customer Support,"Negotiating a client contract"
EMP-0766,Marketing,"Scheduling calendar invites"
EMP-1361,HR,"High-level strategy planning"
EMP-1552,Marketing,"Scheduling calendar invites"
EMP-0507,IT,"Interviewing new candidates"
EMP-3210,Marketing,"Data entry from invoices"
EMP-0826,Marketing,"Copy-pasting emails into CRM"
EMP-2572,HR,"Data entry from invoices"
EMP-3575,Marketing,"Copy-pasting emails into CRM"
EMP-2466,IT,"Designing a new brand logo"
EMP-0360,Customer Support,"Data entry from invoices"
EMP-0390,Customer Support,"Data entry from invoices"
EMP-3058,Sales,"Copy-pasting emails into CRM"
EMP-3117,Sales,"Formatting reports"
EMP-2065,Sales,"Scheduling calendar invites"
EMP-0315,Customer Support,"Scheduling calendar invites"
EMP-2436,IT,"Leading a brainstorming session"
EMP-2944,HR,"Leading a brainstorming session"
EMP-3829,Marketing,"Formatting reports"
EMP-2017,HR,"Resolving employee conflict"
EMP-0295,Customer Support,"Scheduling calendar invites"
EMP-2492,IT,"Copy-pasting emails into CRM"
EMP-1234,HR,"Data entry from invoices"
EMP-2732,IT,"Data entry from invoices"
EMP-3874,Marketing,"Copy-pasting emails into CRM"
EMP-2399,IT,"Interviewing new candidates"
EMP-0844,Customer Support,"Data entry from invoices"
EMP-2625,HR,"Resolving employee conflict"
EMP-2004,Marketing,"Interviewing new candidates"
EMP-2083,Sales,"Formatting reports"
EMP-2248,Marketing,"Formatting reports"
EMP-0260,Marketing,"Copy-pasting emails into CRM"
EMP-3162,HR,"Copy-pasting emails into CRM"
EMP-2537,Customer Support,"Copy-pasting emails into CRM"
EMP-2962,Marketing,"Negotiating a client contract"
EMP-2412,HR,"Data entry from invoices"
EMP-0858,Customer Support,"Formatting reports"
EMP-0163,Customer Support,"Sorting spreadsheets"
EMP-3140,Marketing,"Formatting reports"
EMP-0663,Sales,"Scheduling calendar invites"
EMP-0830,Customer Support,"Negotiating a client contract"
EMP-1619,Customer Support,"Negotiating a client contract"
EMP-3806,HR,"Copy-pasting emails into CRM"
EMP-3056,Customer Support,"Data entry from invoices"
EMP-3492,Customer Support,"Scheduling calendar invites"
EMP-2373,Marketing,"Copy-pasting emails into CRM"
EMP-1870,Sales,"Copy-pasting emails into CRM"
EMP-1215,IT,"Resolving employee conflict"
EMP-1025,HR,"Negotiating a client contract"
EMP-1201,Customer Support,"Negotiating a client contract"
EMP-3732,HR,"Resolving employee conflict"
EMP-1438,HR,"Copy-pasting emails into CRM"
EMP-0121,Sales,"Copy-pasting emails into CRM"
EMP-3219,Marketing,"Copy-pasting emails into CRM"
EMP-3332,Customer Support,"Data entry from invoices"
EMP-3511,Sales,"Interviewing new candidates"
EMP-3683,Marketing,"Sorting spreadsheets"
EMP-2326,Sales,"Sorting spreadsheets"
EMP-3984,Marketing,"Formatting reports"
EMP-2793,Marketing,"Interviewing new candidates"
EMP-0985,Customer Support,"Negotiating a client contract"
EMP-3592,Sales,"Negotiating a client contract"
EMP-1938,IT,"Resolving employee conflict"
EMP-2738,Marketing,"Sorting spreadsheets"
EMP-2635,Sales,"Negotiating a client contract"
EMP-1821,HR,"Data entry from invoices"
EMP-2644,IT,"Leading a brainstorming session"
EMP-2945,IT,"Negotiating a client contract"
EMP-2389,Marketing,"Extracting numbers from PDFs"
EMP-1753,Sales,"Negotiating a client contract"
EMP-2049,Sales,"Interviewing new candidates"
EMP-3290,HR,"Interviewing new candidates"
EMP-3396,Customer Support,"Negotiating a client contract"
EMP-1881,Marketing,"Data entry from invoices"
EMP-1280,HR,"Copy-pasting emails into CRM"
EMP-3990,Customer Support,"Interviewing new candidates"
EMP-0952,HR,"Copy-pasting emails into CRM"
EMP-1674,Sales,"Extracting numbers from PDFs"
EMP-3204,Marketing,"Formatting reports"
EMP-1156,Customer Support,"Scheduling calendar invites"
EMP-0038,Sales,"Scheduling calendar invites"
EMP-3412,Marketing,"Scheduling calendar invites"
EMP-1763,Sales,"Extracting numbers from PDFs"
EMP-1234,IT,"Negotiating a client contract"
EMP-0142,IT,"Negotiating a client contract"
EMP-0784,Sales,"Sorting spreadsheets"
EMP-0721,HR,"Negotiating a client contract"
EMP-2291,Sales,"Formatting reports"
EMP-1301,Sales,"Scheduling calendar invites"
EMP-1372,Marketing,"Negotiating a client contract"
EMP-1168,Sales,"Scheduling calendar invites"
EMP-3055,Marketing,"Scheduling calendar invites"
EMP-1432,IT,"Designing a new brand logo"
EMP-0952,Marketing,"Formatting reports"
EMP-3098,Marketing,"Extracting numbers from PDFs"
EMP-0476,HR,"Designing a new brand logo"
EMP-2056,Marketing,"Data entry from invoices"
EMP-2783,Marketing,"Data entry from invoices"
EMP-3495,Sales,"Interviewing new candidates"
EMP-2251,Sales,"Scheduling calendar invites"
EMP-3659,Marketing,"Extracting numbers from PDFs"
EMP-3930,HR,"Resolving employee conflict"
EMP-1820,Customer Support,"Negotiating a client contract"
EMP-0940,Sales,"Formatting reports"
EMP-2180,Marketing,"Sorting spreadsheets"
EMP-0036,Sales,"Extracting numbers from PDFs"
EMP-0593,HR,"Negotiating a client contract"
EMP-3422,HR,"Copy-pasting emails into CRM"
EMP-2468,HR,"High-level strategy planning"
EMP-2686,IT,"Leading a brainstorming session"
EMP-3343,IT,"High-level strategy planning"
EMP-0248,Marketing,"Formatting reports"
EMP-0267,Customer Support,"Negotiating a client contract"
EMP-0244,Marketing,"Formatting reports"
EMP-3510,HR,"Negotiating a client contract"
EMP-3940,IT,"Leading a brainstorming session"
EMP-2179,IT,"Copy-pasting emails into CRM"
EMP-2379,IT,"Interviewing new candidates"
EMP-3404,Sales,"Negotiating a client contract"
EMP-0558,IT,"Copy-pasting emails into CRM"
EMP-2413,Sales,"Data entry from invoices"
EMP-1580,Sales,"Data entry from invoices"
EMP-2834,Sales,"Scheduling calendar invites"
EMP-1044,Sales,"Sorting spreadsheets"
EMP-2227,HR,"Copy-pasting emails into CRM"
EMP-2444,HR,"Interviewing new candidates"
EMP-2559,Customer Support,"Formatting reports"
EMP-0913,Sales,"Copy-pasting emails into CRM"
EMP-1554,Sales,"Formatting reports"
EMP-1533,Customer Support,"Negotiating a client contract"
EMP-2036,Sales,"Extracting numbers from PDFs"
EMP-3286,IT,"Leading a brainstorming session"
EMP-1840,IT,"Negotiating a client contract"
EMP-2183,HR,"Copy-pasting emails into CRM"
EMP-0280,HR,"High-level strategy planning"
EMP-1917,Sales,"Formatting reports"
EMP-0075,HR,"Resolving employee conflict"
EMP-1934,HR,"Data entry from invoices"
EMP-2936,Customer Support,"Extracting numbers from PDFs"
EMP-2014,HR,"Data entry from invoices"
EMP-1561,IT,"Resolving employee conflict"
EMP-1610,HR,"Copy-pasting emails into CRM"
EMP-2341,IT,"Designing a new brand logo"
EMP-2047,Marketing,"Scheduling calendar invites"
EMP-1987,HR,"High-level strategy planning"
EMP-1289,HR,"Leading a brainstorming session"
EMP-0484,Customer Support,"Sorting spreadsheets"
EMP-0270,HR,"Resolving employee conflict"
EMP-2948,HR,"Data entry from invoices"
EMP-1861,Marketing,"Formatting reports"
EMP-0630,Sales,"Scheduling calendar invites"
EMP-0482,Marketing,"Data entry from invoices"
EMP-2500,Customer Support,"Extracting numbers from PDFs"
EMP-1575,Marketing,"Data entry from invoices"
EMP-2094,Customer Support,"Negotiating a client contract"
EMP-1718,Sales,"Sorting spreadsheets"
EMP-3476,HR,"Negotiating a client contract"
EMP-1580,Customer Support,"Formatting reports"
EMP-2603,Marketing,"Copy-pasting emails into CRM"
EMP-0244,Sales,"Scheduling calendar invites"
EMP-0667,Sales,"Interviewing new candidates"
EMP-1880,Customer Support,"Interviewing new candidates"
EMP-2215,Sales,"Sorting spreadsheets"
EMP-2252,IT,"Data entry from invoices"
EMP-2975,Sales,"Formatting reports"
EMP-3825,Customer Support,"Data entry from invoices"
EMP-1989,Marketing,"Negotiating a client contract"
EMP-2204,Sales,"Scheduling calendar invites"
EMP-1572,HR,"Leading a brainstorming session"
EMP-1861,IT,"Data entry from invoices"
EMP-1894,Sales,"Negotiating a client contract"
EMP-0768,HR,"Interviewing new candidates"
EMP-2579,Marketing,"Sorting spreadsheets"
EMP-0608,Customer Support,"Negotiating a client contract"
EMP-2418,Customer Support,"Copy-pasting emails into CRM"
EMP-1957,IT,"Data entry from invoices"
EMP-1488,IT,"Negotiating a client contract"
EMP-3685,IT,"Designing a new brand logo"
EMP-1457,Marketing,"Negotiating a client contract"
EMP-1181,Marketing,"Interviewing new candidates"
EMP-2518,Sales,"Sorting spreadsheets"
EMP-3084,IT,"Copy-pasting emails into CRM"
EMP-3682,IT,"Leading a brainstorming session"
EMP-2595,Customer Support,"Scheduling calendar invites"
EMP-1521,Customer Support,"Copy-pasting emails into CRM"
EMP-1257,Sales,"Formatting reports"
EMP-1991,IT,"High-level strategy planning"
EMP-2126,HR,"High-level strategy planning"
EMP-3633,Customer Support,"Formatting reports"
EMP-1423,Sales,"Scheduling calendar invites"
EMP-3285,IT,"Designing a new brand logo"
EMP-0462,Customer Support,"Data entry from invoices"
EMP-1346,Sales,"Scheduling calendar invites"
EMP-3349,IT,"Resolving employee conflict"
EMP-2306,Marketing,"Negotiating a client contract"
EMP-1618,HR,"Negotiating a client contract"
EMP-3091,Marketing,"Formatting reports"
EMP-1605,IT,"Interviewing new candidates"
EMP-0383,HR,"Interviewing new candidates"
EMP-0522,Customer Support,"Sorting spreadsheets"
EMP-0594,Customer Support,"Formatting reports"
EMP-2027,Marketing,"Interviewing new candidates"
EMP-1259,HR,"High-level strategy planning"
EMP-0257,IT,"Negotiating a client contract"
EMP-1932,Marketing,"Interviewing new candidates"
EMP-3686,Marketing,"Scheduling calendar invites"
EMP-1177,Customer Support,"Sorting spreadsheets"
EMP-1389,HR,"Data entry from invoices"
EMP-1767,IT,"Interviewing new candidates"
EMP-0399,Sales,"Data entry from invoices"
EMP-1260,Marketing,"Data entry from invoices"
EMP-0577,HR,"Copy-pasting emails into CRM"
EMP-1411,Customer Support,"Data entry from invoices"
EMP-0865,HR,"Resolving employee conflict"
EMP-3114,IT,"Designing a new brand logo"
EMP-1628,Sales,"Formatting reports"
EMP-1177,HR,"Negotiating a client contract"
EMP-0478,Customer Support,"Extracting numbers from PDFs"
EMP-2062,HR,"Designing a new brand logo"
EMP-1861,HR,"Designing a new brand logo"
EMP-0268,IT,"Leading a brainstorming session"
EMP-2700,Marketing,"Data entry from invoices"
EMP-1983,Marketing,"Data entry from invoices"
EMP-2001,Marketing,"Scheduling calendar invites"
EMP-2827,Customer Support,"Negotiating a client contract"
EMP-3275,Sales,"Extracting numbers from PDFs"
EMP-3087,HR,"Data entry from invoices"
EMP-3906,Sales,"Formatting reports"
EMP-2077,IT,"Negotiating a client contract"
EMP-2229,Customer Support,"Scheduling calendar invites"
EMP-3379,Marketing,"Data entry from invoices"
EMP-3640,HR,"Data entry from invoices"
EMP-2199,IT,"Data entry from invoices"
EMP-0869,IT,"Designing a new brand logo"
EMP-0012,IT,"Copy-pasting emails into CRM"
EMP-2528,Customer Support,"Formatting reports"
EMP-3172,Sales,"Sorting spreadsheets"
EMP-3856,HR,"Copy-pasting emails into CRM"
EMP-1029,Customer Support,"Data entry from invoices"
EMP-0774,Customer Support,"Data entry from invoices"
EMP-0357,Sales,"Scheduling calendar invites"
EMP-3515,Sales,"Data entry from invoices"
EMP-2204,Sales,"Extracting numbers from PDFs"
EMP-3855,Customer Support,"Negotiating a client contract"
EMP-0909,Marketing,"Scheduling calendar invites"
EMP-1264,Sales,"Sorting spreadsheets"
EMP-2471,Customer Support,"Negotiating a client contract"
EMP-0932,Sales,"Negotiating a client contract"
EMP-1872,Customer Support,"Scheduling calendar invites"
EMP-1615,HR,"Copy-pasting emails into CRM"
EMP-1728,HR,"Resolving employee conflict"
EMP-0127,IT,"Resolving employee conflict"
EMP-3897,HR,"High-level strategy planning"
EMP-2957,Marketing,"Extracting numbers from PDFs"
EMP-3720,IT,"Data entry from invoices"
EMP-0511,Marketing,"Extracting numbers from PDFs"
EMP-0522,Customer Support,"Data entry from invoices"
EMP-1174,Marketing,"Negotiating a client contract"
EMP-0532,IT,"Resolving employee conflict"
EMP-3065,Marketing,"Extracting numbers from PDFs"
EMP-1004,Sales,"Negotiating a client contract"
EMP-1992,Customer Support,"Formatting reports"
EMP-1496,HR,"Interviewing new candidates"
EMP-0861,IT,"Interviewing new candidates"
EMP-2582,Sales,"Data entry from invoices"
EMP-0452,Marketing,"Negotiating a client contract"
EMP-0097,Marketing,"Interviewing new candidates"
EMP-1443,IT,"Data entry from invoices"
EMP-0313,Marketing,"Extracting numbers from PDFs"
EMP-0905,Sales,"Negotiating a client contract"
EMP-0321,Customer Support,"Interviewing new candidates"
EMP-2651,HR,"Copy-pasting emails into CRM"
EMP-3787,Marketing,"Data entry from invoices"
EMP-2913,IT,"Copy-pasting emails into CRM"
EMP-3739,IT,"Resolving employee conflict"
EMP-2724,IT,"Leading a brainstorming session"
EMP-1200,IT,"High-level strategy planning"
EMP-2079,Marketing,"Formatting reports"
EMP-0262,Customer Support,"Formatting reports"
EMP-1140,Sales,"Negotiating a client contract"
EMP-2892,Sales,"Interviewing new candidates"
EMP-2263,Customer Support,"Data entry from invoices"
EMP-1055,HR,"Interviewing new candidates"
EMP-0932,Sales,"Formatting reports"
EMP-3901,Customer Support,"Interviewing new candidates"
EMP-1420,HR,"High-level strategy planning"
EMP-2645,Marketing,"Scheduling calendar invites"
EMP-3382,Sales,"Negotiating a client contract"
EMP-2870,Sales,"Extracting numbers from PDFs"
EMP-3253,Marketing,"Formatting reports"
EMP-0954,Sales,"Scheduling calendar invites"
EMP-3434,HR,"Copy-pasting emails into CRM"
EMP-2683,IT,"Interviewing new candidates"
EMP-3671,HR,"Resolving employee conflict"
EMP-1802,HR,"Copy-pasting emails into CRM"
EMP-2633,Marketing,"Sorting spreadsheets"
EMP-0286,HR,"High-level strategy planning"
EMP-3161,Customer Support,"Formatting reports"
EMP-3817,Customer Support,"Copy-pasting emails into CRM"
EMP-3128,Sales,"Copy-pasting emails into CRM"
EMP-0708,Marketing,"Sorting spreadsheets"
EMP-3023,IT,"Copy-pasting emails into CRM"
EMP-3070,Customer Support,"Sorting spreadsheets"
EMP-0490,Sales,"Sorting spreadsheets"
EMP-2805,Sales,"Data entry from invoices"
EMP-1200,Customer Support,"Extracting numbers from PDFs"
EMP-1561,IT,"High-level strategy planning"
EMP-0290,Sales,"Scheduling calendar invites"
EMP-2941,HR,"Resolving employee conflict"
EMP-2715,Customer Support,"Interviewing new candidates"
EMP-3700,HR,"Data entry from invoices"
EMP-3156,HR,"Data entry from invoices"
EMP-1382,Marketing,"Negotiating a client contract"
EMP-3650,IT,"Designing a new brand logo"
EMP-1448,IT,"Copy-pasting emails into CRM"
EMP-1816,HR,"Designing a new brand logo"
EMP-3628,Sales,"Sorting spreadsheets"
EMP-0932,Marketing,"Negotiating a client contract"
EMP-2787,Marketing,"Interviewing new candidates"
EMP-3576,IT,"Resolving employee conflict"
EMP-3190,Customer Support,"Extracting numbers from PDFs"
EMP-0648,HR,"High-level strategy planning"
EMP-2396,IT,"Interviewing new candidates"
EMP-2661,Customer Support,"Extracting numbers from PDFs"
EMP-1056,Marketing,"Sorting spreadsheets"
EMP-1761,Customer Support,"Extracting numbers from PDFs"
EMP-1585,IT,"Resolving employee conflict"
EMP-1784,Marketing,"Scheduling calendar invites"
EMP-0695,Sales,"Scheduling calendar invites"
EMP-1192,Sales,"Formatting reports"
EMP-2533,Marketing,"Negotiating a client contract"
EMP-2407,Marketing,"Copy-pasting emails into CRM"
EMP-0752,IT,"Copy-pasting emails into CRM"
EMP-3751,Sales,"Negotiating a client contract"
EMP-3032,Sales,"Extracting numbers from PDFs"
EMP-0936,IT,"Negotiating a client contract"
EMP-3513,IT,"Designing a new brand logo"
EMP-2857,Sales,"Scheduling calendar invites"
EMP-3149,Marketing,"Copy-pasting emails into CRM"
EMP-1533,IT,"Data entry from invoices"
EMP-1964,Customer Support,"Extracting numbers from PDFs"
EMP-3670,IT,"Negotiating a client contract"
EMP-1721,Sales,"Data entry from invoices"
EMP-2165,Sales,"Scheduling calendar invites"
EMP-3362,Sales,"Interviewing new candidates"
EMP-0333,HR,"Resolving employee conflict"
EMP-1642,IT,"High-level strategy planning"
EMP-3479,HR,"Resolving employee conflict"
EMP-1510,Marketing,"Copy-pasting emails into CRM"
EMP-2894,Marketing,"Scheduling calendar invites"
EMP-0716,IT,"Designing a new brand logo"
EMP-2158,HR,"High-level strategy planning"
EMP-3741,HR,"Data entry from invoices"
EMP-3541,IT,"Designing a new brand logo"
EMP-2506,HR,"Negotiating a client contract"
EMP-0059,Customer Support,"Data entry from invoices"
EMP-2937,Marketing,"Scheduling calendar invites"
EMP-1746,IT,"Copy-pasting emails into CRM"
EMP-1194,HR,"Interviewing new candidates"
EMP-1847,Customer Support,"Formatting reports"
EMP-3725,Marketing,"Sorting spreadsheets"
EMP-3462,Marketing,"Copy-pasting emails into CRM"
EMP-1926,Marketing,"Data entry from invoices"
EMP-1900,HR,"Copy-pasting emails into CRM"
EMP-0360,IT,"Data entry from invoices"
EMP-3547,HR,"Data entry from invoices"
EMP-2063,Sales,"Data entry from invoices"
EMP-1437,IT,"Data entry from invoices"
EMP-1930,Sales,"Extracting numbers from PDFs"
EMP-0994,Marketing,"Formatting reports"
EMP-1261,IT,"Data entry from invoices"
EMP-2039,Marketing,"Extracting numbers from PDFs"
EMP-3856,HR,"Designing a new brand logo"
EMP-3703,Customer Support,"Formatting reports"
EMP-0511,Marketing,"Sorting spreadsheets"
EMP-3778,IT,"High-level strategy planning"
EMP-2767,IT,"Leading a brainstorming session"
EMP-1004,HR,"Interviewing new candidates"
EMP-3340,Customer Support,"Interviewing new candidates"
EMP-3918,Sales,"Extracting numbers from PDFs"
EMP-2474,IT,"Copy-pasting emails into CRM"
EMP-1497,Customer Support,"Data entry from invoices"
EMP-0802,Marketing,"Formatting reports"
EMP-0016,Marketing,"Scheduling calendar invites"
EMP-1312,Customer Support,"Copy-pasting emails into CRM"
EMP-0661,IT,"Negotiating a client contract"
EMP-1794,IT,"Data entry from invoices"
EMP-3103,Marketing,"Negotiating a client contract"
EMP-2362,Sales,"Interviewing new candidates"
EMP-0524,Sales,"Negotiating a client contract"
EMP-3385,IT,"Negotiating a client contract"
EMP-2554,IT,"Resolving employee conflict"
EMP-1473,HR,"Resolving employee conflict"
EMP-3855,IT,"Interviewing new candidates"
EMP-3045,Sales,"Data entry from invoices"
EMP-1798,IT,"Negotiating a client contract"
EMP-2684,HR,"Copy-pasting emails into CRM"
EMP-2926,Sales,"Scheduling calendar invites"
EMP-1097,IT,"Data entry from invoices"
EMP-1822,Sales,"Extracting numbers from PDFs"
EMP-0865,Sales,"Scheduling calendar invites"
EMP-0645,Customer Support,"Copy-pasting emails into CRM"
EMP-2624,HR,"Copy-pasting emails into CRM"
EMP-2358,Sales,"Formatting reports"
EMP-0121,IT,"Data entry from invoices"
EMP-3427,Marketing,"Scheduling calendar invites"
EMP-2312,Marketing,"Data entry from invoices"
EMP-2655,HR,"Designing a new brand logo"
EMP-0718,HR,"Interviewing new candidates"
EMP-2868,Marketing,"Copy-pasting emails into CRM"
EMP-2960,HR,"High-level strategy planning"
EMP-0915,Sales,"Formatting reports"
EMP-2936,IT,"Negotiating a client contract"
EMP-2633,Customer Support,"Sorting spreadsheets"
EMP-3869,IT,"Copy-pasting emails into CRM"
EMP-0755,Marketing,"Interviewing new candidates"
EMP-0409,IT,"Leading a brainstorming session"
EMP-1654,IT,"Leading a brainstorming session"
EMP-2674,IT,"Negotiating a client contract"
EMP-0884,Marketing,"Scheduling calendar invites"
EMP-1223,Sales,"Scheduling calendar invites"
EMP-0560,Customer Support,"Interviewing new candidates"
EMP-2755,Sales,"Formatting reports"
EMP-1621,Marketing,"Copy-pasting emails into CRM"
EMP-1475,Marketing,"Interviewing new candidates"
EMP-2049,Sales,"Data entry from invoices"
EMP-0766,Customer Support,"Formatting reports"
EMP-3708,Marketing,"Sorting spreadsheets"
EMP-0597,IT,"Data entry from invoices"
EMP-1171,IT,"Interviewing new candidates"
EMP-2185,Sales,"Formatting reports"
EMP-0389,Customer Support,"Negotiating a client contract"
EMP-2683,IT,"High-level strategy planning"
EMP-2635,HR,"Designing a new brand logo"
EMP-1973,Marketing,"Negotiating a client contract"
EMP-3893,Customer Support,"Data entry from invoices"
EMP-1184,Sales,"Extracting numbers from PDFs"
EMP-2310,IT,"Designing a new brand logo"
EMP-2520,HR,"Data entry from invoices"
EMP-1965,Customer Support,"Scheduling calendar invites"
EMP-1109,HR,"Interviewing new candidates"
EMP-0384,Customer Support,"Extracting numbers from PDFs"
EMP-1238,Customer Support,"Copy-pasting emails into CRM"
EMP-2411,IT,"Negotiating a client contract"
EMP-2110,Marketing,"Sorting spreadsheets"
EMP-0195,IT,"Leading a brainstorming session"
EMP-2123,Sales,"Scheduling calendar invites"
EMP-3553,Marketing,"Negotiating a client contract"
EMP-1022,Sales,"Sorting spreadsheets"
EMP-1128,IT,"Negotiating a client contract"
EMP-3189,Sales,"Data entry from invoices"
EMP-1958,Marketing,"Extracting numbers from PDFs"
EMP-2403,Marketing,"Data entry from invoices"
EMP-3970,Customer Support,"Data entry from invoices"
EMP-2526,IT,"Interviewing new candidates"
EMP-1811,Marketing,"Interviewing new candidates"
EMP-0933,IT,"Copy-pasting emails into CRM"
EMP-0983,IT,"Data entry from invoices"
EMP-2638,Sales,"Extracting numbers from PDFs"
EMP-2067,Marketing,"Interviewing new candidates"
EMP-1587,HR,"Interviewing new candidates"
EMP-2631,HR,"Negotiating a client contract"
EMP-3386,HR,"Data entry from invoices"
EMP-0964,Sales,"Extracting numbers from PDFs"
EMP-1402,Marketing,"Scheduling calendar invites"
EMP-3934,IT,"Resolving employee conflict"
EMP-3753,Marketing,"Copy-pasting emails into CRM"
EMP-1125,Customer Support,"Copy-pasting emails into CRM"
EMP-1846,Customer Support,"Interviewing new candidates"
EMP-2243,Customer Support,"Extracting numbers from PDFs"
EMP-3621,IT,"Data entry from invoices"
EMP-3583,IT,"Resolving employee conflict"
EMP-2020,IT,"Data entry from invoices"
EMP-1338,Customer Support,"Sorting spreadsheets"
EMP-3664,Sales,"Data entry from invoices"
EMP-2255,IT,"Leading a brainstorming session"
EMP-3024,IT,"Resolving employee conflict"
EMP-1980,HR,"Copy-pasting emails into CRM"
EMP-3823,Marketing,"Scheduling calendar invites"
EMP-2408,Sales,"Formatting reports"
EMP-1418,IT,"Interviewing new candidates"
EMP-3238,IT,"Interviewing new candidates"
EMP-2066,HR,"Leading a brainstorming session"
EMP-0765,Sales,"Formatting reports"
EMP-0147,IT,"Resolving employee conflict"
EMP-3410,Customer Support,"Copy-pasting emails into CRM"
EMP-1719,IT,"Data entry from invoices"
EMP-2125,HR,"Designing a new brand logo"
EMP-1666,Customer Support,"Negotiating a client contract"
EMP-0327,Sales,"Extracting numbers from PDFs"
EMP-3535,IT,"Leading a brainstorming session"
EMP-0288,Sales,"Scheduling calendar invites"
EMP-0452,Customer Support,"Formatting reports"
EMP-2570,IT,"Designing a new brand logo"
EMP-1792,Marketing,"Copy-pasting emails into CRM"
EMP-1856,Sales,"Extracting numbers from PDFs"
EMP-3472,Sales,"Extracting numbers from PDFs"
EMP-0591,HR,"Data entry from invoices"
EMP-1946,IT,"Resolving employee conflict"
EMP-2455,IT,"High-level strategy planning"
EMP-0369,HR,"Negotiating a client contract"
EMP-1561,IT,"Leading a brainstorming session"
EMP-1520,Sales,"Scheduling calendar invites"
EMP-1718,HR,"Negotiating a client contract"
EMP-2379,Marketing,"Data entry from invoices"
EMP-1970,Customer Support,"Scheduling calendar invites"
EMP-2115,Sales,"Formatting reports"
EMP-1806,IT,"Interviewing new candidates"
EMP-0803,IT,"Data entry from invoices"
EMP-3829,HR,"Resolving employee conflict"
EMP-1275,Customer Support,"Formatting reports"
EMP-1520,Marketing,"Copy-pasting emails into CRM"
EMP-0782,Marketing,"Formatting reports"
EMP-3254,Marketing,"Extracting numbers from PDFs"
EMP-2545,Customer Support,"Interviewing new candidates"
EMP-0614,Marketing,"Extracting numbers from PDFs"
EMP-3805,HR,"Interviewing new candidates"
EMP-2413,IT,"Leading a brainstorming session"
EMP-3679,HR,"High-level strategy planning"
EMP-1973,Marketing,"Extracting numbers from PDFs"
EMP-1062,IT,"Interviewing new candidates"
EMP-0748,IT,"Designing a new brand logo"
EMP-0525,IT,"Resolving employee conflict"
EMP-1248,Marketing,"Scheduling calendar invites"
EMP-3659,Marketing,"Formatting reports"
EMP-3633,HR,"Interviewing new candidates"
EMP-0651,IT,"Negotiating a client contract"
EMP-0852,HR,"Copy-pasting emails into CRM"
EMP-0777,Sales,"Extracting numbers from PDFs"
EMP-1094,Sales,"Copy-pasting emails into CRM"
EMP-2127,IT,"High-level strategy planning"
EMP-0099,HR,"Copy-pasting emails into CRM"
EMP-3381,Sales,"Formatting reports"
EMP-2616,Marketing,"Scheduling calendar invites"
EMP-3083,Customer Support,"Data entry from invoices"
EMP-1398,Customer Support,"Data entry from invoices"
EMP-0186,HR,"Resolving employee conflict"
EMP-0231,Customer Support,"Scheduling calendar invites"
EMP-1805,Customer Support,"Extracting numbers from PDFs"
EMP-0357,HR,"Copy-pasting emails into CRM"
EMP-2281,HR,"Data entry from invoices"
EMP-3352,IT,"High-level strategy planning"
EMP-0130,Customer Support,"Data entry from invoices"
EMP-3919,IT,"Interviewing new candidates"
EMP-1545,HR,"Interviewing new candidates"
EMP-0259,HR,"Negotiating a client contract"
EMP-0593,HR,"High-level strategy planning"
EMP-3378,HR,"Designing a new brand logo"
EMP-1098,Marketing,"Negotiating a client contract"
EMP-2926,IT,"Copy-pasting emails into CRM"
EMP-1106,Customer Support,"Extracting numbers from PDFs"
EMP-0770,Sales,"Extracting numbers from PDFs"
EMP-0492,Marketing,"Formatting reports"
EMP-2697,Marketing,"Data entry from invoices"
EMP-3144,HR,"High-level strategy planning"
EMP-3342,IT,"Resolving employee conflict"
EMP-1505,Customer Support,"Data entry from invoices"
EMP-1844,Sales,"Scheduling calendar invites"
EMP-2666,Customer Support,"Copy-pasting emails into CRM"
EMP-2017,Marketing,"Copy-pasting emails into CRM"
EMP-2526,Sales,"Copy-pasting emails into CRM"
EMP-1825,IT,"Negotiating a client contract"
EMP-2946,Sales,"Extracting numbers from PDFs"
EMP-1490,IT,"Data entry from invoices"
EMP-1348,Sales,"Interviewing new candidates"
EMP-3001,Customer Support,"Sorting spreadsheets"
EMP-3486,HR,"Interviewing new candidates"
EMP-3983,Sales,"Extracting numbers from PDFs"
EMP-0190,Customer Support,"Formatting reports"
EMP-3673,HR,"Interviewing new candidates"
EMP-1493,Customer Support,"Data entry from invoices"
EMP-0272,Customer Support,"Data entry from invoices"
EMP-2547,Customer Support,"Interviewing new candidates"
EMP-1410,IT,"High-level strategy planning"
EMP-0162,Marketing,"Interviewing new candidates"
EMP-1615,HR,"Interviewing new candidates"
EMP-3530,IT,"Copy-pasting emails into CRM"
EMP-0253,Sales,"Data entry from invoices"
EMP-2833,Marketing,"Negotiating a client contract"
EMP-1621,Customer Support,"Data entry from invoices"
EMP-3844,Marketing,"Sorting spreadsheets"
EMP-2935,Sales,"Sorting spreadsheets"
EMP-3383,IT,"Copy-pasting emails into CRM"
EMP-3317,Sales,"Data entry from invoices"
EMP-3562,HR,"Data entry from invoices"
EMP-2036,Sales,"Scheduling calendar invites"
EMP-2531,Sales,"Extracting numbers from PDFs"
EMP-0593,HR,"Data entry from invoices"
EMP-2050,HR,"Interviewing new candidates"
EMP-2050,Marketing,"Extracting numbers from PDFs"
EMP-2142,IT,"Copy-pasting emails into CRM"
EMP-1304,Sales,"Copy-pasting emails into CRM"
EMP-2778,Customer Support,"Interviewing new candidates"
EMP-3476,IT,"High-level strategy planning"
EMP-3679,Marketing,"Sorting spreadsheets"
EMP-2058,Sales,"Sorting spreadsheets"
EMP-1549,Sales,"Interviewing new candidates"
EMP-3031,Sales,"Formatting reports"
EMP-0657,Customer Support,"Scheduling calendar invites"
EMP-3351,Customer Support,"Extracting numbers from PDFs"
EMP-2017,IT,"Resolving employee conflict"
EMP-3736,HR,"Copy-pasting emails into CRM"
EMP-1320,HR,"Leading a brainstorming session"
EMP-2561,Sales,"Copy-pasting emails into CRM"
EMP-1862,IT,"Resolving employee conflict"
EMP-2247,HR,"Data entry from invoices"
EMP-0353,HR,"Copy-pasting emails into CRM"
EMP-2279,IT,"Copy-pasting emails into CRM"
EMP-2958,HR,"Data entry from invoices"
EMP-1447,HR,"Interviewing new candidates"
EMP-2115,HR,"Resolving employee conflict"
EMP-2152,HR,"Copy-pasting emails into CRM"
EMP-1009,IT,"Negotiating a client contract"
EMP-3131,Customer Support,"Formatting reports"
EMP-0907,IT,"Negotiating a client contract"
EMP-2425,Marketing,"Interviewing new candidates"
EMP-1773,IT,"Interviewing new candidates"
EMP-3930,Customer Support,"Copy-pasting emails into CRM"
EMP-3873,HR,"Resolving employee conflict"
EMP-0688,HR,"Resolving employee conflict"
EMP-3347,HR,"Copy-pasting emails into CRM"
EMP-2474,IT,"Designing a new brand logo"
EMP-0305,HR,"Negotiating a client contract"
EMP-0476,Marketing,"Extracting numbers from PDFs"
EMP-1892,Customer Support,"Formatting reports"
EMP-1906,Sales,"Scheduling calendar invites"
EMP-3826,IT,"Data entry from invoices"
EMP-2086,IT,"High-level strategy planning"
EMP-2929,Customer Support,"Negotiating a client contract"
EMP-2224,Customer Support,"Formatting reports"
EMP-3616,Sales,"Interviewing new candidates"
EMP-2086,Marketing,"Copy-pasting emails into CRM"
EMP-2254,Customer Support,"Formatting reports"
EMP-2908,Marketing,"Extracting numbers from PDFs"
EMP-0837,HR,"Data entry from invoices"
EMP-2451,Customer Support,"Formatting reports"
EMP-2925,IT,"Interviewing new candidates"
EMP-0576,HR,"Copy-pasting emails into CRM"
EMP-1126,Sales,"Copy-pasting emails into CRM"
EMP-3688,IT,"Negotiating a client contract"
EMP-3192,Customer Support,"Interviewing new candidates"
EMP-3052,HR,"Leading a brainstorming session"
EMP-0035,Sales,"Scheduling calendar invites"
EMP-3141,Marketing,"Scheduling calendar invites"
EMP-0280,Customer Support,"Data entry from invoices"
EMP-0061,Sales,"Interviewing new candidates"
EMP-0286,IT,"Designing a new brand logo"
EMP-2272,Marketing,"Sorting spreadsheets"
EMP-2706,IT,"Data entry from invoices"
EMP-1243,Customer Support,"Extracting numbers from PDFs"
EMP-2473,HR,"Interviewing new candidates"
EMP-1598,HR,"High-level strategy planning"
EMP-0970,Sales,"Sorting spreadsheets"
EMP-2104,Marketing,"Extracting numbers from PDFs"
EMP-1670,Marketing,"Data entry from invoices"
EMP-3045,Sales,"Negotiating a client contract"
EMP-1420,Customer Support,"Copy-pasting emails into CRM"
EMP-1333,Sales,"Negotiating a client contract"
EMP-1552,IT,"Copy-pasting emails into CRM"
EMP-2124,Marketing,"Data entry from invoices"
EMP-1137,Customer Support,"Extracting numbers from PDFs"
EMP-3208,Sales,"Formatting reports"
EMP-0172,Customer Support,"Negotiating a client contract"
EMP-0965,Sales,"Scheduling calendar invites"
EMP-2665,Customer Support,"Copy-pasting emails into CRM"
EMP-0548,HR,"Resolving employee conflict"
EMP-3926,HR,"Copy-pasting emails into CRM"
EMP-2706,Customer Support,"Negotiating a client contract"
EMP-0478,HR,"Resolving employee conflict"
EMP-0767,Sales,"Formatting reports"
EMP-0363,Customer Support,"Formatting reports"
EMP-2736,IT,"Interviewing new candidates"
EMP-1196,Customer Support,"Data entry from invoices"
EMP-0724,Marketing,"Interviewing new candidates"
EMP-3661,Marketing,"Data entry from invoices"
EMP-0651,Marketing,"Formatting reports"
EMP-1922,Sales,"Interviewing new candidates"
EMP-3235,Customer Support,"Scheduling calendar invites"
EMP-2471,HR,"Interviewing new candidates"
EMP-1616,Customer Support,"Extracting numbers from PDFs"
EMP-2431,IT,"High-level strategy planning"
EMP-2642,Marketing,"Copy-pasting emails into CRM"
EMP-3335,HR,"Copy-pasting emails into CRM"
EMP-0452,Marketing,"Scheduling calendar invites"
EMP-2342,Customer Support,"Formatting reports"
EMP-2006,Customer Support,"Formatting reports"
EMP-0761,Marketing,"Negotiating a client contract"
EMP-2487,Marketing,"Scheduling calendar invites"
EMP-2834,Customer Support,"Data entry from invoices"
EMP-3771,IT,"Data entry from invoices"
EMP-3804,Sales,"Formatting reports"
EMP-0736,Marketing,"Data entry from invoices"
EMP-2647,IT,"Negotiating a client contract"
EMP-1517,Customer Support,"Negotiating a client contract"
EMP-2814,Sales,"Extracting numbers from PDFs"
EMP-0435,Marketing,"Scheduling calendar invites"
EMP-1566,Customer Support,"Copy-pasting emails into CRM"
EMP-3105,IT,"Leading a brainstorming session"
EMP-1072,Customer Support,"Interviewing new candidates"
EMP-2545,Marketing,"Extracting numbers from PDFs"
EMP-2385,IT,"Copy-pasting emails into CRM"
EMP-0074,Sales,"Negotiating a client contract"
EMP-2104,Customer Support,"Extracting numbers from PDFs"
EMP-0639,IT,"Data entry from invoices"
EMP-3942,Marketing,"Scheduling calendar invites"
EMP-2338,IT,"Data entry from invoices"
EMP-2492,IT,"High-level strategy planning"
EMP-0910,IT,"High-level strategy planning"
EMP-3135,Customer Support,"Data entry from invoices"
EMP-3417,HR,"Resolving employee conflict"
EMP-1517,IT,"Leading a brainstorming session"
EMP-1211,IT,"High-level strategy planning"
EMP-0048,IT,"Data entry from invoices"
EMP-2134,IT,"Leading a brainstorming session"
EMP-0019,Marketing,"Scheduling calendar invites"
EMP-2179,Customer Support,"Scheduling calendar invites"
EMP-3242,HR,"Resolving employee conflict"
EMP-1926,Marketing,"Formatting reports"
EMP-1435,IT,"Interviewing new candidates"
EMP-3061,HR,"Interviewing new candidates"
EMP-3699,HR,"Copy-pasting emails into CRM"
EMP-1304,HR,"Copy-pasting emails into CRM"
EMP-1507,Customer Support,"Data entry from invoices"
EMP-3749,Sales,"Formatting reports"
EMP-3452,Customer Support,"Extracting numbers from PDFs"
EMP-2816,Sales,"Copy-pasting emails into CRM"
EMP-3714,IT,"Negotiating a client contract"
EMP-3771,IT,"Copy-pasting emails into CRM"
EMP-1747,Customer Support,"Extracting numbers from PDFs"
EMP-1258,Customer Support,"Formatting reports"
EMP-0101,Marketing,"Sorting spreadsheets"
EMP-1119,Sales,"Interviewing new candidates"
EMP-0259,HR,"High-level strategy planning"
EMP-1994,Sales,"Scheduling calendar invites"
EMP-2800,HR,"High-level strategy planning"
EMP-3053,Marketing,"Extracting numbers from PDFs"
EMP-1122,Customer Support,"Extracting numbers from PDFs"
EMP-1799,Customer Support,"Data entry from invoices"
EMP-2705,Customer Support,"Negotiating a client contract"
EMP-0464,Customer Support,"Negotiating a client contract"
EMP-3245,Sales,"Negotiating a client contract"
EMP-1403,HR,"Copy-pasting emails into CRM"
EMP-3017,HR,"Negotiating a client contract"
EMP-3205,HR,"Negotiating a client contract"
EMP-1261,IT,"Data entry from invoices"
EMP-0420,Customer Support,"Interviewing new candidates"
EMP-1137,Marketing,"Sorting spreadsheets"
EMP-3877,Customer Support,"Negotiating a client contract"
EMP-3545,Customer Support,"Copy-pasting emails into CRM"
EMP-0622,Marketing,"Data entry from invoices"
EMP-1106,HR,"Leading a brainstorming session"
EMP-0526,Sales,"Formatting reports"
EMP-2812,Customer Support,"Sorting spreadsheets"
EMP-0554,HR,"Leading a brainstorming session"
EMP-0705,Marketing,"Copy-pasting emails into CRM"
EMP-2252,Customer Support,"Sorting spreadsheets"
EMP-0703,Marketing,"Sorting spreadsheets"
EMP-3633,IT,"Interviewing new candidates"
EMP-1971,Marketing,"Sorting spreadsheets"
EMP-0170,Customer Support,"Extracting numbers from PDFs"
EMP-3233,HR,"Data entry from invoices"
EMP-1985,HR,"Data entry from invoices"
EMP-1155,IT,"Designing a new brand logo"
EMP-1070,IT,"Resolving employee conflict"
EMP-0085,Customer Support,"Interviewing new candidates"
EMP-2459,Customer Support,"Extracting numbers from PDFs"
EMP-1793,HR,"Resolving employee conflict"
EMP-3794,IT,"Leading a brainstorming session"
EMP-3354,IT,"Data entry from invoices"
EMP-2617,Customer Support,"Sorting spreadsheets"
EMP-2969,HR,"Copy-pasting emails into CRM"
EMP-2647,Customer Support,"Extracting numbers from PDFs"
EMP-3238,Marketing,"Extracting numbers from PDFs"
EMP-3183,Sales,"Interviewing new candidates"
EMP-0264,IT,"Resolving employee conflict"
EMP-0383,Sales,"Interviewing new candidates"
EMP-1651,Sales,"Extracting numbers from PDFs"
EMP-3156,IT,"Copy-pasting emails into CRM"
EMP-2392,Marketing,"Copy-pasting emails into CRM"
EMP-0525,Customer Support,"Extracting numbers from PDFs"
EMP-2779,Customer Support,"Interviewing new candidates"
EMP-2326,Sales,"Extracting numbers from PDFs"
EMP-0598,Marketing,"Extracting numbers from PDFs"
EMP-1204,Sales,"Data entry from invoices"
EMP-1565,Customer Support,"Data entry from invoices"
EMP-3796,IT,"Negotiating a client contract"
EMP-3119,Marketing,"Sorting spreadsheets"
EMP-3540,Sales,"Negotiating a client contract"
EMP-3340,Marketing,"Sorting spreadsheets"
EMP-0810,Sales,"Sorting spreadsheets"
EMP-1896,Customer Support,"Negotiating a client contract"
EMP-1013,HR,"Data entry from invoices"
EMP-1786,HR,"Interviewing new candidates"
EMP-3310,Marketing,"Extracting numbers from PDFs"
EMP-3664,IT,"Copy-pasting emails into CRM"
EMP-1367,Customer Support,"Copy-pasting emails into CRM"
EMP-0371,Sales,"Data entry from invoices"
EMP-3567,HR,"Designing a new brand logo"
EMP-3153,Sales,"Copy-pasting emails into CRM"
EMP-3719,Sales,"Scheduling calendar invites"
EMP-0700,Marketing,"Extracting numbers from PDFs"
EMP-2642,IT,"Interviewing new candidates"
EMP-0947,Customer Support,"Negotiating a client contract"
EMP-3992,HR,"Interviewing new candidates"
EMP-3321,Marketing,"Data entry from invoices"
EMP-2677,IT,"High-level strategy planning"
EMP-3037,HR,"Negotiating a client contract"
EMP-0837,HR,"Data entry from invoices"
EMP-1368,HR,"Designing a new brand logo"
EMP-3166,Sales,"Scheduling calendar invites"
EMP-2167,Customer Support,"Copy-pasting emails into CRM"
EMP-3345,Marketing,"Copy-pasting emails into CRM"
EMP-1372,Sales,"Data entry from invoices"
EMP-1568,Marketing,"Data entry from invoices"
EMP-2959,Marketing,"Extracting numbers from PDFs"
EMP-1114,HR,"Copy-pasting emails into CRM"
EMP-1713,IT,"Data entry from invoices"
EMP-0050,IT,"Negotiating a client contract"
EMP-2400,HR,"Negotiating a client contract"
EMP-1368,Sales,"Scheduling calendar invites"
EMP-1065,IT,"Data entry from invoices"
EMP-1715,Sales,"Formatting reports"
EMP-1337,HR,"Copy-pasting emails into CRM"
EMP-2464,IT,"High-level strategy planning"
EMP-1037,IT,"Designing a new brand logo"
EMP-1454,Marketing,"Copy-pasting emails into CRM"
EMP-3610,HR,"Copy-pasting emails into CRM"
EMP-0212,Customer Support,"Sorting spreadsheets"
EMP-3068,HR,"Negotiating a client contract"
EMP-0406,HR,"Negotiating a client contract"
EMP-0496,Customer Support,"Copy-pasting emails into CRM"
EMP-2538,HR,"Data entry from invoices"
EMP-0750,IT,"Resolving employee conflict"
EMP-3836,Marketing,"Copy-pasting emails into CRM"
EMP-3319,Customer Support,"Data entry from invoices"
EMP-2065,IT,"Interviewing new candidates"
EMP-1318,Sales,"Extracting numbers from PDFs"
EMP-0174,HR,"High-level strategy planning"
EMP-1527,Sales,"Interviewing new candidates"
EMP-1600,Customer Support,"Interviewing new candidates"
EMP-0406,Sales,"Scheduling calendar invites"
EMP-1652,Customer Support,"Data entry from invoices"
EMP-0934,Sales,"Sorting spreadsheets"
EMP-0046,IT,"Interviewing new candidates"
EMP-1597,Sales,"Interviewing new candidates"
EMP-0027,IT,"High-level strategy planning"
EMP-3790,Sales,"Sorting spreadsheets"
EMP-3834,Sales,"Data entry from invoices"
EMP-3942,Marketing,"Sorting spreadsheets"
EMP-1779,Customer Support,"Extracting numbers from PDFs"
EMP-3492,Customer Support,"Copy-pasting emails into CRM"
EMP-2504,Customer Support,"Interviewing new candidates"
EMP-2449,Marketing,"Data entry from invoices"
EMP-0221,IT,"Interviewing new candidates"
EMP-1406,IT,"Resolving employee conflict"
EMP-0569,Customer Support,"Copy-pasting emails into CRM"
EMP-0247,Marketing,"Scheduling calendar invites"
EMP-0441,Marketing,"Scheduling calendar invites"
EMP-0911,Customer Support,"Scheduling calendar invites"
EMP-1884,HR,"Copy-pasting emails into CRM"
EMP-3015,Marketing,"Scheduling calendar invites"
EMP-0206,HR,"Data entry from invoices"
EMP-3391,Marketing,"Negotiating a client contract"
EMP-3697,Marketing,"Scheduling calendar invites"
EMP-2067,Customer Support,"Scheduling calendar invites"
EMP-1890,Sales,"Extracting numbers from PDFs"
EMP-0169,Sales,"Data entry from invoices"
EMP-2372,Marketing,"Negotiating a client contract"
EMP-0259,Customer Support,"Formatting reports"
EMP-2450,IT,"Data entry from invoices"
EMP-2968,Sales,"Copy-pasting emails into CRM"
EMP-0093,HR,"Data entry from invoices"
EMP-2393,Sales,"Interviewing new candidates"
EMP-0600,HR,"High-level strategy planning"
EMP-3738,Customer Support,"Data entry from invoices"
EMP-2838,IT,"Copy-pasting emails into CRM"
EMP-2925,Sales,"Interviewing new candidates"
EMP-0715,HR,"Negotiating a client contract"
EMP-1544,Customer Support,"Data entry from invoices"
EMP-3606,Customer Support,"Copy-pasting emails into CRM"
EMP-2671,HR,"Interviewing new candidates"
EMP-3802,Customer Support,"Negotiating a client contract"
EMP-0894,Customer Support,"Scheduling calendar invites"
EMP-2296,HR,"High-level strategy planning"
EMP-1895,Customer Support,"Scheduling calendar invites"
EMP-3399,HR,"Leading a brainstorming session"
EMP-3025,IT,"Leading a brainstorming session"
EMP-0452,Customer Support,"Extracting numbers from PDFs"
EMP-0825,IT,"Data entry from invoices"
EMP-2652,Customer Support,"Copy-pasting emails into CRM"
EMP-1396,Marketing,"Formatting reports"
EMP-2078,Marketing,"Negotiating a client contract"
EMP-3951,Sales,"Data entry from invoices"
EMP-3732,Marketing,"Negotiating a client contract"
EMP-0372,Sales,"Formatting reports"
EMP-3756,Customer Support,"Scheduling calendar invites"
EMP-1418,IT,"Negotiating a client contract"
EMP-1756,Customer Support,"Copy-pasting emails into CRM"
EMP-0023,Marketing,"Formatting reports"
EMP-2712,Customer Support,"Negotiating a client contract"
EMP-0186,Marketing,"Extracting numbers from PDFs"
EMP-1652,IT,"Designing a new brand logo"
EMP-1696,HR,"Data entry from invoices"
EMP-2057,Marketing,"Formatting reports"
EMP-2681,Customer Support,"Scheduling calendar invites"
EMP-3252,IT,"Designing a new brand logo"
EMP-1548,Sales,"Extracting numbers from PDFs"
EMP-0269,HR,"Copy-pasting emails into CRM"
EMP-3072,Sales,"Extracting numbers from PDFs"
EMP-0071,Sales,"Negotiating a client contract"
EMP-2161,HR,"Copy-pasting emails into CRM"
EMP-0930,IT,"High-level strategy planning"
EMP-2712,Customer Support,"Formatting reports"
EMP-1283,HR,"Negotiating a client contract"
EMP-0552,IT,"Interviewing new candidates"
EMP-0839,Sales,"Data entry from invoices"
EMP-2058,IT,"Negotiating a client contract"
EMP-2264,IT,"Data entry from invoices"
EMP-1531,Customer Support,"Formatting reports"
EMP-0879,Sales,"Formatting reports"
EMP-3401,Sales,"Scheduling calendar invites"
EMP-3488,Marketing,"Extracting numbers from PDFs"
EMP-3956,HR,"Negotiating a client contract"
EMP-2898,IT,"Negotiating a client contract"
EMP-2295,HR,"Negotiating a client contract"
EMP-0427,Customer Support,"Copy-pasting emails into CRM"
EMP-2706,Marketing,"Extracting numbers from PDFs"
EMP-2674,Sales,"Sorting spreadsheets"
EMP-2289,Sales,"Data entry from invoices"
EMP-2483,Sales,"Extracting numbers from PDFs"
EMP-2499,HR,"Copy-pasting emails into CRM"
EMP-3256,IT,"Negotiating a client contract"
EMP-0702,HR,"High-level strategy planning"
EMP-3927,IT,"Negotiating a client contract"
EMP-3857,Marketing,"Copy-pasting emails into CRM"
EMP-1237,Customer Support,"Scheduling calendar invites"
EMP-3123,Marketing,"Interviewing new candidates"
EMP-3036,Customer Support,"Extracting numbers from PDFs"
EMP-3812,Sales,"Data entry from invoices"
EMP-2330,Sales,"Copy-pasting emails into CRM"
EMP-0927,IT,"Leading a brainstorming session"
EMP-2340,Sales,"Negotiating a client contract"
EMP-0046,IT,"Negotiating a client contract"
EMP-1092,Marketing,"Copy-pasting emails into CRM"
EMP-1554,Marketing,"Scheduling calendar invites"
EMP-0759,Marketing,"Scheduling calendar invites"
EMP-3692,Sales,"Scheduling calendar invites"
EMP-3947,HR,"Copy-pasting emails into CRM"
EMP-2847,HR,"High-level strategy planning"
EMP-3809,Marketing,"Sorting spreadsheets"
EMP-3347,Marketing,"Scheduling calendar invites"
EMP-3512,HR,"Data entry from invoices"
EMP-2470,Marketing,"Extracting numbers from PDFs"
EMP-0337,Sales,"Sorting spreadsheets"
EMP-3259,Marketing,"Copy-pasting emails into CRM"
EMP-0807,HR,"Copy-pasting emails into CRM"
EMP-0755,Sales,"Negotiating a client contract"
EMP-2704,Customer Support,"Formatting reports"
EMP-0624,Marketing,"Copy-pasting emails into CRM"
EMP-2758,Customer Support,"Data entry from invoices"
EMP-1554,Sales,"Extracting numbers from PDFs"
EMP-0274,Customer Support,"Copy-pasting emails into CRM"
EMP-0676,IT,"Negotiating a client contract"
EMP-1279,HR,"Resolving employee conflict"
EMP-0313,Sales,"Copy-pasting emails into CRM"
EMP-2672,Marketing,"Data entry from invoices"
EMP-1852,IT,"Data entry from invoices"
EMP-0458,IT,"Interviewing new candidates"
EMP-1642,IT,"Leading a brainstorming session"
EMP-0551,IT,"Copy-pasting emails into CRM"
EMP-2968,Sales,"Scheduling calendar invites"
EMP-0595,Sales,"Scheduling calendar invites"
EMP-3580,Sales,"Scheduling calendar invites"
EMP-0573,Sales,"Sorting spreadsheets"
EMP-2118,HR,"Interviewing new candidates"
EMP-0994,Sales,"Sorting spreadsheets"
EMP-1249,IT,"Leading a brainstorming session"
EMP-0615,HR,"Leading a brainstorming session"
EMP-1710,HR,"Interviewing new candidates"
EMP-2524,Sales,"Data entry from invoices"
EMP-1079,Marketing,"Interviewing new candidates"
EMP-0352,Sales,"Sorting spreadsheets"
EMP-2407,Sales,"Formatting reports"
EMP-2402,Marketing,"Interviewing new candidates"
EMP-0669,Sales,"Formatting reports"
EMP-3040,Customer Support,"Formatting reports"
EMP-0505,IT,"Resolving employee conflict"
EMP-0258,Sales,"Scheduling calendar invites"
EMP-3980,IT,"Leading a brainstorming session"
EMP-0862,IT,"High-level strategy planning"
EMP-0597,HR,"Data entry from invoices"
EMP-1427,IT,"Resolving employee conflict"
EMP-1382,IT,"Leading a brainstorming session"
EMP-0740,IT,"Negotiating a client contract"
EMP-3511,Marketing,"Interviewing new candidates"
EMP-1046,Customer Support,"Copy-pasting emails into CRM"
EMP-0497,HR,"Leading a brainstorming session"
EMP-3831,HR,"Resolving employee conflict"
EMP-2781,Marketing,"Sorting spreadsheets"
EMP-2584,Sales,"Data entry from invoices"
EMP-2462,Sales,"Extracting numbers from PDFs"
EMP-1888,Marketing,"Data entry from invoices"
EMP-0977,HR,"Data entry from invoices"
EMP-1475,HR,"Negotiating a client contract"
EMP-2792,Customer Support,"Data entry from invoices"
EMP-0509,Marketing,"Scheduling calendar invites"
EMP-1788,Marketing,"Formatting reports"
EMP-0714,Customer Support,"Data entry from invoices"
EMP-2760,HR,"Copy-pasting emails into CRM"
EMP-2738,Sales,"Extracting numbers from PDFs"
EMP-0571,Sales,"Copy-pasting emails into CRM"
EMP-3188,Marketing,"Sorting spreadsheets"
EMP-2091,Sales,"Data entry from invoices"
EMP-0637,Sales,"Formatting reports"
EMP-2504,Sales,"Sorting spreadsheets"
EMP-0672,IT,"Interviewing new candidates"
EMP-2723,Sales,"Scheduling calendar invites"
EMP-1793,IT,"Copy-pasting emails into CRM"
EMP-2764,IT,"Resolving employee conflict"
EMP-1622,IT,"Interviewing new candidates"
EMP-2443,Marketing,"Copy-pasting emails into CRM"
EMP-3024,IT,"Interviewing new candidates"
EMP-3477,HR,"Copy-pasting emails into CRM"
EMP-3326,Sales,"Formatting reports"
EMP-1465,IT,"Copy-pasting emails into CRM"
EMP-3614,Customer Support,"Interviewing new candidates"
EMP-2305,IT,"Data entry from invoices"
EMP-2274,Marketing,"Extracting numbers from PDFs"
EMP-1913,Sales,"Extracting numbers from PDFs"
EMP-2296,HR,"High-level strategy planning"
EMP-3733,IT,"Designing a new brand logo"
EMP-2246,IT,"Designing a new brand logo"
EMP-1195,HR,"Interviewing new candidates"
EMP-1250,IT,"Negotiating a client contract"
EMP-0527,Customer Support,"Formatting reports"
EMP-2384,Marketing,"Extracting numbers from PDFs"
EMP-0774,IT,"Designing a new brand logo"
EMP-2265,HR,"Leading a brainstorming session"
EMP-1752,Customer Support,"Extracting numbers from PDFs"
EMP-1216,Customer Support,"Formatting reports"
EMP-0738,IT,"Designing a new brand logo"
EMP-0690,HR,"Resolving employee conflict"
EMP-1575,Marketing,"Data entry from invoices"
EMP-2998,Sales,"Formatting reports"
EMP-1802,Customer Support,"Data entry from invoices"
EMP-2286,Sales,"Extracting numbers from PDFs"
EMP-1647,Customer Support,"Copy-pasting emails into CRM"
EMP-3460,IT,"High-level strategy planning"
EMP-2367,Marketing,"Extracting numbers from PDFs"
EMP-2680,IT,"Interviewing new candidates"
EMP-2813,Marketing,"Copy-pasting emails into CRM"
EMP-1072,IT,"Data entry from invoices"
EMP-2948,Marketing,"Data entry from invoices"
EMP-3540,Sales,"Interviewing new candidates"
EMP-1621,Marketing,"Interviewing new candidates"
EMP-0458,Customer Support,"Copy-pasting emails into CRM"
EMP-3078,Sales,"Sorting spreadsheets"
EMP-3037,HR,"Leading a brainstorming session"
EMP-3485,Marketing,"Sorting spreadsheets"
EMP-1028,Marketing,"Sorting spreadsheets"
EMP-2340,IT,"Leading a brainstorming session"
EMP-0668,Customer Support,"Copy-pasting emails into CRM"
EMP-2157,Customer Support,"Negotiating a client contract"
EMP-2665,Marketing,"Formatting reports"
EMP-2275,IT,"Data entry from invoices"
EMP-1878,Marketing,"Data entry from invoices"
EMP-0427,Sales,"Data entry from invoices"
EMP-1486,IT,"Data entry from invoices"
EMP-1478,Sales,"Copy-pasting emails into CRM"
EMP-1015,Marketing,"Formatting reports"
EMP-0870,IT,"Resolving employee conflict"
EMP-2167,Marketing,"Data entry from invoices"
EMP-1864,HR,"Copy-pasting emails into CRM"
EMP-2644,HR,"Negotiating a client contract"
EMP-3952,Marketing,"Extracting numbers from PDFs"
EMP-3859,Marketing,"Sorting spreadsheets"
EMP-0555,IT,"Copy-pasting emails into CRM"
EMP-2404,HR,"Copy-pasting emails into CRM"
EMP-0564,HR,"Resolving employee conflict"
EMP-3507,Marketing,"Scheduling calendar invites"
EMP-0090,Marketing,"Copy-pasting emails into CRM"
EMP-2255,IT,"High-level strategy planning"
EMP-1077,Marketing,"Formatting reports"
EMP-2254,IT,"Data entry from invoices"
EMP-0991,Customer Support,"Extracting numbers from PDFs"
EMP-2899,IT,"Data entry from invoices"
EMP-2082,IT,"Negotiating a client contract"
EMP-3113,IT,"Negotiating a client contract"
EMP-0175,Customer Support,"Formatting reports"
EMP-1641,Marketing,"Negotiating a client contract"
EMP-2112,Customer Support,"Copy-pasting emails into CRM"
EMP-3809,IT,"Data entry from invoices"
EMP-2189,Sales,"Scheduling calendar invites"
EMP-1690,Customer Support,"Data entry from invoices"
EMP-1748,Sales,"Formatting reports"
EMP-1087,IT,"Copy-pasting emails into CRM"
EMP-0188,Sales,"Scheduling calendar invites"
EMP-0419,Marketing,"Data entry from invoices"
EMP-0608,HR,"Negotiating a client contract"
EMP-3423,Sales,"Scheduling calendar invites"
EMP-1271,Customer Support,"Interviewing new candidates"
EMP-2636,Customer Support,"Data entry from invoices"
EMP-2071,Sales,"Sorting spreadsheets"
EMP-3575,Marketing,"Sorting spreadsheets"
EMP-2126,Customer Support,"Sorting spreadsheets"
EMP-0938,Customer Support,"Negotiating a client contract"
EMP-3011,Marketing,"Scheduling calendar invites"
EMP-3862,HR,"Interviewing new candidates"
EMP-3754,HR,"Interviewing new candidates"
EMP-3569,HR,"High-level strategy planning"
EMP-3480,Customer Support,"Data entry from invoices"
EMP-0740,HR,"High-level strategy planning"
EMP-2428,Customer Support,"Scheduling calendar invites"
EMP-2744,Marketing,"Interviewing new candidates"
EMP-3522,HR,"Leading a brainstorming session"
EMP-3280,IT,"Copy-pasting emails into CRM"
EMP-2078,IT,"Leading a brainstorming session"
EMP-1430,Customer Support,"Extracting numbers from PDFs"
EMP-2639,Sales,"Formatting reports"
EMP-2504,Customer Support,"Extracting numbers from PDFs"
EMP-2985,HR,"Data entry from invoices"
EMP-1977,IT,"Designing a new brand logo"
EMP-2863,Sales,"Sorting spreadsheets"
EMP-1411,Customer Support,"Interviewing new candidates"
EMP-1927,Marketing,"Interviewing new candidates"
EMP-2008,Sales,"Negotiating a client contract"
EMP-2670,IT,"Negotiating a client contract"
EMP-3902,Marketing,"Interviewing new candidates"
EMP-1623,Sales,"Extracting numbers from PDFs"
EMP-0964,Marketing,"Formatting reports"
EMP-2167,Sales,"Interviewing new candidates"
EMP-2834,IT,"Data entry from invoices"
EMP-3605,Customer Support,"Negotiating a client contract"
EMP-3625,Customer Support,"Extracting numbers from PDFs"
EMP-2665,Marketing,"Formatting reports"
EMP-1045,Sales,"Copy-pasting emails into CRM"
EMP-0107,Marketing,"Sorting spreadsheets"
EMP-0931,Customer Support,"Interviewing new candidates"
EMP-3802,Marketing,"Sorting spreadsheets"
EMP-3482,Customer Support,"Extracting numbers from PDFs"
EMP-2209,Customer Support,"Copy-pasting emails into CRM"
EMP-2324,Marketing,"Data entry from invoices"
EMP-3335,Customer Support,"Data entry from invoices"
EMP-2504,Marketing,"Interviewing new candidates"
EMP-2954,Marketing,"Scheduling calendar invites"
EMP-2348,IT,"High-level strategy planning"
EMP-1392,Marketing,"Extracting numbers from PDFs"
EMP-0821,Sales,"Copy-pasting emails into CRM"
EMP-2125,Marketing,"Scheduling calendar invites"
EMP-2708,Marketing,"Data entry from invoices"
EMP-0174,Sales,"Formatting reports"
EMP-2974,IT,"High-level strategy planning"
EMP-3563,Sales,"Formatting reports"
EMP-0601,Marketing,"Copy-pasting emails into CRM"
EMP-3750,IT,"Designing a new brand logo"
EMP-0887,HR,"Designing a new brand logo"
EMP-2803,Customer Support,"Sorting spreadsheets"
EMP-1173,IT,"Negotiating a client contract"
EMP-2848,Customer Support,"Sorting spreadsheets"
EMP-1145,Marketing,"Data entry from invoices"
EMP-3570,Customer Support,"Data entry from invoices"
EMP-0989,IT,"Resolving employee conflict"
EMP-0255,Sales,"Formatting reports"
EMP-1970,IT,"Data entry from invoices"
EMP-0553,Marketing,"Extracting numbers from PDFs"
EMP-1042,IT,"Data entry from invoices"
EMP-1887,Marketing,"Copy-pasting emails into CRM"
EMP-3822,Customer Support,"Copy-pasting emails into CRM"
EMP-3610,Marketing,"Negotiating a client contract"
EMP-3105,IT,"Copy-pasting emails into CRM"
EMP-1719,IT,"High-level strategy planning"
EMP-0467,Sales,"Copy-pasting emails into CRM"
EMP-2978,Customer Support,"Extracting numbers from PDFs"
EMP-1037,Sales,"Sorting spreadsheets"
EMP-3438,Marketing,"Copy-pasting emails into CRM"
EMP-0431,Marketing,"Data entry from invoices"
EMP-0097,Marketing,"Interviewing new candidates"
EMP-2204,IT,"Interviewing new candidates"
EMP-3099,Sales,"Copy-pasting emails into CRM"
EMP-2078,Sales,"Extracting numbers from PDFs"
EMP-0743,Marketing,"Formatting reports"
EMP-1567,IT,"Designing a new brand logo"
EMP-2295,HR,"Resolving employee conflict"
EMP-3409,HR,"High-level strategy planning"
EMP-3937,HR,"Negotiating a client contract"
EMP-3583,Sales,"Data entry from invoices"
EMP-0785,IT,"Interviewing new candidates"
EMP-2548,Marketing,"Sorting spreadsheets"
EMP-2564,Sales,"Extracting numbers from PDFs"
EMP-1328,Customer Support,"Sorting spreadsheets"
EMP-1322,Marketing,"Formatting reports"
EMP-2262,Sales,"Negotiating a client contract"
EMP-3740,HR,"Copy-pasting emails into CRM"
EMP-2160,Sales,"Formatting reports"
EMP-0931,IT,"High-level strategy planning"
EMP-2839,Customer Support,"Scheduling calendar invites"
EMP-3949,HR,"Resolving employee conflict"
EMP-2900,Customer Support,"Formatting reports"
EMP-0065,HR,"Resolving employee conflict"
EMP-2622,IT,"Leading a brainstorming session"
EMP-1068,HR,"Negotiating a client contract"
EMP-1277,Customer Support,"Scheduling calendar invites"
EMP-0832,Sales,"Sorting spreadsheets"
EMP-1306,Marketing,"Data entry from invoices"
EMP-3649,Customer Support,"Copy-pasting emails into CRM"
EMP-0417,Sales,"Scheduling calendar invites"
EMP-3781,HR,"Data entry from invoices"
EMP-3302,IT,"Leading a brainstorming session"
EMP-1781,Sales,"Interviewing new candidates"
EMP-2650,Customer Support,"Formatting reports"
EMP-3364,IT,"Copy-pasting emails into CRM"
EMP-0739,IT,"Data entry from invoices"
EMP-3366,HR,"Designing a new brand logo"
EMP-3854,Marketing,"Negotiating a client contract"
EMP-1810,IT,"Data entry from invoices"
EMP-1825,IT,"Interviewing new candidates"
EMP-0966,Customer Support,"Scheduling calendar invites"
EMP-0718,HR,"Leading a brainstorming session"
EMP-3413,Sales,"Data entry from invoices"
EMP-1004,HR,"Negotiating a client contract"
EMP-3125,Sales,"Scheduling calendar invites"
EMP-0307,Customer Support,"Data entry from invoices"
EMP-2955,IT,"Copy-pasting emails into CRM"
EMP-3655,Marketing,"Copy-pasting emails into CRM"
EMP-2136,IT,"Copy-pasting emails into CRM"
EMP-1708,Marketing,"Copy-pasting emails into CRM"
EMP-0744,HR,"Negotiating a client contract"
EMP-2498,HR,"Copy-pasting emails into CRM"
EMP-2631,IT,"Data entry from invoices"
EMP-2692,Customer Support,"Scheduling calendar invites"
EMP-0470,HR,"Data entry from invoices"
EMP-1465,HR,"Interviewing new candidates"
EMP-1998,IT,"Leading a brainstorming session"
EMP-2814,IT,"Designing a new brand logo"
EMP-2187,Sales,"Sorting spreadsheets"
EMP-3808,Customer Support,"Interviewing new candidates"
EMP-2472,Marketing,"Data entry from invoices"
EMP-2131,Sales,"Formatting reports"
EMP-1048,Sales,"Extracting numbers from PDFs"
EMP-0207,IT,"Data entry from invoices"
EMP-0518,Sales,"Formatting reports"
EMP-0087,Marketing,"Interviewing new candidates"
EMP-1062,IT,"Interviewing new candidates"
EMP-0197,HR,"Copy-pasting emails into CRM"
EMP-3840,HR,"Data entry from invoices"
EMP-3247,IT,"Negotiating a client contract"
EMP-2831,Sales,"Negotiating a client contract"
EMP-1872,Customer Support,"Copy-pasting emails into CRM"
EMP-1820,Customer Support,"Scheduling calendar invites"
EMP-3691,IT,"Data entry from invoices"
EMP-0261,Customer Support,"Interviewing new candidates"
EMP-0309,Marketing,"Formatting reports"
EMP-3240,IT,"Designing a new brand logo"
EMP-1134,HR,"Interviewing new candidates"
EMP-2111,Marketing,"Data entry from invoices"
EMP-2844,Sales,"Formatting reports"
EMP-2240,Sales,"Formatting reports"
EMP-0988,Customer Support,"Negotiating a client contract"
EMP-3530,Marketing,"Interviewing new candidates"
EMP-1450,Marketing,"Copy-pasting emails into CRM"
EMP-3529,Sales,"Extracting numbers from PDFs"
EMP-2132,Sales,"Sorting spreadsheets"
EMP-0189,Sales,"Formatting reports"
EMP-2760,HR,"Negotiating a client contract"
EMP-3403,Marketing,"Data entry from invoices"
EMP-2772,IT,"Interviewing new candidates"
EMP-0244,Marketing,"Sorting spreadsheets"
EMP-3217,HR,"Designing a new brand logo"
EMP-2295,IT,"Interviewing new candidates"
EMP-1230,Marketing,"Interviewing new candidates"
EMP-0875,Customer Support,"Scheduling calendar invites"
EMP-3830,Customer Support,"Data entry from invoices"
EMP-3472,HR,"Negotiating a client contract"
EMP-3164,Customer Support,"Sorting spreadsheets"
EMP-2270,Customer Support,"Interviewing new candidates"
EMP-1271,Marketing,"Negotiating a client contract"
EMP-0074,Customer Support,"Scheduling calendar invites"
EMP-1466,IT,"Designing a new brand logo"
EMP-3832,Marketing,"Data entry from invoices"
EMP-2480,Marketing,"Formatting reports"
EMP-1041,Marketing,"Scheduling calendar invites"
EMP-0693,HR,"Data entry from invoices"
EMP-2905,Marketing,"Sorting spreadsheets"
EMP-3945,IT,"High-level strategy planning"
EMP-1587,HR,"Data entry from invoices"
EMP-1994,IT,"Data entry from invoices"
EMP-3644,Marketing,"Extracting numbers from PDFs"
EMP-1379,HR,"Leading a brainstorming session"
EMP-3408,Sales,"Extracting numbers from PDFs"
EMP-1752,Sales,"Scheduling calendar invites"
EMP-3455,Sales,"Extracting numbers from PDFs"
EMP-2653,Customer Support,"Formatting reports"
EMP-0188,HR,"Designing a new brand logo"
EMP-3798,Customer Support,"Sorting spreadsheets"
EMP-1494,IT,"Copy-pasting emails into CRM"
EMP-0252,Marketing,"Scheduling calendar invites"
EMP-2746,HR,"Designing a new brand logo"
EMP-3862,Marketing,"Extracting numbers from PDFs"
EMP-1427,HR,"Designing a new brand logo"
EMP-3842,Customer Support,"Copy-pasting emails into CRM"
EMP-1285,Customer Support,"Data entry from invoices"
EMP-3703,HR,"Negotiating a client contract"
EMP-2591,HR,"Resolving employee conflict"
EMP-3015,Customer Support,"Copy-pasting emails into CRM"
EMP-0395,IT,"Leading a brainstorming session"
EMP-2331,HR,"Copy-pasting emails into CRM"
EMP-0845,Customer Support,"Sorting spreadsheets"
EMP-3671,IT,"Designing a new brand logo"
EMP-2287,HR,"Designing a new brand logo"
EMP-0566,IT,"Interviewing new candidates"
EMP-1287,HR,"Interviewing new candidates"
EMP-2679,Customer Support,"Scheduling calendar invites"
EMP-1367,Customer Support,"Extracting numbers from PDFs"
EMP-0678,IT,"Copy-pasting emails into CRM"
EMP-0808,HR,"Negotiating a client contract"
EMP-3773,Customer Support,"Sorting spreadsheets"
EMP-2748,Sales,"Copy-pasting emails into CRM"
EMP-0044,Sales,"Sorting spreadsheets"
EMP-0961,Marketing,"Formatting reports"
EMP-2815,HR,"Leading a brainstorming session"
EMP-2811,Sales,"Copy-pasting emails into CRM"
EMP-3683,Marketing,"Copy-pasting emails into CRM"
EMP-1897,Customer Support,"Sorting spreadsheets"
EMP-0719,IT,"High-level strategy planning"
EMP-3488,Customer Support,"Copy-pasting emails into CRM"
EMP-3793,Sales,"Extracting numbers from PDFs"
EMP-2957,Customer Support,"Negotiating a client contract"
EMP-3639,IT,"Data entry from invoices"
EMP-2275,Customer Support,"Interviewing new candidates"
EMP-1567,HR,"Negotiating a client contract"
EMP-1909,IT,"Designing a new brand logo"
EMP-0823,Customer Support,"Scheduling calendar invites"
EMP-0603,IT,"High-level strategy planning"
EMP-2040,IT,"Copy-pasting emails into CRM"
EMP-3578,HR,"Negotiating a client contract"
EMP-3898,Sales,"Extracting numbers from PDFs"
EMP-2593,Customer Support,"Copy-pasting emails into CRM"
EMP-2703,Sales,"Sorting spreadsheets"
EMP-0554,HR,"Resolving employee conflict"
EMP-2994,IT,"Data entry from invoices"
EMP-1008,Marketing,"Sorting spreadsheets"
EMP-1629,Customer Support,"Copy-pasting emails into CRM"
EMP-3301,Customer Support,"Sorting spreadsheets"
EMP-2076,Sales,"Scheduling calendar invites"
EMP-2597,Sales,"Copy-pasting emails into CRM"
EMP-3063,IT,"Leading a brainstorming session"
EMP-3275,Sales,"Data entry from invoices"
EMP-0615,Sales,"Scheduling calendar invites"
EMP-3168,Marketing,"Extracting numbers from PDFs"
EMP-0218,IT,"Interviewing new candidates"
EMP-2355,IT,"High-level strategy planning"
EMP-2772,Marketing,"Extracting numbers from PDFs"
EMP-3708,Sales,"Formatting reports"
EMP-3626,Customer Support,"Data entry from invoices"
EMP-2593,Marketing,"Formatting reports"
EMP-3456,HR,"Designing a new brand logo"
EMP-0553,Sales,"Data entry from invoices"
EMP-1160,IT,"Leading a brainstorming session"
EMP-3201,IT,"Leading a brainstorming session"
EMP-0330,IT,"Copy-pasting emails into CRM"
EMP-1577,IT,"Negotiating a client contract"
EMP-3233,IT,"Data entry from invoices"
EMP-3695,Customer Support,"Interviewing new candidates"
EMP-0717,Customer Support,"Interviewing new candidates"
EMP-2791,IT,"Leading a brainstorming session"
EMP-0535,Sales,"Extracting numbers from PDFs"
EMP-2879,Customer Support,"Formatting reports"
EMP-0746,HR,"Data entry from invoices"
EMP-0231,Customer Support,"Formatting reports"
EMP-0167,Customer Support,"Sorting spreadsheets"
EMP-2122,HR,"High-level strategy planning"
EMP-1644,HR,"High-level strategy planning"
EMP-0031,Marketing,"Extracting numbers from PDFs"
EMP-0265,Marketing,"Data entry from invoices"
EMP-1913,Sales,"Extracting numbers from PDFs"
EMP-3610,IT,"Data entry from invoices"
EMP-1012,HR,"Designing a new brand logo"
EMP-0461,Customer Support,"Negotiating a client contract"
EMP-3389,IT,"Designing a new brand logo"
EMP-3515,Customer Support,"Sorting spreadsheets"
EMP-3567,IT,"Interviewing new candidates"
EMP-3678,Customer Support,"Interviewing new candidates"
EMP-0445,Marketing,"Negotiating a client contract"
EMP-1357,Customer Support,"Negotiating a client contract"
EMP-0036,Marketing,"Copy-pasting emails into CRM"
EMP-2731,HR,"Resolving employee conflict"
EMP-0036,Sales,"Copy-pasting emails into CRM"
EMP-2139,IT,"Copy-pasting emails into CRM"
EMP-3910,Sales,"Scheduling calendar invites"
EMP-1686,Marketing,"Data entry from invoices"
EMP-1505,IT,"Data entry from invoices"
EMP-3439,HR,"Copy-pasting emails into CRM"
EMP-0513,Sales,"Interviewing new candidates"
EMP-1609,Customer Support,"Interviewing new candidates"
EMP-1540,HR,"Resolving employee conflict"
EMP-3233,Customer Support,"Sorting spreadsheets"
EMP-2659,HR,"Resolving employee conflict"
EMP-0787,Sales,"Sorting spreadsheets"
EMP-3865,HR,"Leading a brainstorming session"
EMP-0085,Marketing,"Copy-pasting emails into CRM"
EMP-3737,HR,"High-level strategy planning"
EMP-0463,Customer Support,"Scheduling calendar invites"
EMP-2332,Sales,"Sorting spreadsheets"
EMP-0089,Sales,"Scheduling calendar invites"
EMP-1451,HR,"Designing a new brand logo"
EMP-3860,Customer Support,"Extracting numbers from PDFs"
EMP-1627,IT,"Designing a new brand logo"
EMP-3879,Customer Support,"Data entry from invoices"
EMP-0465,Marketing,"Extracting numbers from PDFs"
EMP-2953,Customer Support,"Data entry from invoices"
EMP-2010,Sales,"Sorting spreadsheets"
EMP-0735,Marketing,"Data entry from invoices"
EMP-0192,HR,"Data entry from invoices"
EMP-3160,Customer Support,"Sorting spreadsheets"
EMP-0788,Customer Support,"Negotiating a client contract"
EMP-3573,Customer Support,"Negotiating a client contract"
EMP-0695,Customer Support,"Copy-pasting emails into CRM"
EMP-3102,IT,"Data entry from invoices"
EMP-3829,Customer Support,"Data entry from invoices"
EMP-3298,HR,"High-level strategy planning"
EMP-0532,Sales,"Extracting numbers from PDFs"
EMP-0722,HR,"Interviewing new candidates"
EMP-0414,Customer Support,"Scheduling calendar invites"
EMP-1246,Marketing,"Data entry from invoices"
EMP-2786,Customer Support,"Scheduling calendar invites"
EMP-0872,Customer Support,"Scheduling calendar invites"
EMP-1017,HR,"Data entry from invoices"
EMP-0690,HR,"Leading a brainstorming session"
EMP-2146,Sales,"Scheduling calendar invites"
EMP-0633,Customer Support,"Interviewing new candidates"
EMP-1112,Customer Support,"Sorting spreadsheets"
EMP-0872,Customer Support,"Sorting spreadsheets"
EMP-1110,IT,"Designing a new brand logo"
EMP-1545,Sales,"Formatting reports"
EMP-2524,IT,"Leading a brainstorming session"
EMP-2421,HR,"Data entry from invoices"
EMP-0998,Marketing,"Data entry from invoices"
EMP-3573,Sales,"Sorting spreadsheets"
EMP-0027,Marketing,"Negotiating a client contract"
EMP-0652,Marketing,"Negotiating a client contract"
EMP-1794,Customer Support,"Copy-pasting emails into CRM"
EMP-2292,IT,"Resolving employee conflict"
EMP-0911,Marketing,"Copy-pasting emails into CRM"
EMP-3479,Customer Support,"Copy-pasting emails into CRM"
EMP-3197,HR,"High-level strategy planning"
EMP-1254,Marketing,"Scheduling calendar invites"
EMP-0477,Customer Support,"Data entry from invoices"
EMP-0638,IT,"Interviewing new candidates"
EMP-1798,Customer Support,"Formatting reports"
EMP-3552,HR,"Copy-pasting emails into CRM"
EMP-2477,IT,"Leading a brainstorming session"
EMP-2317,Customer Support,"Formatting reports"
EMP-3024,Customer Support,"Copy-pasting emails into CRM"
EMP-2162,Customer Support,"Data entry from invoices"
EMP-3388,Sales,"Sorting spreadsheets"
EMP-1884,Marketing,"Extracting numbers from PDFs"
EMP-3226,Sales,"Data entry from invoices"
EMP-1789,IT,"Copy-pasting emails into CRM"
EMP-0232,Marketing,"Negotiating a client contract"
EMP-1422,Marketing,"Copy-pasting emails into CRM"
EMP-2662,HR,"Resolving employee conflict"
EMP-3847,Sales,"Copy-pasting emails into CRM"
EMP-0177,HR,"High-level strategy planning"
EMP-2031,IT,"Negotiating a client contract"
EMP-2537,HR,"Data entry from invoices"
EMP-2202,HR,"Interviewing new candidates"
EMP-2283,Marketing,"Scheduling calendar invites"
EMP-0115,Customer Support,"Extracting numbers from PDFs"
EMP-0829,Sales,"Data entry from invoices"
EMP-2239,Marketing,"Data entry from invoices"
EMP-0805,Sales,"Sorting spreadsheets"
EMP-2219,Customer Support,"Negotiating a client contract"
EMP-2852,IT,"Copy-pasting emails into CRM"
EMP-3342,Customer Support,"Interviewing new candidates"
EMP-0972,Sales,"Interviewing new candidates"
EMP-0100,Customer Support,"Data entry from invoices"
EMP-3481,Customer Support,"Sorting spreadsheets"
EMP-1094,HR,"Resolving employee conflict"
EMP-2098,Marketing,"Copy-pasting emails into CRM"
EMP-3975,IT,"Interviewing new candidates"
EMP-3673,Customer Support,"Formatting reports"
EMP-0438,Sales,"Data entry from invoices"
EMP-1388,HR,"Resolving employee conflict"
EMP-0611,Customer Support,"Copy-pasting emails into CRM"
EMP-3198,Customer Support,"Interviewing new candidates"
EMP-2250,HR,"Copy-pasting emails into CRM"
EMP-0419,IT,"Negotiating a client contract"
EMP-3296,Sales,"Data entry from invoices"
EMP-2504,Customer Support,"Interviewing new candidates"
EMP-1701,Marketing,"Scheduling calendar invites"
EMP-0329,Customer Support,"Copy-pasting emails into CRM"
EMP-1622,HR,"Resolving employee conflict"
EMP-2639,Sales,"Extracting numbers from PDFs"
EMP-2415,Sales,"Copy-pasting emails into CRM"
EMP-3251,Marketing,"Copy-pasting emails into CRM"
EMP-0458,Customer Support,"Scheduling calendar invites"
EMP-3421,Sales,"Negotiating a client contract"
EMP-2843,HR,"High-level strategy planning"
EMP-1110,Customer Support,"Copy-pasting emails into CRM"
EMP-3652,IT,"Interviewing new candidates"
EMP-2048,Marketing,"Sorting spreadsheets"
EMP-1952,IT,"Negotiating a client contract"
EMP-3178,IT,"Copy-pasting emails into CRM"
EMP-3938,Sales,"Scheduling calendar invites"
EMP-2022,Marketing,"Negotiating a client contract"
EMP-0313,IT,"Interviewing new candidates"
EMP-3648,IT,"Data entry from invoices"
EMP-3468,HR,"Negotiating a client contract"
EMP-1029,Customer Support,"Data entry from invoices"
EMP-3203,Sales,"Interviewing new candidates"
EMP-3346,Marketing,"Sorting spreadsheets"
EMP-0237,Marketing,"Extracting numbers from PDFs"
EMP-2689,IT,"Negotiating a client contract"
EMP-2727,Marketing,"Formatting reports"
EMP-3047,Marketing,"Interviewing new candidates"
EMP-0549,IT,"Data entry from invoices"
EMP-3076,HR,"Resolving employee conflict"
EMP-1914,Marketing,"Copy-pasting emails into CRM"
EMP-1186,IT,"Designing a new brand logo"
EMP-0200,Customer Support,"Sorting spreadsheets"
EMP-0870,IT,"Resolving employee conflict"
EMP-2035,Customer Support,"Copy-pasting emails into CRM"
EMP-0565,IT,"Interviewing new candidates"
EMP-1244,Marketing,"Extracting numbers from PDFs"
EMP-2832,Sales,"Copy-pasting emails into CRM"
EMP-2441,Customer Support,"Negotiating a client contract"
EMP-0668,Sales,"Extracting numbers from PDFs"
EMP-0641,Sales,"Formatting reports"
EMP-2011,HR,"Interviewing new candidates"
EMP-0235,Customer Support,"Extracting numbers from PDFs"
EMP-1131,Customer Support,"Extracting numbers from PDFs"
EMP-0899,Sales,"Data entry from invoices"
EMP-3404,Sales,"Formatting reports"
EMP-1228,Marketing,"Formatting reports"
EMP-1314,HR,"High-level strategy planning"
EMP-1489,Sales,"Negotiating a client contract"
EMP-1471,Marketing,"Negotiating a client contract"
EMP-3387,HR,"Copy-pasting emails into CRM"
EMP-1952,IT,"High-level strategy planning"
EMP-0267,HR,"Data entry from invoices"
EMP-1004,Marketing,"Data entry from invoices"
EMP-1364,Customer Support,"Copy-pasting emails into CRM"
EMP-0561,Customer Support,"Negotiating a client contract"
EMP-2772,IT,"Copy-pasting emails into CRM"
EMP-3527,HR,"Data entry from invoices"
EMP-3309,HR,"Interviewing new candidates"
EMP-2027,Marketing,"Data entry from invoices"
EMP-1229,Marketing,"Data entry from invoices"
EMP-2415,IT,"Resolving employee conflict"
EMP-2607,Marketing,"Scheduling calendar invites"
EMP-3656,HR,"Negotiating a client contract"
EMP-1940,Marketing,"Formatting reports"
EMP-0336,Customer Support,"Sorting spreadsheets"
EMP-0201,Sales,"Copy-pasting emails into CRM"
EMP-0813,HR,"Negotiating a client contract"
EMP-3118,Marketing,"Sorting spreadsheets"
EMP-2445,IT,"Data entry from invoices"
EMP-3804,HR,"Resolving employee conflict"
EMP-1574,Sales,"Sorting spreadsheets"
EMP-3732,HR,"High-level strategy planning"
EMP-1863,Sales,"Extracting numbers from PDFs"
EMP-0298,HR,"High-level strategy planning"
EMP-1401,Marketing,"Scheduling calendar invites"
EMP-2284,HR,"High-level strategy planning"
EMP-0490,Customer Support,"Data entry from invoices"
EMP-2338,IT,"Resolving employee conflict"
EMP-1526,Customer Support,"Extracting numbers from PDFs"
EMP-1179,IT,"Copy-pasting emails into CRM"
EMP-3680,Marketing,"Scheduling calendar invites"
EMP-1321,HR,"High-level strategy planning"
EMP-2228,IT,"Data entry from invoices"
EMP-3361,IT,"Designing a new brand logo"
EMP-0313,Marketing,"Copy-pasting emails into CRM"
EMP-0263,IT,"Copy-pasting emails into CRM"
EMP-2999,Customer Support,"Formatting reports"
EMP-1585,Customer Support,"Interviewing new candidates"
EMP-0924,IT,"Copy-pasting emails into CRM"
EMP-0067,IT,"High-level strategy planning"
EMP-0072,Marketing,"Interviewing new candidates"
EMP-3241,Customer Support,"Extracting numbers from PDFs"
EMP-2880,Marketing,"Negotiating a client contract"
EMP-3190,Customer Support,"Interviewing new candidates"
EMP-2796,Marketing,"Sorting spreadsheets"
EMP-1541,Sales,"Copy-pasting emails into CRM"
EMP-1281,Customer Support,"Data entry from invoices"
EMP-0125,Sales,"Formatting reports"
EMP-0583,Marketing,"Sorting spreadsheets"
EMP-3902,HR,"Data entry from invoices"
EMP-1793,HR,"Copy-pasting emails into CRM"
EMP-2019,IT,"Data entry from invoices"
EMP-0320,HR,"Resolving employee conflict"
EMP-3200,HR,"High-level strategy planning"
EMP-3208,HR,"Interviewing new candidates"
EMP-0857,HR,"Data entry from invoices"
EMP-0246,IT,"Designing a new brand logo"
EMP-1929,IT,"Negotiating a client contract"
EMP-2994,Marketing,"Extracting numbers from PDFs"
EMP-2848,IT,"Negotiating a client contract"
EMP-3060,HR,"Data entry from invoices"
EMP-1648,Customer Support,"Copy-pasting emails into CRM"
EMP-2907,Marketing,"Sorting spreadsheets"
EMP-2062,Customer Support,"Copy-pasting emails into CRM"
EMP-3699,Customer Support,"Sorting spreadsheets"
EMP-1545,Marketing,"Formatting reports"
EMP-1469,IT,"Data entry from invoices"
EMP-2600,Customer Support,"Interviewing new candidates"
EMP-0757,HR,"Data entry from invoices"
EMP-3273,HR,"Negotiating a client contract"
EMP-2352,IT,"Data entry from invoices"
EMP-0590,HR,"High-level strategy planning"
EMP-3915,Sales,"Interviewing new candidates"
EMP-0532,HR,"Leading a brainstorming session"
EMP-3896,Customer Support,"Data entry from invoices"
EMP-0053,IT,"Interviewing new candidates"
EMP-2259,Customer Support,"Sorting spreadsheets"
EMP-3832,IT,"Data entry from invoices"
EMP-1282,Customer Support,"Negotiating a client contract"
EMP-0915,Customer Support,"Sorting spreadsheets"
EMP-1946,Sales,"Extracting numbers from PDFs"
EMP-1599,Customer Support,"Copy-pasting emails into CRM"
EMP-3726,Marketing,"Negotiating a client contract"
EMP-0063,IT,"High-level strategy planning"
EMP-2257,HR,"Resolving employee conflict"
EMP-3571,Marketing,"Data entry from invoices"
EMP-0378,HR,"Data entry from invoices"
EMP-3659,HR,"High-level strategy planning"
EMP-0056,IT,"Negotiating a client contract"
EMP-2490,Customer Support,"Sorting spreadsheets"
EMP-0255,HR,"Designing a new brand logo"
EMP-1435,Sales,"Scheduling calendar invites"
EMP-1717,Customer Support,"Copy-pasting emails into CRM"
EMP-2882,Sales,"Copy-pasting emails into CRM"
EMP-0700,Customer Support,"Scheduling calendar invites"
EMP-1601,IT,"Copy-pasting emails into CRM"
EMP-1931,IT,"Copy-pasting emails into CRM"
EMP-2120,Customer Support,"Interviewing new candidates"
EMP-3067,Sales,"Formatting reports"
EMP-0456,HR,"Leading a brainstorming session"
EMP-1409,Customer Support,"Extracting numbers from PDFs"
EMP-1015,Marketing,"Extracting numbers from PDFs"
EMP-0637,Customer Support,"Sorting spreadsheets"
EMP-3670,Sales,"Interviewing new candidates"
EMP-1840,Sales,"Scheduling calendar invites"
EMP-0225,IT,"Copy-pasting emails into CRM"
EMP-1680,IT,"High-level strategy planning"
EMP-1940,Sales,"Scheduling calendar invites"
EMP-2520,Marketing,"Negotiating a client contract"
EMP-0461,HR,"High-level strategy planning"
EMP-0783,Sales,"Scheduling calendar invites"
EMP-1603,Sales,"Copy-pasting emails into CRM"
EMP-2818,Marketing,"Formatting reports"
EMP-2614,Sales,"Scheduling calendar invites"
EMP-0018,IT,"High-level strategy planning"
EMP-3935,HR,"Negotiating a client contract"
EMP-3056,IT,"Designing a new brand logo"
EMP-3267,Marketing,"Copy-pasting emails into CRM"
EMP-2937,HR,"Interviewing new candidates"
EMP-1151,HR,"Interviewing new candidates"
EMP-3483,Marketing,"Sorting spreadsheets"
EMP-3211,Customer Support,"Sorting spreadsheets"
EMP-1485,Sales,"Data entry from invoices"
EMP-2997,Marketing,"Copy-pasting emails into CRM"
EMP-2675,Customer Support,"Sorting spreadsheets"
EMP-4001,Marketing,"Copy-pasting emails into CRM"
EMP-2778,Sales,"Data entry from invoices"
EMP-0862,HR,"Interviewing new candidates"
EMP-0173,Marketing,"Sorting spreadsheets"
EMP-0405,IT,"Designing a new brand logo"
EMP-0552,HR,"Designing a new brand logo"
EMP-1774,HR,"Designing a new brand logo"
EMP-0914,Customer Support,"Scheduling calendar invites"
EMP-2457,Sales,"Formatting reports"
EMP-1776,Customer Support,"Copy-pasting emails into CRM"
EMP-0980,Sales,"Formatting reports"
EMP-1633,Sales,"Formatting reports"
EMP-2965,HR,"Designing a new brand logo"
EMP-2097,HR,"Resolving employee conflict"
EMP-2325,Customer Support,"Interviewing new candidates"
EMP-0527,IT,"Negotiating a client contract"
EMP-2888,Customer Support,"Sorting spreadsheets"
EMP-2421,Marketing,"Copy-pasting emails into CRM"
EMP-1395,Customer Support,"Formatting reports"
EMP-1354,Sales,"Extracting numbers from PDFs"
EMP-1156,HR,"Leading a brainstorming session"
EMP-0299,IT,"Designing a new brand logo"
EMP-1797,IT,"Negotiating a client contract"
EMP-3144,Customer Support,"Copy-pasting emails into CRM"
EMP-0141,IT,"High-level strategy planning"
EMP-3389,HR,"Designing a new brand logo"
EMP-2481,Sales,"Interviewing new candidates"
EMP-0925,Sales,"Sorting spreadsheets"
EMP-0117,Sales,"Data entry from invoices"
EMP-3161,Marketing,"Scheduling calendar invites"
EMP-1788,IT,"Copy-pasting emails into CRM"
EMP-2251,HR,"Leading a brainstorming session"
EMP-1855,Marketing,"Copy-pasting emails into CRM"
EMP-0835,Marketing,"Sorting spreadsheets"
EMP-2697,HR,"Data entry from invoices"
EMP-1543,HR,"Interviewing new candidates"
EMP-3529,Customer Support,"Scheduling calendar invites"
EMP-0969,HR,"Resolving employee conflict"
EMP-3268,IT,"Data entry from invoices"
EMP-2811,Marketing,"Scheduling calendar invites"
EMP-3679,Sales,"Scheduling calendar invites"
EMP-2766,Marketing,"Extracting numbers from PDFs"
EMP-0046,IT,"Negotiating a client contract"
EMP-2146,Marketing,"Copy-pasting emails into CRM"
EMP-3064,Marketing,"Sorting spreadsheets"
EMP-3438,IT,"Designing a new brand logo"
EMP-2496,HR,"Negotiating a client contract"
EMP-2217,HR,"Designing a new brand logo"
EMP-1256,IT,"Copy-pasting emails into CRM"
EMP-3950,HR,"Negotiating a client contract"
EMP-0969,IT,"High-level strategy planning"
EMP-0077,HR,"Copy-pasting emails into CRM"
EMP-3628,IT,"Negotiating a client contract"
EMP-3018,Sales,"Data entry from invoices"
EMP-1876,IT,"Interviewing new candidates"
EMP-0824,HR,"Negotiating a client contract"
EMP-1980,IT,"Data entry from invoices"
EMP-3882,Customer Support,"Formatting reports"
EMP-2379,IT,"Copy-pasting emails into CRM"
EMP-0537,Marketing,"Data entry from invoices"
EMP-1799,Marketing,"Sorting spreadsheets"
EMP-1422,IT,"Resolving employee conflict"
EMP-1750,HR,"Data entry from invoices"
EMP-0589,Customer Support,"Negotiating a client contract"
EMP-3954,Customer Support,"Interviewing new candidates"
EMP-0600,HR,"Designing a new brand logo"
EMP-0528,Sales,"Sorting spreadsheets"
EMP-3070,Customer Support,"Data entry from invoices"
EMP-0137,Sales,"Extracting numbers from PDFs"
EMP-0698,IT,"Interviewing new candidates"
EMP-0248,Sales,"Sorting spreadsheets"
EMP-3501,Sales,"Data entry from invoices"
EMP-2691,Customer Support,"Formatting reports"
EMP-2671,HR,"Data entry from invoices"
EMP-0372,HR,"High-level strategy planning"
EMP-3908,Customer Support,"Interviewing new candidates"
EMP-2616,Marketing,"Scheduling calendar invites"
EMP-0187,Customer Support,"Scheduling calendar invites"
EMP-2741,IT,"Interviewing new candidates"
EMP-3625,Customer Support,"Data entry from invoices"
EMP-1822,Marketing,"Copy-pasting emails into CRM"
EMP-2424,HR,"Copy-pasting emails into CRM"
EMP-2891,Sales,"Sorting spreadsheets"
EMP-0360,Marketing,"Copy-pasting emails into CRM"
EMP-3312,Sales,"Sorting spreadsheets"
EMP-2189,Sales,"Extracting numbers from PDFs"
EMP-0145,Marketing,"Scheduling calendar invites"
EMP-3029,Marketing,"Negotiating a client contract"
EMP-3454,IT,"Interviewing new candidates"
EMP-3187,HR,"High-level strategy planning"
EMP-1404,Customer Support,"Copy-pasting emails into CRM"
EMP-1097,IT,"High-level strategy planning"
EMP-2490,Sales,"Formatting reports"
EMP-0438,IT,"High-level strategy planning"
EMP-3873,Marketing,"Data entry from invoices"
EMP-1592,HR,"Interviewing new candidates"
EMP-1073,Marketing,"Negotiating a client contract"
EMP-1413,Customer Support,"Sorting spreadsheets"
EMP-0042,IT,"Data entry from invoices"
EMP-1889,Marketing,"Scheduling calendar invites"
EMP-3820,IT,"High-level strategy planning"
EMP-3650,Customer Support,"Sorting spreadsheets"
EMP-0346,Customer Support,"Data entry from invoices"
EMP-0569,Customer Support,"Data entry from invoices"
EMP-1212,Marketing,"Data entry from invoices"
EMP-1585,HR,"Data entry from invoices"
EMP-2767,Marketing,"Scheduling calendar invites"
EMP-1765,HR,"High-level strategy planning"
EMP-2079,Customer Support,"Data entry from invoices"
EMP-0266,Marketing,"Formatting reports"
EMP-1599,IT,"Designing a new brand logo"
EMP-1909,Sales,"Sorting spreadsheets"
EMP-1865,Marketing,"Interviewing new candidates"
EMP-0156,HR,"Negotiating a client contract"
EMP-2581,Sales,"Copy-pasting emails into CRM"
EMP-0964,IT,"Interviewing new candidates"
EMP-3025,Customer Support,"Copy-pasting emails into CRM"
EMP-3338,IT,"Leading a brainstorming session"
EMP-1018,Customer Support,"Formatting reports"
EMP-1020,Marketing,"Sorting spreadsheets"
EMP-0351,Marketing,"Formatting reports"
EMP-3173,Customer Support,"Extracting numbers from PDFs"
EMP-2209,HR,"Interviewing new candidates"
EMP-2374,IT,"Interviewing new candidates"
EMP-1012,HR,"Copy-pasting emails into CRM"
EMP-2567,Marketing,"Negotiating a client contract"
EMP-3929,Sales,"Negotiating a client contract"
EMP-1064,HR,"Leading a brainstorming session"
EMP-0659,Marketing,"Sorting spreadsheets"
EMP-0760,Customer Support,"Formatting reports"
EMP-3660,IT,"Data entry from invoices"
EMP-4000,Customer Support,"Copy-pasting emails into CRM"
EMP-1782,Customer Support,"Extracting numbers from PDFs"
EMP-1252,HR,"Interviewing new candidates"
EMP-2312,Sales,"Scheduling calendar invites"
EMP-0656,Marketing,"Formatting reports"
EMP-0843,HR,"High-level strategy planning"
EMP-0427,IT,"Negotiating a client contract"
EMP-0110,Customer Support,"Interviewing new candidates"
EMP-3869,Customer Support,"Copy-pasting emails into CRM"
EMP-3325,Customer Support,"Formatting reports"
EMP-2067,IT,"Designing a new brand logo"
EMP-3017,Customer Support,"Copy-pasting emails into CRM"
EMP-3986,IT,"High-level strategy planning"
EMP-3401,IT,"Designing a new brand logo"
EMP-3751,Customer Support,"Extracting numbers from PDFs"
EMP-2361,Customer Support,"Sorting spreadsheets"
EMP-2018,IT,"Interviewing new candidates"
EMP-2399,HR,"Copy-pasting emails into CRM"
EMP-1851,Marketing,"Formatting reports"
EMP-2751,Customer Support,"Extracting numbers from PDFs"
EMP-2506,Marketing,"Scheduling calendar invites"
EMP-1610,Sales,"Formatting reports"
EMP-3362,IT,"Resolving employee conflict"
EMP-2323,HR,"Leading a brainstorming session"
EMP-0788,IT,"Interviewing new candidates"
EMP-3775,HR,"Data entry from invoices"
EMP-3933,Sales,"Copy-pasting emails into CRM"
EMP-2859,IT,"Data entry from invoices"
EMP-3186,HR,"Copy-pasting emails into CRM"
EMP-1582,Marketing,"Copy-pasting emails into CRM"
EMP-2241,Sales,"Negotiating a client contract"
EMP-0896,Sales,"Data entry from invoices"
EMP-1789,HR,"High-level strategy planning"
EMP-2007,IT,"Leading a brainstorming session"
EMP-3360,Marketing,"Copy-pasting emails into CRM"
EMP-1195,Marketing,"Extracting numbers from PDFs"
EMP-2120,Sales,"Sorting spreadsheets"
EMP-3731,Marketing,"Copy-pasting emails into CRM"
EMP-0137,Marketing,"Extracting numbers from PDFs"
EMP-1600,Sales,"Extracting numbers from PDFs"
EMP-0621,HR,"Data entry from invoices"
EMP-1434,HR,"Resolving employee conflict"
EMP-2993,HR,"Negotiating a client contract"
EMP-1122,Customer Support,"Extracting numbers from PDFs"
EMP-0531,Sales,"Scheduling calendar invites"
EMP-1231,Customer Support,"Sorting spreadsheets"
EMP-1123,HR,"Designing a new brand logo"
EMP-3391,IT,"Copy-pasting emails into CRM"
EMP-3114,Sales,"Interviewing new candidates"
EMP-2185,IT,"Designing a new brand logo"
EMP-2925,Sales,"Copy-pasting emails into CRM"
EMP-3943,Customer Support,"Scheduling calendar invites"
EMP-1130,Marketing,"Formatting reports"
EMP-0656,Sales,"Formatting reports"
EMP-1214,Customer Support,"Copy-pasting emails into CRM"
EMP-3664,Customer Support,"Sorting spreadsheets"
EMP-3599,Marketing,"Negotiating a client contract"
EMP-1735,IT,"High-level strategy planning"
EMP-2948,Customer Support,"Copy-pasting emails into CRM"
EMP-1579,Sales,"Negotiating a client contract"
EMP-0005,Marketing,"Copy-pasting emails into CRM"
EMP-3535,Sales,"Formatting reports"
EMP-3661,Customer Support,"Data entry from invoices"
EMP-1100,Marketing,"Negotiating a client contract"
EMP-3127,HR,"Resolving employee conflict"
EMP-1072,Sales,"Sorting spreadsheets"
EMP-0636,Sales,"Data entry from invoices"
EMP-0245,Customer Support,"Data entry from invoices"
EMP-0773,IT,"Resolving employee conflict"
EMP-0790,HR,"Leading a brainstorming session"
EMP-0117,IT,"Designing a new brand logo"
EMP-3938,HR,"Designing a new brand logo"
EMP-1111,Marketing,"Data entry from invoices"
EMP-0529,Sales,"Extracting numbers from PDFs"
EMP-1052,Marketing,"Copy-pasting emails into CRM"
EMP-0570,Customer Support,"Scheduling calendar invites"
EMP-3292,Sales,"Extracting numbers from PDFs"
EMP-0517,Sales,"Negotiating a client contract"
EMP-0892,IT,"Leading a brainstorming session"
EMP-2393,Marketing,"Copy-pasting emails into CRM"
EMP-2730,Customer Support,"Sorting spreadsheets"
EMP-1874,IT,"High-level strategy planning"
EMP-1400,Marketing,"Interviewing new candidates"
EMP-0712,Sales,"Sorting spreadsheets"
EMP-2697,Customer Support,"Scheduling calendar invites"
EMP-3109,Sales,"Extracting numbers from PDFs"
EMP-1651,HR,"Data entry from invoices"
EMP-1600,Marketing,"Data entry from invoices"
EMP-0149,Sales,"Copy-pasting emails into CRM"
EMP-3296,Customer Support,"Scheduling calendar invites"
EMP-1800,Customer Support,"Interviewing new candidates"
EMP-3837,HR,"High-level strategy planning"
EMP-3532,Marketing,"Data entry from invoices"
EMP-2205,Sales,"Interviewing new candidates"
EMP-2844,HR,"Negotiating a client contract"
EMP-0560,Customer Support,"Sorting spreadsheets"
EMP-2541,IT,"Copy-pasting emails into CRM"
EMP-1215,Customer Support,"Formatting reports"
EMP-3105,IT,"Data entry from invoices"
EMP-1862,Marketing,"Sorting spreadsheets"
EMP-1514,HR,"Negotiating a client contract"
EMP-1987,Sales,"Scheduling calendar invites"
EMP-2295,Sales,"Copy-pasting emails into CRM"
EMP-0644,Customer Support,"Interviewing new candidates"
EMP-2179,Sales,"Scheduling calendar invites"
EMP-0126,Sales,"Scheduling calendar invites"
EMP-0955,HR,"Copy-pasting emails into CRM"
EMP-0454,Customer Support,"Formatting reports"
EMP-2836,HR,"Copy-pasting emails into CRM"
EMP-1593,Sales,"Copy-pasting emails into CRM"
EMP-0574,IT,"Copy-pasting emails into CRM"
EMP-2490,Customer Support,"Data entry from invoices"
EMP-0797,Marketing,"Data entry from invoices"
EMP-3569,Sales,"Data entry from invoices"
EMP-1712,Customer Support,"Formatting reports"
EMP-2774,Customer Support,"Negotiating a client contract"
EMP-2944,IT,"Copy-pasting emails into CRM"
EMP-2483,IT,"Designing a new brand logo"
EMP-0781,HR,"Negotiating a client contract"
EMP-1763,Sales,"Interviewing new candidates"
EMP-1925,Sales,"Scheduling calendar invites"
EMP-2961,HR,"Copy-pasting emails into CRM"
EMP-1749,IT,"Resolving employee conflict"
EMP-0990,Customer Support,"Formatting reports"
EMP-3303,HR,"Leading a brainstorming session"
EMP-0773,Marketing,"Negotiating a client contract"
EMP-0393,Customer Support,"Interviewing new candidates"
EMP-0710,Marketing,"Data entry from invoices"
EMP-0542,IT,"Copy-pasting emails into CRM"
EMP-1272,Sales,"Extracting numbers from PDFs"
EMP-1794,Sales,"Copy-pasting emails into CRM"
EMP-3264,Sales,"Negotiating a client contract"
EMP-0799,Marketing,"Data entry from invoices"
EMP-0060,Marketing,"Extracting numbers from PDFs"
EMP-1428,Customer Support,"Negotiating a client contract"
EMP-2861,Customer Support,"Data entry from invoices"
EMP-1052,HR,"High-level strategy planning"
EMP-0659,HR,"Data entry from invoices"
EMP-3278,Sales,"Negotiating a client contract"
EMP-3493,Customer Support,"Formatting reports"
EMP-3422,Sales,"Scheduling calendar invites"
EMP-3300,IT,"High-level strategy planning"
EMP-0492,HR,"Resolving employee conflict"
EMP-1530,IT,"Interviewing new candidates"
EMP-0802,Marketing,"Extracting numbers from PDFs"
EMP-2027,Customer Support,"Scheduling calendar invites"
EMP-3289,IT,"Leading a brainstorming session"
EMP-1596,Sales,"Extracting numbers from PDFs"
EMP-3834,Sales,"Formatting reports"
EMP-3399,IT,"Copy-pasting emails into CRM"
EMP-2894,Customer Support,"Data entry from invoices"
EMP-3823,IT,"Resolving employee conflict"
EMP-2383,Marketing,"Sorting spreadsheets"
EMP-1516,Sales,"Scheduling calendar invites"
EMP-2134,Sales,"Scheduling calendar invites"
EMP-2061,Customer Support,"Formatting reports"
EMP-3529,Marketing,"Scheduling calendar invites"
EMP-0307,Sales,"Copy-pasting emails into CRM"
EMP-0947,HR,"Leading a brainstorming session"
EMP-2433,HR,"Designing a new brand logo"
EMP-1584,HR,"Designing a new brand logo"
EMP-2759,Marketing,"Extracting numbers from PDFs"
EMP-2394,Customer Support,"Interviewing new candidates"
EMP-1302,Customer Support,"Negotiating a client contract"
EMP-0824,HR,"Resolving employee conflict"
EMP-3893,HR,"Resolving employee conflict"
EMP-1311,Marketing,"Formatting reports"
EMP-1471,HR,"High-level strategy planning"
EMP-2589,IT,"Interviewing new candidates"
EMP-3378,HR,"Copy-pasting emails into CRM"
EMP-3044,HR,"Data entry from invoices"
EMP-3114,HR,"Leading a brainstorming session"
EMP-3123,IT,"Negotiating a client contract"
EMP-1712,HR,"High-level strategy planning"
EMP-1846,Marketing,"Scheduling calendar invites"
EMP-2551,IT,"Interviewing new candidates"
EMP-1649,HR,"Negotiating a client contract"
EMP-2193,Sales,"Interviewing new candidates"
EMP-3739,HR,"Designing a new brand logo"
EMP-3948,Sales,"Copy-pasting emails into CRM"
EMP-0884,Marketing,"Scheduling calendar invites"
EMP-0341,Marketing,"Copy-pasting emails into CRM"
EMP-3511,IT,"Leading a brainstorming session"
EMP-1385,Sales,"Extracting numbers from PDFs"
EMP-1990,HR,"Resolving employee conflict"
EMP-1560,HR,"Data entry from invoices"
EMP-0066,Marketing,"Negotiating a client contract"
EMP-2084,Sales,"Extracting numbers from PDFs"
EMP-2626,Marketing,"Data entry from invoices"
EMP-3551,Sales,"Data entry from invoices"
EMP-2224,HR,"Interviewing new candidates"
EMP-0197,Sales,"Formatting reports"
EMP-2703,Sales,"Scheduling calendar invites"
EMP-2918,Customer Support,"Interviewing new candidates"
EMP-2510,HR,"Data entry from invoices"
EMP-2413,Sales,"Interviewing new candidates"
EMP-2467,Customer Support,"Negotiating a client contract"
EMP-1927,Customer Support,"Sorting spreadsheets"
EMP-3815,Sales,"Scheduling calendar invites"
EMP-2726,Marketing,"Extracting numbers from PDFs"
EMP-0193,Customer Support,"Sorting spreadsheets"
EMP-2229,HR,"Interviewing new candidates"
EMP-0884,Marketing,"Interviewing new candidates"
EMP-2706,Sales,"Extracting numbers from PDFs"
EMP-2168,Customer Support,"Sorting spreadsheets"
EMP-3521,Sales,"Extracting numbers from PDFs"
EMP-3631,Sales,"Extracting numbers from PDFs"
EMP-0665,HR,"Designing a new brand logo"
EMP-3578,Marketing,"Copy-pasting emails into CRM"
EMP-2144,HR,"Copy-pasting emails into CRM"
EMP-2865,IT,"High-level strategy planning"
EMP-0157,IT,"Interviewing new candidates"
EMP-2801,Marketing,"Data entry from invoices"
EMP-1163,Sales,"Extracting numbers from PDFs"
EMP-2452,Customer Support,"Data entry from invoices"
EMP-1085,Marketing,"Interviewing new candidates"
EMP-1166,IT,"Interviewing new candidates"
EMP-0032,IT,"Negotiating a client contract"
EMP-1729,Customer Support,"Negotiating a client contract"
EMP-3493,HR,"Negotiating a client contract"
EMP-1280,Customer Support,"Interviewing new candidates"
EMP-1326,Sales,"Scheduling calendar invites"
EMP-1624,HR,"Resolving employee conflict"
EMP-1967,HR,"Interviewing new candidates"
EMP-3986,Customer Support,"Negotiating a client contract"
EMP-3800,HR,"Data entry from invoices"
EMP-3809,HR,"Resolving employee conflict"
EMP-1149,HR,"Leading a brainstorming session"
EMP-0708,IT,"Designing a new brand logo"
EMP-1366,HR,"Interviewing new candidates"
EMP-0371,Customer Support,"Copy-pasting emails into CRM"
EMP-2977,Customer Support,"Negotiating a client contract"
EMP-2686,HR,"Interviewing new candidates"
EMP-3640,Sales,"Extracting numbers from PDFs"
EMP-0562,IT,"Interviewing new candidates"
EMP-3214,Customer Support,"Formatting reports"
EMP-1674,Marketing,"Copy-pasting emails into CRM"
EMP-2452,Marketing,"Negotiating a client contract"
EMP-2336,IT,"Interviewing new candidates"
EMP-2897,Marketing,"Scheduling calendar invites"
EMP-1194,Sales,"Extracting numbers from PDFs"
EMP-1293,Customer Support,"Interviewing new candidates"
EMP-3587,IT,"Negotiating a client contract"
EMP-1440,Sales,"Formatting reports"
EMP-0679,Marketing,"Data entry from invoices"
EMP-2910,IT,"Designing a new brand logo"
EMP-0671,Customer Support,"Sorting spreadsheets"
EMP-1658,IT,"Data entry from invoices"
EMP-3219,Marketing,"Sorting spreadsheets"
EMP-2149,HR,"Designing a new brand logo"
EMP-2720,IT,"Leading a brainstorming session"
EMP-3222,IT,"Negotiating a client contract"
EMP-1964,Sales,"Extracting numbers from PDFs"
EMP-3545,IT,"High-level strategy planning"
EMP-3437,Marketing,"Interviewing new candidates"
EMP-1571,IT,"Negotiating a client contract"
EMP-1283,Sales,"Data entry from invoices"
EMP-0004,HR,"High-level strategy planning"
EMP-2814,Marketing,"Extracting numbers from PDFs"
EMP-1678,Sales,"Formatting reports"
EMP-2652,Customer Support,"Formatting reports"
EMP-0642,Sales,"Copy-pasting emails into CRM"
EMP-2546,Customer Support,"Sorting spreadsheets"
EMP-2959,IT,"Copy-pasting emails into CRM"
EMP-2259,IT,"Copy-pasting emails into CRM"
EMP-0863,Customer Support,"Copy-pasting emails into CRM"
EMP-0285,Marketing,"Extracting numbers from PDFs"
EMP-0696,Sales,"Sorting spreadsheets"
EMP-0301,Customer Support,"Formatting reports"
EMP-0611,Sales,"Formatting reports"
EMP-0254,Sales,"Extracting numbers from PDFs"
EMP-0736,IT,"Copy-pasting emails into CRM"
EMP-2145,Customer Support,"Scheduling calendar invites"
EMP-3593,IT,"Designing a new brand logo"
EMP-0967,Marketing,"Formatting reports"
EMP-2028,HR,"Data entry from invoices"
EMP-0321,HR,"Copy-pasting emails into CRM"
EMP-0318,Marketing,"Sorting spreadsheets"
EMP-0227,IT,"Designing a new brand logo"
EMP-0411,Customer Support,"Scheduling calendar invites"
EMP-2332,HR,"Designing a new brand logo"
EMP-3032,Marketing,"Formatting reports"
EMP-0974,Marketing,"Extracting numbers from PDFs"
EMP-0501,Sales,"Scheduling calendar invites"
EMP-3169,Sales,"Sorting spreadsheets"
EMP-1161,IT,"Designing a new brand logo"
EMP-3360,IT,"High-level strategy planning"
EMP-2768,Customer Support,"Extracting numbers from PDFs"
EMP-1823,IT,"Resolving employee conflict"
EMP-1103,IT,"Data entry from invoices"
EMP-3372,Sales,"Extracting numbers from PDFs"
EMP-1322,Sales,"Sorting spreadsheets"
EMP-2567,IT,"Negotiating a client contract"
EMP-1285,Customer Support,"Copy-pasting emails into CRM"
EMP-1632,HR,"Negotiating a client contract"
EMP-2299,Customer Support,"Copy-pasting emails into CRM"
EMP-0964,IT,"Designing a new brand logo"
EMP-2724,IT,"Leading a brainstorming session"
EMP-3063,Sales,"Scheduling calendar invites"
EMP-1933,Customer Support,"Copy-pasting emails into CRM"
EMP-2597,IT,"Copy-pasting emails into CRM"
EMP-2862,HR,"Interviewing new candidates"
EMP-2542,HR,"Negotiating a client contract"
EMP-2543,Sales,"Interviewing new candidates"
EMP-2226,Customer Support,"Extracting numbers from PDFs"
EMP-3188,Sales,"Interviewing new candidates"
EMP-2269,IT,"Data entry from invoices"
EMP-2172,Sales,"Formatting reports"
EMP-0647,Marketing,"Copy-pasting emails into CRM"
EMP-0175,Customer Support,"Interviewing new candidates"
EMP-3955,HR,"Leading a brainstorming session"
EMP-0117,HR,"Copy-pasting emails into CRM"
EMP-3092,Marketing,"Negotiating a client contract"
EMP-3060,HR,"Data entry from invoices"
EMP-3886,Customer Support,"Extracting numbers from PDFs"
EMP-0103,Customer Support,"Extracting numbers from PDFs"
EMP-2210,HR,"Leading a brainstorming session"
EMP-3116,Sales,"Scheduling calendar invites"
EMP-1617,Customer Support,"Copy-pasting emails into CRM"
EMP-0175,IT,"Designing a new brand logo"
EMP-1917,Customer Support,"Data entry from invoices"
EMP-1325,Customer Support,"Copy-pasting emails into CRM"
EMP-3813,Sales,"Extracting numbers from PDFs"
EMP-0670,IT,"Interviewing new candidates"
EMP-2295,Customer Support,"Extracting numbers from PDFs"
EMP-3816,Marketing,"Copy-pasting emails into CRM"
EMP-1037,Marketing,"Formatting reports"
EMP-3483,Sales,"Extracting numbers from PDFs"
EMP-3929,HR,"Copy-pasting emails into CRM"
EMP-3716,Marketing,"Formatting reports"
EMP-0660,Marketing,"Copy-pasting emails into CRM"
EMP-0176,IT,"Designing a new brand logo"
EMP-1610,HR,"Leading a brainstorming session"
EMP-3822,IT,"Data entry from invoices"
EMP-3799,Sales,"Sorting spreadsheets"
EMP-2975,Marketing,"Negotiating a client contract"
EMP-2456,Customer Support,"Scheduling calendar invites"
EMP-2823,HR,"Leading a brainstorming session"
EMP-2764,IT,"Data entry from invoices"
EMP-1437,HR,"Leading a brainstorming session"
EMP-3333,Sales,"Extracting numbers from PDFs"
EMP-1028,IT,"High-level strategy planning"
EMP-0677,HR,"Leading a brainstorming session"
EMP-3036,Customer Support,"Negotiating a client contract"
EMP-1528,HR,"Leading a brainstorming session"
EMP-2412,Customer Support,"Extracting numbers from PDFs"
EMP-1847,Sales,"Extracting numbers from PDFs"
EMP-0362,HR,"Resolving employee conflict"
EMP-1388,HR,"Negotiating a client contract"
EMP-0511,HR,"Data entry from invoices"
EMP-0193,HR,"Negotiating a client contract"
EMP-1035,IT,"Resolving employee conflict"
EMP-2220,Customer Support,"Formatting reports"
EMP-3339,Sales,"Scheduling calendar invites"
EMP-3195,IT,"Negotiating a client contract"
EMP-2101,Customer Support,"Copy-pasting emails into CRM"
EMP-2256,Customer Support,"Data entry from invoices"
EMP-3239,IT,"Copy-pasting emails into CRM"
EMP-3058,Customer Support,"Scheduling calendar invites"
EMP-1087,HR,"Leading a brainstorming session"
EMP-3048,HR,"Designing a new brand logo"
EMP-2583,Customer Support,"Sorting spreadsheets"
EMP-2920,Sales,"Sorting spreadsheets"
EMP-2698,IT,"Data entry from invoices"
EMP-0528,Marketing,"Formatting reports"
EMP-3694,IT,"Leading a brainstorming session"
EMP-0893,Customer Support,"Data entry from invoices"
EMP-2955,HR,"Interviewing new candidates"
EMP-2895,IT,"Copy-pasting emails into CRM"
EMP-2067,IT,"Leading a brainstorming session"
EMP-1132,Marketing,"Extracting numbers from PDFs"
EMP-1878,Sales,"Formatting reports"
EMP-2736,Sales,"Data entry from invoices"
EMP-1404,Marketing,"Data entry from invoices"
EMP-0266,IT,"High-level strategy planning"
EMP-1260,HR,"Interviewing new candidates"
EMP-1493,IT,"Data entry from invoices"
EMP-2761,Marketing,"Sorting spreadsheets"
EMP-1599,Customer Support,"Negotiating a client contract"
EMP-1582,Customer Support,"Copy-pasting emails into CRM"
EMP-1255,IT,"Designing a new brand logo"
EMP-0088,Sales,"Data entry from invoices"
EMP-2097,HR,"High-level strategy planning"
EMP-3757,IT,"Designing a new brand logo"
EMP-3885,Sales,"Extracting numbers from PDFs"
EMP-3372,IT,"High-level strategy planning"
EMP-1319,HR,"High-level strategy planning"
EMP-0397,IT,"Interviewing new candidates"
EMP-3505,HR,"Copy-pasting emails into CRM"
EMP-1818,Sales,"Scheduling calendar invites"
EMP-2753,Marketing,"Data entry from invoices"
EMP-3348,HR,"Data entry from invoices"
EMP-1262,Customer Support,"Extracting numbers from PDFs"
EMP-3711,Sales,"Extracting numbers from PDFs"
EMP-3683,Sales,"Extracting numbers from PDFs"
EMP-3601,IT,"Copy-pasting emails into CRM"
EMP-1086,Marketing,"Scheduling calendar invites"
EMP-2164,Sales,"Extracting numbers from PDFs"
EMP-3007,Customer Support,"Interviewing new candidates"
EMP-3240,IT,"Designing a new brand logo"
EMP-2919,IT,"Negotiating a client contract"
EMP-3890,Sales,"Sorting spreadsheets"
EMP-0640,HR,"Copy-pasting emails into CRM"
EMP-2141,Sales,"Negotiating a client contract"
EMP-0596,Marketing,"Formatting reports"
EMP-1059,Customer Support,"Data entry from invoices"
EMP-1412,Customer Support,"Negotiating a client contract"
EMP-2813,Sales,"Sorting spreadsheets"
EMP-2827,Marketing,"Extracting numbers from PDFs"
EMP-2845,HR,"Leading a brainstorming session"
EMP-2965,HR,"Leading a brainstorming session"
EMP-1825,Customer Support,"Data entry from invoices"
EMP-2871,Customer Support,"Negotiating a client contract"
EMP-0606,HR,"Copy-pasting emails into CRM"
EMP-1767,Sales,"Extracting numbers from PDFs"
EMP-2649,Sales,"Scheduling calendar invites"
EMP-1946,Marketing,"Sorting spreadsheets"
EMP-0651,HR,"Copy-pasting emails into CRM"
EMP-2208,Marketing,"Formatting reports"
EMP-3416,Marketing,"Data entry from invoices"
EMP-3123,Marketing,"Sorting spreadsheets"
EMP-0205,Customer Support,"Scheduling calendar invites"
EMP-0297,Marketing,"Interviewing new candidates"
EMP-2314,HR,"Data entry from invoices"
EMP-2923,IT,"Interviewing new candidates"
EMP-0167,Sales,"Interviewing new candidates"
EMP-3296,Marketing,"Extracting numbers from PDFs"
EMP-3568,IT,"Negotiating a client contract"
EMP-0325,Marketing,"Negotiating a client contract"
EMP-3570,Sales,"Interviewing new candidates"
EMP-2658,IT,"Interviewing new candidates"
EMP-0464,HR,"Copy-pasting emails into CRM"
EMP-0710,Customer Support,"Data entry from invoices"
EMP-1598,Marketing,"Extracting numbers from PDFs"
EMP-3940,Marketing,"Formatting reports"
EMP-0824,Customer Support,"Formatting reports"
EMP-2605,Marketing,"Negotiating a client contract"
EMP-2647,Customer Support,"Scheduling calendar invites"
EMP-1014,Marketing,"Sorting spreadsheets"
EMP-2859,IT,"Resolving employee conflict"
EMP-0206,Sales,"Data entry from invoices"
EMP-0116,HR,"High-level strategy planning"
EMP-0260,Marketing,"Copy-pasting emails into CRM"
EMP-0004,HR,"Interviewing new candidates"
EMP-2683,IT,"Resolving employee conflict"
EMP-2203,HR,"Negotiating a client contract"
EMP-3760,Customer Support,"Scheduling calendar invites"
EMP-2675,Customer Support,"Copy-pasting emails into CRM"
EMP-3391,Customer Support,"Interviewing new candidates"
EMP-0032,Sales,"Extracting numbers from PDFs"
EMP-1784,HR,"Resolving employee conflict"
EMP-1722,HR,"Leading a brainstorming session"
EMP-1822,Sales,"Extracting numbers from PDFs"
EMP-2199,HR,"High-level strategy planning"
EMP-0583,IT,"High-level strategy planning"
EMP-3085,Customer Support,"Data entry from invoices"
EMP-0822,Customer Support,"Sorting spreadsheets"
EMP-1919,Sales,"Sorting spreadsheets"
EMP-2266,Sales,"Extracting numbers from PDFs"
EMP-3696,HR,"Copy-pasting emails into CRM"
EMP-2085,Customer Support,"Data entry from invoices"
EMP-2545,Customer Support,"Negotiating a client contract"
EMP-1712,HR,"Leading a brainstorming session"
EMP-0511,IT,"Designing a new brand logo"
EMP-0237,Customer Support,"Negotiating a client contract"
EMP-3007,Sales,"Extracting numbers from PDFs"
EMP-2550,HR,"Resolving employee conflict"
EMP-2987,Sales,"Scheduling calendar invites"
EMP-1270,IT,"Copy-pasting emails into CRM"
EMP-2197,HR,"Negotiating a client contract"
EMP-0687,HR,"Resolving employee conflict"
EMP-1173,HR,"Data entry from invoices"
EMP-3389,IT,"Negotiating a client contract"
EMP-2409,Marketing,"Formatting reports"
EMP-2993,Customer Support,"Interviewing new candidates"
EMP-0104,Marketing,"Scheduling calendar invites"
EMP-2513,Sales,"Copy-pasting emails into CRM"
EMP-3999,HR,"Negotiating a client contract"
EMP-3681,IT,"Leading a brainstorming session"
EMP-0128,Customer Support,"Formatting reports"
EMP-2700,Customer Support,"Data entry from invoices"
EMP-0285,Customer Support,"Formatting reports"
EMP-3154,Sales,"Scheduling calendar invites"
EMP-2697,IT,"High-level strategy planning"
EMP-2199,Sales,"Extracting numbers from PDFs"
EMP-3351,Marketing,"Sorting spreadsheets"
EMP-3902,Customer Support,"Copy-pasting emails into CRM"
EMP-1002,Marketing,"Extracting numbers from PDFs"
EMP-0074,HR,"Interviewing new candidates"
EMP-2840,Customer Support,"Negotiating a client contract"
EMP-2490,Sales,"Interviewing new candidates"
EMP-2337,Customer Support,"Extracting numbers from PDFs"
EMP-1304,Marketing,"Copy-pasting emails into CRM"
EMP-2670,IT,"Resolving employee conflict"
EMP-3712,Sales,"Extracting numbers from PDFs"
EMP-2243,HR,"Data entry from invoices"
EMP-2324,IT,"Designing a new brand logo"
EMP-2975,HR,"Copy-pasting emails into CRM"
EMP-1493,Customer Support,"Data entry from invoices"
EMP-3943,Marketing,"Copy-pasting emails into CRM"
EMP-0100,IT,"Designing a new brand logo"
EMP-1147,IT,"Resolving employee conflict"
EMP-1910,Marketing,"Extracting numbers from PDFs"
EMP-1054,Sales,"Negotiating a client contract"
EMP-0270,Customer Support,"Copy-pasting emails into CRM"
EMP-3975,HR,"Negotiating a client contract"
EMP-1266,Customer Support,"Copy-pasting emails into CRM"
EMP-3704,Sales,"Negotiating a client contract"
EMP-2327,Sales,"Data entry from invoices"
EMP-1452,HR,"Negotiating a client contract"
EMP-1942,HR,"Leading a brainstorming session"
EMP-3833,IT,"High-level strategy planning"
EMP-0677,IT,"Resolving employee conflict"
EMP-2796,Marketing,"Sorting spreadsheets"
EMP-0227,Customer Support,"Negotiating a client contract"
EMP-0275,Marketing,"Formatting reports"
EMP-0478,IT,"High-level strategy planning"
EMP-2077,Sales,"Data entry from invoices"
EMP-3996,Customer Support,"Formatting reports"
EMP-1924,HR,"Designing a new brand logo"
EMP-0421,Marketing,"Formatting reports"
EMP-0688,IT,"High-level strategy planning"
EMP-3257,Marketing,"Data entry from invoices"
EMP-0959,IT,"Interviewing new candidates"
EMP-2819,Customer Support,"Sorting spreadsheets"
EMP-3648,HR,"Negotiating a client contract"
EMP-0817,Sales,"Extracting numbers from PDFs"
EMP-3259,Marketing,"Data entry from invoices"
EMP-1150,IT,"Resolving employee conflict"
EMP-3430,IT,"High-level strategy planning"
EMP-0529,Marketing,"Data entry from invoices"
EMP-3024,Marketing,"Negotiating a client contract"
EMP-1764,Customer Support,"Scheduling calendar invites"
EMP-0799,Sales,"Copy-pasting emails into CRM"
EMP-2212,Customer Support,"Data entry from invoices"
EMP-1778,Sales,"Copy-pasting emails into CRM"
EMP-1822,Customer Support,"Negotiating a client contract"
EMP-2357,Marketing,"Interviewing new candidates"
EMP-0166,Sales,"Data entry from invoices"
EMP-0525,HR,"Interviewing new candidates"
EMP-2925,HR,"Designing a new brand logo"
EMP-1938,Customer Support,"Data entry from invoices"
EMP-0907,Marketing,"Interviewing new candidates"
EMP-1446,Sales,"Sorting spreadsheets"
EMP-2112,Customer Support,"Sorting spreadsheets"
EMP-3151,Marketing,"Copy-pasting emails into CRM"
EMP-0753,Customer Support,"Copy-pasting emails into CRM"
EMP-0240,Customer Support,"Scheduling calendar invites"
EMP-1783,HR,"Copy-pasting emails into CRM"
EMP-3785,HR,"Interviewing new candidates"
EMP-2458,HR,"Resolving employee conflict"
EMP-3571,Customer Support,"Interviewing new candidates"
EMP-0624,Customer Support,"Extracting numbers from PDFs"
EMP-2910,Customer Support,"Scheduling calendar invites"
EMP-0254,HR,"Data entry from invoices"
EMP-0053,Sales,"Formatting reports"
EMP-1257,IT,"Designing a new brand logo"
EMP-0048,IT,"Resolving employee conflict"
EMP-1087,Sales,"Data entry from invoices"
EMP-2601,Customer Support,"Extracting numbers from PDFs"
EMP-2779,HR,"High-level strategy planning"
EMP-3643,IT,"Resolving employee conflict"
EMP-1586,Sales,"Negotiating a client contract"
EMP-3371,Sales,"Sorting spreadsheets"
EMP-0807,Marketing,"Data entry from invoices"
EMP-0768,HR,"Resolving employee conflict"
EMP-3526,Sales,"Sorting spreadsheets"
EMP-0702,Customer Support,"Interviewing new candidates"
EMP-0670,Customer Support,"Data entry from invoices"
EMP-0502,Customer Support,"Scheduling calendar invites"
EMP-3430,HR,"Negotiating a client contract"
EMP-3522,Sales,"Data entry from invoices"
EMP-2731,Sales,"Sorting spreadsheets"
EMP-0562,IT,"Negotiating a client contract"
EMP-2434,HR,"Designing a new brand logo"
EMP-2560,HR,"Data entry from invoices"
EMP-1285,IT,"Leading a brainstorming session"
EMP-3619,Customer Support,"Formatting reports"
EMP-2507,Customer Support,"Scheduling calendar invites"
EMP-1060,IT,"Interviewing new candidates"
EMP-1193,HR,"Leading a brainstorming session"
EMP-1593,Marketing,"Sorting spreadsheets"
EMP-4001,Customer Support,"Negotiating a client contract"
EMP-3459,Customer Support,"Extracting numbers from PDFs"
EMP-3249,Marketing,"Extracting numbers from PDFs"
EMP-3162,HR,"Negotiating a client contract"
EMP-1574,Marketing,"Extracting numbers from PDFs"
EMP-3436,Sales,"Copy-pasting emails into CRM"
EMP-1095,Marketing,"Formatting reports"
EMP-3982,HR,"Copy-pasting emails into CRM"
EMP-0629,Sales,"Extracting numbers from PDFs"
EMP-2431,Marketing,"Formatting reports"
EMP-1362,HR,"Resolving employee conflict"
EMP-3944,Customer Support,"Negotiating a client contract"
EMP-0640,Customer Support,"Interviewing new candidates"
EMP-1895,Customer Support,"Formatting reports"
EMP-3359,HR,"High-level strategy planning"
EMP-1356,IT,"Leading a brainstorming session"
EMP-1481,Marketing,"Copy-pasting emails into CRM"
EMP-3864,Customer Support,"Sorting spreadsheets"
EMP-3318,HR,"Resolving employee conflict"
EMP-3481,HR,"Leading a brainstorming session"
EMP-3795,HR,"Interviewing new candidates"
EMP-1620,Marketing,"Scheduling calendar invites"
EMP-0548,Marketing,"Copy-pasting emails into CRM"
EMP-3122,IT,"Leading a brainstorming session"
EMP-3089,Sales,"Negotiating a client contract"
EMP-3236,HR,"Data entry from invoices"
EMP-2418,Marketing,"Formatting reports"
EMP-2172,Marketing,"Scheduling calendar invites"
EMP-0922,IT,"Designing a new brand logo"
EMP-0681,Sales,"Negotiating a client contract"
EMP-0193,Marketing,"Scheduling calendar invites"
EMP-0271,Customer Support,"Negotiating a client contract"
EMP-2096,IT,"Copy-pasting emails into CRM"
EMP-3913,Sales,"Scheduling calendar invites"
EMP-2599,HR,"High-level strategy planning"
EMP-2395,Sales,"Data entry from invoices"
EMP-3083,IT,"Interviewing new candidates"
EMP-3403,Customer Support,"Interviewing new candidates"
EMP-1442,Marketing,"Data entry from invoices"
EMP-0544,IT,"Leading a brainstorming session"
EMP-3558,Customer Support,"Sorting spreadsheets"
EMP-1128,Customer Support,"Scheduling calendar invites"
EMP-1968,Customer Support,"Sorting spreadsheets"
EMP-1911,Marketing,"Data entry from invoices"
EMP-3990,IT,"Leading a brainstorming session"
EMP-2913,IT,"Designing a new brand logo"
EMP-3841,IT,"Designing a new brand logo"
EMP-1153,IT,"Negotiating a client contract"
EMP-1187,Customer Support,"Data entry from invoices"
EMP-0543,Sales,"Copy-pasting emails into CRM"
EMP-0530,HR,"Interviewing new candidates"
EMP-2421,IT,"Copy-pasting emails into CRM"
EMP-0609,Marketing,"Interviewing new candidates"
EMP-0426,Marketing,"Formatting reports"
EMP-3337,Sales,"Interviewing new candidates"
EMP-3347,Customer Support,"Negotiating a client contract"
EMP-0824,IT,"Data entry from invoices"
EMP-0763,Customer Support,"Data entry from invoices"
EMP-0136,IT,"Interviewing new candidates"
EMP-1791,Sales,"Formatting reports"
EMP-0487,Sales,"Sorting spreadsheets"
EMP-1961,IT,"Designing a new brand logo"
EMP-3214,Marketing,"Sorting spreadsheets"
EMP-2943,HR,"High-level strategy planning"
EMP-0856,Sales,"Sorting spreadsheets"
EMP-0742,Marketing,"Extracting numbers from PDFs"
EMP-2163,Sales,"Formatting reports"
EMP-0706,IT,"Data entry from invoices"
EMP-3758,Customer Support,"Scheduling calendar invites"
EMP-2536,Sales,"Interviewing new candidates"
EMP-0733,Sales,"Interviewing new candidates"
EMP-3176,Sales,"Extracting numbers from PDFs"
EMP-0786,Customer Support,"Formatting reports"
EMP-2814,Customer Support,"Formatting reports"
EMP-3685,IT,"Leading a brainstorming session"
EMP-0766,IT,"Designing a new brand logo"
EMP-1007,Sales,"Data entry from invoices"
EMP-3102,Sales,"Scheduling calendar invites"
EMP-3186,HR,"Resolving employee conflict"
EMP-2963,HR,"Interviewing new candidates"
EMP-1326,IT,"Interviewing new candidates"
EMP-3331,Sales,"Copy-pasting emails into CRM"
EMP-3111,Marketing,"Data entry from invoices"
EMP-0094,HR,"Leading a brainstorming session"
EMP-0817,Sales,"Interviewing new candidates"
EMP-3121,HR,"Leading a brainstorming session"
EMP-2617,Marketing,"Formatting reports"
EMP-1456,IT,"Resolving employee conflict"
EMP-0492,HR,"Negotiating a client contract"
EMP-3122,Marketing,"Data entry from invoices"
EMP-1856,Sales,"Data entry from invoices"
EMP-0305,Customer Support,"Data entry from invoices"
EMP-1505,HR,"Negotiating a client contract"
EMP-2615,Marketing,"Interviewing new candidates"
EMP-1717,Customer Support,"Sorting spreadsheets"
EMP-0807,Sales,"Scheduling calendar invites"
EMP-1895,Sales,"Negotiating a client contract"
EMP-1838,IT,"Copy-pasting emails into CRM"
EMP-2862,IT,"Data entry from invoices"
EMP-1699,HR,"Resolving employee conflict"
EMP-1515,IT,"Negotiating a client contract"
EMP-1803,Customer Support,"Interviewing new candidates"
EMP-2986,Sales,"Sorting spreadsheets"
EMP-1063,IT,"Leading a brainstorming session"
EMP-3693,Marketing,"Copy-pasting emails into CRM"
EMP-0199,Sales,"Extracting numbers from PDFs"
EMP-0947,HR,"Negotiating a client contract"
EMP-0810,Marketing,"Data entry from invoices"
EMP-2212,Sales,"Interviewing new candidates"
EMP-2327,IT,"Data entry from invoices"
EMP-0833,Customer Support,"Formatting reports"
EMP-2094,Sales,"Negotiating a client contract"
EMP-3167,Customer Support,"Negotiating a client contract"
EMP-0558,HR,"High-level strategy planning"
EMP-3401,Customer Support,"Scheduling calendar invites"
EMP-3033,Marketing,"Formatting reports"
EMP-0946,IT,"Leading a brainstorming session"
EMP-0830,HR,"Interviewing new candidates"
EMP-1294,HR,"Leading a brainstorming session"
EMP-3333,Sales,"Formatting reports"
EMP-0988,HR,"Negotiating a client contract"
EMP-3615,HR,"Copy-pasting emails into CRM"
EMP-2149,Marketing,"Extracting numbers from PDFs"
EMP-0710,Marketing,"Interviewing new candidates"
EMP-0330,IT,"Resolving employee conflict"
EMP-0367,HR,"Copy-pasting emails into CRM"
EMP-2902,HR,"Negotiating a client contract"
EMP-2619,Customer Support,"Formatting reports"
EMP-3269,Sales,"Scheduling calendar invites"
EMP-2756,HR,"Designing a new brand logo"
EMP-1125,HR,"Data entry from invoices"
EMP-2743,Sales,"Copy-pasting emails into CRM"
EMP-2730,IT,"Leading a brainstorming session"
EMP-0030,IT,"Interviewing new candidates"
EMP-3665,HR,"Data entry from invoices"
EMP-3318,Customer Support,"Data entry from invoices"
EMP-0952,Sales,"Copy-pasting emails into CRM"
EMP-0813,Marketing,"Extracting numbers from PDFs"
EMP-3689,HR,"Leading a brainstorming session"
EMP-0664,Sales,"Extracting numbers from PDFs"
EMP-0827,HR,"Leading a brainstorming session"
EMP-1673,Sales,"Copy-pasting emails into CRM"
EMP-0192,Sales,"Sorting spreadsheets"
EMP-0732,Marketing,"Interviewing new candidates"
EMP-2682,Marketing,"Formatting reports"
EMP-0993,Sales,"Data entry from invoices"
EMP-3319,Sales,"Sorting spreadsheets"
EMP-2824,Customer Support,"Copy-pasting emails into CRM"
EMP-0036,IT,"High-level strategy planning"
EMP-1912,HR,"Resolving employee conflict"
EMP-2323,Customer Support,"Interviewing new candidates"
EMP-0267,Marketing,"Data entry from invoices"
EMP-3397,Sales,"Sorting spreadsheets"
EMP-2113,IT,"Negotiating a client contract"
EMP-1162,Sales,"Data entry from invoices"
EMP-3952,Marketing,"Sorting spreadsheets"
EMP-1033,Sales,"Interviewing new candidates"
EMP-1475,Sales,"Sorting spreadsheets"
EMP-3486,IT,"High-level strategy planning"
EMP-0870,HR,"Negotiating a client contract"
EMP-1443,Sales,"Extracting numbers from PDFs"
EMP-2225,Customer Support,"Formatting reports"
EMP-3923,HR,"Leading a brainstorming session"
EMP-3623,Customer Support,"Interviewing new candidates"
EMP-1778,Sales,"Interviewing new candidates"
EMP-3144,Sales,"Extracting numbers from PDFs"
EMP-2690,IT,"Data entry from invoices"
EMP-0813,IT,"Data entry from invoices"
EMP-2514,Marketing,"Sorting spreadsheets"
EMP-2758,IT,"Copy-pasting emails into CRM"
EMP-3651,Customer Support,"Copy-pasting emails into CRM"
EMP-1191,Sales,"Scheduling calendar invites"
EMP-1239,Marketing,"Formatting reports"
EMP-3448,HR,"Copy-pasting emails into CRM"
EMP-2703,HR,"Leading a brainstorming session"
EMP-3630,IT,"Negotiating a client contract"
EMP-1857,Sales,"Copy-pasting emails into CRM"
EMP-1612,Customer Support,"Sorting spreadsheets"
EMP-1711,Customer Support,"Negotiating a client contract"
EMP-0255,Sales,"Data entry from invoices"
EMP-1571,Sales,"Copy-pasting emails into CRM"
EMP-3665,Marketing,"Formatting reports"
EMP-3596,Customer Support,"Formatting reports"
EMP-3445,IT,"Data entry from invoices"
EMP-1917,HR,"Data entry from invoices"
EMP-2242,Sales,"Interviewing new candidates"
EMP-3573,Sales,"Formatting reports"
EMP-2852,Marketing,"Copy-pasting emails into CRM"
EMP-3668,Marketing,"Negotiating a client contract"
EMP-1742,HR,"Interviewing new candidates"
EMP-0533,Marketing,"Extracting numbers from PDFs"
EMP-1080,Sales,"Interviewing new candidates"
EMP-0456,IT,"Data entry from invoices"
EMP-0635,Sales,"Sorting spreadsheets"
EMP-0507,IT,"Leading a brainstorming session"
EMP-2544,Customer Support,"Formatting reports"
EMP-0492,Customer Support,"Interviewing new candidates"
EMP-2814,Marketing,"Formatting reports"
EMP-2597,HR,"Negotiating a client contract"
EMP-0241,Sales,"Formatting reports"
EMP-2085,Marketing,"Formatting reports"
EMP-1770,Marketing,"Interviewing new candidates"
EMP-2039,Marketing,"Copy-pasting emails into CRM"
EMP-1174,IT,"Interviewing new candidates"
EMP-1914,Sales,"Copy-pasting emails into CRM"
EMP-1439,HR,"Data entry from invoices"
EMP-3911,IT,"Designing a new brand logo"
EMP-0255,IT,"High-level strategy planning"
EMP-0615,Customer Support,"Copy-pasting emails into CRM"
EMP-0658,HR,"Interviewing new candidates"
EMP-0554,Sales,"Sorting spreadsheets"
EMP-1922,Sales,"Formatting reports"
EMP-1426,Sales,"Interviewing new candidates"
EMP-1771,Sales,"Scheduling calendar invites"
EMP-2087,Customer Support,"Formatting reports"
EMP-1954,Marketing,"Extracting numbers from PDFs"
EMP-0832,Sales,"Data entry from invoices"
EMP-1992,HR,"Leading a brainstorming session"
EMP-2865,HR,"Copy-pasting emails into CRM"
EMP-1838,IT,"Copy-pasting emails into CRM"
EMP-2256,IT,"Interviewing new candidates"
EMP-2701,Sales,"Data entry from invoices"
EMP-1739,Customer Support,"Extracting numbers from PDFs"
EMP-1187,Marketing,"Scheduling calendar invites"
EMP-0069,Marketing,"Formatting reports"
EMP-0836,Sales,"Scheduling calendar invites"
EMP-3921,HR,"Interviewing new candidates"
EMP-1396,IT,"Interviewing new candidates"
EMP-0962,Customer Support,"Sorting spreadsheets"
EMP-0475,Sales,"Scheduling calendar invites"
EMP-0653,Customer Support,"Extracting numbers from PDFs"
EMP-1043,Sales,"Copy-pasting emails into CRM"
EMP-0956,HR,"Designing a new brand logo"
EMP-3881,HR,"Copy-pasting emails into CRM"
EMP-3769,Marketing,"Negotiating a client contract"
EMP-0567,HR,"Interviewing new candidates"
EMP-0964,IT,"Designing a new brand logo"
EMP-3857,Marketing,"Extracting numbers from PDFs"
EMP-2780,IT,"Leading a brainstorming session"
EMP-3261,IT,"Negotiating a client contract"
EMP-1053,Marketing,"Negotiating a client contract"
EMP-1701,Sales,"Interviewing new candidates"
EMP-0270,HR,"Negotiating a client contract"
EMP-1829,HR,"Designing a new brand logo"
EMP-1522,IT,"Resolving employee conflict"
EMP-1904,HR,"High-level strategy planning"
EMP-2389,Customer Support,"Scheduling calendar invites"
EMP-0305,Marketing,"Copy-pasting emails into CRM"
EMP-2933,IT,"Negotiating a client contract"
EMP-1384,Sales,"Copy-pasting emails into CRM"
EMP-1128,HR,"Leading a brainstorming session"
EMP-2226,IT,"Leading a brainstorming session"
EMP-1758,IT,"Interviewing new candidates"
EMP-2723,IT,"Copy-pasting emails into CRM"
EMP-2245,Sales,"Sorting spreadsheets"
EMP-1594,HR,"Copy-pasting emails into CRM"
EMP-1531,HR,"Designing a new brand logo"
EMP-0156,Sales,"Copy-pasting emails into CRM"
EMP-1554,Sales,"Formatting reports"
EMP-0872,Sales,"Negotiating a client contract"
EMP-0900,Sales,"Sorting spreadsheets"
EMP-2216,Customer Support,"Extracting numbers from PDFs"
EMP-3424,Marketing,"Interviewing new candidates"
EMP-3337,Customer Support,"Formatting reports"
EMP-0772,IT,"Negotiating a client contract"
EMP-3480,Marketing,"Scheduling calendar invites"
EMP-1125,Sales,"Copy-pasting emails into CRM"
EMP-3631,Sales,"Formatting reports"
EMP-2631,Customer Support,"Copy-pasting emails into CRM"
EMP-1515,HR,"Resolving employee conflict"
EMP-3364,Customer Support,"Data entry from invoices"
EMP-3199,Sales,"Data entry from invoices"
EMP-2548,Customer Support,"Formatting reports"
EMP-3243,Customer Support,"Data entry from invoices"
EMP-1983,IT,"High-level strategy planning"
EMP-2625,IT,"Leading a brainstorming session"
EMP-3967,IT,"Data entry from invoices"
EMP-2908,IT,"Negotiating a client contract"
EMP-3019,Customer Support,"Copy-pasting emails into CRM"
EMP-1703,Sales,"Data entry from invoices"
EMP-3035,Customer Support,"Scheduling calendar invites"
EMP-1547,HR,"Leading a brainstorming session"
EMP-3869,IT,"Leading a brainstorming session"
EMP-0608,Marketing,"Copy-pasting emails into CRM"
EMP-2880,HR,"Copy-pasting emails into CRM"
EMP-2157,Marketing,"Formatting reports"
EMP-1806,Sales,"Formatting reports"
EMP-0061,IT,"Negotiating a client contract"
EMP-1004,Sales,"Extracting numbers from PDFs"
EMP-0382,HR,"Negotiating a client contract"
EMP-0545,Customer Support,"Scheduling calendar invites"
EMP-2402,Sales,"Scheduling calendar invites"
EMP-1430,IT,"Copy-pasting emails into CRM"
EMP-1217,Customer Support,"Data entry from invoices"
EMP-1963,Sales,"Formatting reports"
EMP-1387,Sales,"Scheduling calendar invites"
EMP-2086,Marketing,"Interviewing new candidates"
EMP-2142,IT,"Copy-pasting emails into CRM"
EMP-2458,Sales,"Extracting numbers from PDFs"
EMP-0435,Sales,"Scheduling calendar invites"
EMP-2910,HR,"Negotiating a client contract"
EMP-2604,Sales,"Extracting numbers from PDFs"
EMP-1491,Marketing,"Extracting numbers from PDFs"
EMP-2512,Customer Support,"Sorting spreadsheets"
EMP-3622,Customer Support,"Scheduling calendar invites"
EMP-1880,Customer Support,"Interviewing new candidates"
EMP-2992,IT,"Negotiating a client contract"
EMP-2816,Marketing,"Formatting reports"
EMP-3354,Customer Support,"Sorting spreadsheets"
EMP-1513,Marketing,"Data entry from invoices"
EMP-0130,Sales,"Negotiating a client contract"
EMP-0054,Marketing,"Scheduling calendar invites"
EMP-0050,IT,"Copy-pasting emails into CRM"
EMP-0395,HR,"Data entry from invoices"
EMP-2051,Customer Support,"Sorting spreadsheets"
EMP-1462,HR,"Copy-pasting emails into CRM"
EMP-3083,HR,"Leading a brainstorming session"
EMP-2451,Marketing,"Data entry from invoices"
EMP-2193,IT,"Resolving employee conflict"
EMP-3168,Customer Support,"Scheduling calendar invites"
EMP-3182,HR,"Leading a brainstorming session"
EMP-3684,Customer Support,"Scheduling calendar invites"
EMP-3167,Sales,"Sorting spreadsheets"
EMP-3991,Marketing,"Interviewing new candidates"
EMP-2587,Sales,"Negotiating a client contract"
EMP-2143,Marketing,"Formatting reports"
EMP-2616,IT,"Resolving employee conflict"
EMP-3988,IT,"Leading a brainstorming session"
EMP-3671,IT,"Designing a new brand logo"
EMP-3833,Marketing,"Data entry from invoices"
EMP-1478,Sales,"Data entry from invoices"
EMP-0380,Marketing,"Scheduling calendar invites"
EMP-3031,Customer Support,"Copy-pasting emails into CRM"
EMP-0183,Marketing,"Extracting numbers from PDFs"
EMP-1864,HR,"Negotiating a client contract"
EMP-3077,HR,"Negotiating a client contract"
EMP-2755,Customer Support,"Interviewing new candidates"
EMP-1309,Marketing,"Negotiating a client contract"
EMP-2393,HR,"Data entry from invoices"
EMP-1289,Customer Support,"Sorting spreadsheets"
EMP-0661,HR,"Resolving employee conflict"
EMP-0645,IT,"High-level strategy planning"
EMP-1027,HR,"High-level strategy planning"
EMP-1462,IT,"High-level strategy planning"
EMP-2815,HR,"Interviewing new candidates"
EMP-1782,Sales,"Sorting spreadsheets"
EMP-1498,Marketing,"Negotiating a client contract"
EMP-3776,Sales,"Formatting reports"
EMP-3731,IT,"Copy-pasting emails into CRM"
EMP-0984,Customer Support,"Sorting spreadsheets"
EMP-2469,IT,"Resolving employee conflict"
EMP-1520,Sales,"Formatting reports"
EMP-1775,IT,"Negotiating a client contract"
EMP-3002,Customer Support,"Extracting numbers from PDFs"
EMP-3103,IT,"Copy-pasting emails into CRM"
EMP-3344,HR,"High-level strategy planning"
EMP-1293,HR,"Designing a new brand logo"
EMP-0091,IT,"Copy-pasting emails into CRM"
EMP-0551,Sales,"Scheduling calendar invites"
EMP-3576,Marketing,"Scheduling calendar invites"
EMP-3844,Customer Support,"Extracting numbers from PDFs"
EMP-0066,Customer Support,"Extracting numbers from PDFs"
EMP-0250,Customer Support,"Formatting reports"
EMP-2570,HR,"Resolving employee conflict"
EMP-0905,IT,"Resolving employee conflict"
EMP-3885,HR,"High-level strategy planning"
EMP-1081,Customer Support,"Scheduling calendar invites"
EMP-3285,Sales,"Interviewing new candidates"
EMP-1451,IT,"High-level strategy planning"
EMP-1795,Sales,"Data entry from invoices"
EMP-1255,Sales,"Sorting spreadsheets"
EMP-3675,IT,"Copy-pasting emails into CRM"
EMP-3728,Sales,"Scheduling calendar invites"
EMP-2256,IT,"Resolving employee conflict"
EMP-1121,Customer Support,"Sorting spreadsheets"
EMP-2485,Sales,"Extracting numbers from PDFs"
EMP-3167,Sales,"Formatting reports"
EMP-2814,HR,"Leading a brainstorming session"
EMP-1203,IT,"Negotiating a client contract"
EMP-3462,Marketing,"Interviewing new candidates"
EMP-2527,IT,"Negotiating a client contract"
EMP-1524,Customer Support,"Formatting reports"
EMP-2036,Sales,"Extracting numbers from PDFs"
EMP-1750,HR,"High-level strategy planning"
EMP-1013,Customer Support,"Extracting numbers from PDFs"
EMP-2928,IT,"High-level strategy planning"
EMP-0323,HR,"Negotiating a client contract"
EMP-0463,Marketing,"Interviewing new candidates"
EMP-1332,HR,"Copy-pasting emails into CRM"
EMP-1974,Sales,"Extracting numbers from PDFs"
EMP-1887,IT,"Data entry from invoices"
EMP-3535,Marketing,"Copy-pasting emails into CRM"
EMP-0558,Sales,"Extracting numbers from PDFs"
EMP-0787,IT,"Resolving employee conflict"
EMP-0869,Customer Support,"Interviewing new candidates"
EMP-0703,HR,"Copy-pasting emails into CRM"
EMP-3949,Customer Support,"Copy-pasting emails into CRM"
EMP-3248,Customer Support,"Data entry from invoices"
EMP-2605,HR,"Negotiating a client contract"
EMP-0725,Marketing,"Sorting spreadsheets"
EMP-0583,IT,"Data entry from invoices"
EMP-0707,Customer Support,"Copy-pasting emails into CRM"
EMP-3858,Sales,"Formatting reports"
EMP-1448,Customer Support,"Data entry from invoices"
EMP-2853,IT,"Leading a brainstorming session"
EMP-2281,IT,"Interviewing new candidates"
EMP-0720,Customer Support,"Formatting reports"
EMP-0597,Marketing,"Negotiating a client contract"
EMP-2040,Marketing,"Copy-pasting emails into CRM"
EMP-0714,Sales,"Sorting spreadsheets"
EMP-1271,Customer Support,"Interviewing new candidates"
EMP-2283,Sales,"Formatting reports"
EMP-3632,Sales,"Data entry from invoices"
EMP-1736,Marketing,"Interviewing new candidates"
EMP-2733,Customer Support,"Scheduling calendar invites"
EMP-1684,Customer Support,"Formatting reports"
EMP-1377,Sales,"Copy-pasting emails into CRM"
EMP-1574,Sales,"Data entry from invoices"
EMP-2832,HR,"Negotiating a client contract"
EMP-2694,Customer Support,"Copy-pasting emails into CRM"
EMP-2405,Customer Support,"Copy-pasting emails into CRM"
EMP-2614,IT,"High-level strategy planning"
EMP-1224,IT,"Designing a new brand logo"
EMP-3067,Sales,"Data entry from invoices"
EMP-3778,Sales,"Extracting numbers from PDFs"
EMP-1908,IT,"Resolving employee conflict"
EMP-0998,Customer Support,"Negotiating a client contract"
EMP-3349,Sales,"Copy-pasting emails into CRM"
EMP-3720,IT,"Copy-pasting emails into CRM"
EMP-0533,Customer Support,"Sorting spreadsheets"
EMP-2532,Marketing,"Formatting reports"
EMP-2576,Sales,"Scheduling calendar invites"
EMP-3787,Marketing,"Interviewing new candidates"
EMP-2244,Sales,"Copy-pasting emails into CRM"
EMP-3612,Marketing,"Sorting spreadsheets"
EMP-0584,Marketing,"Extracting numbers from PDFs"
EMP-0726,Sales,"Data entry from invoices"
EMP-2571,Marketing,"Copy-pasting emails into CRM"
EMP-0698,IT,"Data entry from invoices"
EMP-3393,Marketing,"Copy-pasting emails into CRM"
EMP-0932,Sales,"Data entry from invoices"
EMP-2159,Marketing,"Formatting reports"
EMP-3360,HR,"Leading a brainstorming session"
EMP-0227,Marketing,"Extracting numbers from PDFs"
EMP-3244,IT,"Data entry from invoices"
EMP-0189,IT,"Copy-pasting emails into CRM"
EMP-3890,HR,"Leading a brainstorming session"
EMP-2760,Customer Support,"Copy-pasting emails into CRM"
EMP-0685,HR,"Designing a new brand logo"
EMP-3818,Marketing,"Interviewing new candidates"
EMP-0884,Sales,"Interviewing new candidates"
EMP-2863,IT,"High-level strategy planning"
EMP-0076,IT,"Negotiating a client contract"
EMP-3070,Sales,"Formatting reports"
EMP-0136,IT,"Data entry from invoices"
EMP-0591,HR,"Designing a new brand logo"
EMP-0649,Customer Support,"Extracting numbers from PDFs"
EMP-0202,Customer Support,"Negotiating a client contract"
EMP-1093,Marketing,"Sorting spreadsheets"
EMP-3400,HR,"Data entry from invoices"
EMP-2631,Marketing,"Extracting numbers from PDFs"
EMP-0230,HR,"Copy-pasting emails into CRM"
EMP-1265,Customer Support,"Extracting numbers from PDFs"
EMP-3895,Sales,"Formatting reports"
EMP-0828,Sales,"Data entry from invoices"
EMP-1934,Sales,"Scheduling calendar invites"
EMP-0005,Sales,"Extracting numbers from PDFs"
EMP-0854,Marketing,"Scheduling calendar invites"
EMP-0706,Sales,"Extracting numbers from PDFs"
EMP-1329,Marketing,"Scheduling calendar invites"
EMP-0655,Sales,"Sorting spreadsheets"
EMP-0747,Marketing,"Formatting reports"
EMP-3157,Sales,"Formatting reports"
EMP-2458,IT,"Interviewing new candidates"
EMP-3378,Marketing,"Data entry from invoices"
EMP-0866,Marketing,"Sorting spreadsheets"
EMP-2327,IT,"Leading a brainstorming session"
EMP-1626,Marketing,"Extracting numbers from PDFs"
EMP-2850,Customer Support,"Formatting reports"
EMP-1211,IT,"Leading a brainstorming session"
EMP-0836,Customer Support,"Data entry from invoices"
EMP-3141,Sales,"Scheduling calendar invites"
EMP-2979,IT,"Data entry from invoices"
EMP-0874,Customer Support,"Formatting reports"
EMP-2621,Customer Support,"Negotiating a client contract"
EMP-1814,IT,"Resolving employee conflict"
EMP-1621,Customer Support,"Extracting numbers from PDFs"
EMP-2582,IT,"Data entry from invoices"
EMP-3298,HR,"Designing a new brand logo"
EMP-1057,IT,"Resolving employee conflict"
EMP-0306,IT,"Negotiating a client contract"
EMP-0914,IT,"Designing a new brand logo"
EMP-0615,Marketing,"Extracting numbers from PDFs"
EMP-1145,HR,"Interviewing new candidates"
EMP-3647,Sales,"Scheduling calendar invites"
EMP-0807,IT,"Leading a brainstorming session"
EMP-0797,Marketing,"Extracting numbers from PDFs"
EMP-0219,Customer Support,"Sorting spreadsheets"
EMP-0625,HR,"Copy-pasting emails into CRM"
EMP-3692,Sales,"Sorting spreadsheets"
EMP-2624,HR,"Copy-pasting emails into CRM"
EMP-0540,IT,"Leading a brainstorming session"
EMP-1663,IT,"Designing a new brand logo"
EMP-3183,Customer Support,"Sorting spreadsheets"
EMP-1503,Sales,"Sorting spreadsheets"
EMP-1421,IT,"Data entry from invoices"
EMP-3200,Customer Support,"Data entry from invoices"
EMP-3247,IT,"Interviewing new candidates"
EMP-0897,Customer Support,"Formatting reports"
EMP-2672,HR,"Resolving employee conflict"
EMP-3050,Marketing,"Data entry from invoices"
EMP-2854,IT,"Copy-pasting emails into CRM"
EMP-1661,Marketing,"Extracting numbers from PDFs"
EMP-2974,Customer Support,"Interviewing new candidates"
EMP-3605,Customer Support,"Scheduling calendar invites"
EMP-3899,Customer Support,"Extracting numbers from PDFs"
EMP-1291,HR,"Copy-pasting emails into CRM"
EMP-1076,IT,"Copy-pasting emails into CRM"
EMP-2445,Marketing,"Extracting numbers from PDFs"
EMP-2844,Sales,"Copy-pasting emails into CRM"
EMP-0199,Sales,"Copy-pasting emails into CRM"
EMP-1177,HR,"Negotiating a client contract"
EMP-1918,HR,"High-level strategy planning"
EMP-3725,Sales,"Copy-pasting emails into CRM"
EMP-2327,HR,"Copy-pasting emails into CRM"
EMP-1310,Marketing,"Extracting numbers from PDFs"
EMP-0252,IT,"Data entry from invoices"
EMP-0455,HR,"Copy-pasting emails into CRM"
EMP-2061,IT,"Designing a new brand logo"
EMP-1313,Customer Support,"Copy-pasting emails into CRM"
EMP-3435,Customer Support,"Formatting reports"
EMP-2093,Sales,"Formatting reports"
EMP-1613,IT,"High-level strategy planning"
EMP-0867,Marketing,"Extracting numbers from PDFs"
EMP-2243,Sales,"Data entry from invoices"
EMP-2422,HR,"Interviewing new candidates"
EMP-0674,Customer Support,"Interviewing new candidates"
EMP-2034,HR,"Negotiating a client contract"
EMP-3078,HR,"Leading a brainstorming session"
EMP-0305,HR,"Leading a brainstorming session"
EMP-0053,Customer Support,"Formatting reports"
EMP-1345,Customer Support,"Data entry from invoices"
EMP-3509,HR,"Negotiating a client contract"
EMP-0144,Customer Support,"Copy-pasting emails into CRM"
EMP-3332,Sales,"Formatting reports"
EMP-2889,IT,"Negotiating a client contract"
EMP-1683,Sales,"Copy-pasting emails into CRM"
EMP-1098,Customer Support,"Formatting reports"
EMP-3086,Marketing,"Sorting spreadsheets"
EMP-3084,Sales,"Data entry from invoices"
EMP-2835,Sales,"Sorting spreadsheets"
EMP-0615,Marketing,"Data entry from invoices"
EMP-1455,Sales,"Negotiating a client contract"
EMP-2827,Customer Support,"Copy-pasting emails into CRM"
EMP-1785,IT,"Copy-pasting emails into CRM"
EMP-0229,Sales,"Formatting reports"
EMP-2441,IT,"Leading a brainstorming session"
EMP-1339,IT,"Copy-pasting emails into CRM"
EMP-3879,HR,"Data entry from invoices"
EMP-0316,IT,"Leading a brainstorming session"
EMP-0154,Sales,"Sorting spreadsheets"
EMP-0171,IT,"Interviewing new candidates"
EMP-1959,IT,"Data entry from invoices"
EMP-1132,Marketing,"Formatting reports"
EMP-1194,Sales,"Sorting spreadsheets"
EMP-1880,Marketing,"Extracting numbers from PDFs"
EMP-1673,HR,"Resolving employee conflict"
EMP-2093,Marketing,"Sorting spreadsheets"
EMP-3511,HR,"Negotiating a client contract"
EMP-0628,Sales,"Sorting spreadsheets"
EMP-3908,IT,"Negotiating a client contract"
EMP-1145,IT,"Leading a brainstorming session"
EMP-3764,Customer Support,"Copy-pasting emails into CRM"
EMP-2887,Sales,"Scheduling calendar invites"
EMP-1160,HR,"Copy-pasting emails into CRM"
EMP-1392,Marketing,"Formatting reports"
EMP-2088,Marketing,"Copy-pasting emails into CRM"
EMP-0704,Sales,"Negotiating a client contract"
EMP-2703,Customer Support,"Interviewing new candidates"
EMP-2779,Sales,"Copy-pasting emails into CRM"
EMP-0566,Marketing,"Formatting reports"
EMP-1989,Marketing,"Scheduling calendar invites"
EMP-2402,Marketing,"Extracting numbers from PDFs"
EMP-1932,Sales,"Copy-pasting emails into CRM"
EMP-2326,IT,"Leading a brainstorming session"
EMP-1509,Marketing,"Interviewing new candidates"
EMP-2559,Sales,"Sorting spreadsheets"
EMP-0141,Marketing,"Scheduling calendar invites"
EMP-3553,Marketing,"Extracting numbers from PDFs"
EMP-2238,HR,"High-level strategy planning"
EMP-2617,Sales,"Sorting spreadsheets"
EMP-0739,IT,"Copy-pasting emails into CRM"
EMP-3181,HR,"High-level strategy planning"
EMP-1585,IT,"Designing a new brand logo"
EMP-2047,HR,"Copy-pasting emails into CRM"
EMP-0026,Sales,"Interviewing new candidates"
EMP-0328,Sales,"Data entry from invoices"
EMP-2826,IT,"Data entry from invoices"
EMP-3097,IT,"Copy-pasting emails into CRM"
EMP-1732,Sales,"Extracting numbers from PDFs"
EMP-0304,Customer Support,"Copy-pasting emails into CRM"
EMP-0723,Customer Support,"Scheduling calendar invites"
EMP-1916,Customer Support,"Extracting numbers from PDFs"
EMP-3206,Customer Support,"Copy-pasting emails into CRM"
EMP-1422,Marketing,"Sorting spreadsheets"
EMP-2286,IT,"Copy-pasting emails into CRM"
EMP-1703,Marketing,"Interviewing new candidates"
EMP-3225,Customer Support,"Extracting numbers from PDFs"
EMP-0091,IT,"Negotiating a client contract"
EMP-3209,Marketing,"Extracting numbers from PDFs"
EMP-0675,Marketing,"Formatting reports"
EMP-0264,Sales,"Extracting numbers from PDFs"
EMP-2340,IT,"Resolving employee conflict"
EMP-2943,Marketing,"Data entry from invoices"
EMP-2592,Sales,"Data entry from invoices"
EMP-1247,HR,"Data entry from invoices"
EMP-2971,Sales,"Extracting numbers from PDFs"
EMP-0681,HR,"Negotiating a client contract"
EMP-2647,Sales,"Data entry from invoices"
EMP-3795,Sales,"Formatting reports"
EMP-0432,Sales,"Copy-pasting emails into CRM"
EMP-2343,HR,"Data entry from invoices"
EMP-0878,Customer Support,"Negotiating a client contract"
EMP-0112,Customer Support,"Extracting numbers from PDFs"
EMP-2254,HR,"Copy-pasting emails into CRM"
EMP-2401,Customer Support,"Sorting spreadsheets"
EMP-1918,HR,"Interviewing new candidates"
EMP-0576,HR,"Interviewing new candidates"
EMP-0651,HR,"Interviewing new candidates"
EMP-3477,Sales,"Sorting spreadsheets"
EMP-2764,Marketing,"Copy-pasting emails into CRM"
EMP-0342,HR,"Negotiating a client contract"
EMP-2790,Sales,"Sorting spreadsheets"
EMP-3613,Sales,"Scheduling calendar invites"
EMP-3452,Customer Support,"Extracting numbers from PDFs"
EMP-2214,Marketing,"Sorting spreadsheets"
EMP-2447,Sales,"Interviewing new candidates"
EMP-1170,Marketing,"Sorting spreadsheets"
EMP-1534,Marketing,"Copy-pasting emails into CRM"
EMP-0979,IT,"Interviewing new candidates"
EMP-2347,Sales,"Scheduling calendar invites"
EMP-2702,Sales,"Sorting spreadsheets"
EMP-2044,Marketing,"Data entry from invoices"
EMP-3283,Sales,"Sorting spreadsheets"
EMP-2354,HR,"Resolving employee conflict"
EMP-2822,Sales,"Formatting reports"
EMP-2656,Sales,"Extracting numbers from PDFs"
EMP-0708,HR,"High-level strategy planning"
EMP-2320,Customer Support,"Data entry from invoices"
EMP-2613,IT,"High-level strategy planning"
EMP-1916,IT,"High-level strategy planning"
EMP-1566,Marketing,"Copy-pasting emails into CRM"
EMP-0726,Customer Support,"Formatting reports"
EMP-1476,Sales,"Sorting spreadsheets"
EMP-1054,IT,"High-level strategy planning"
EMP-1854,Sales,"Extracting numbers from PDFs"
EMP-0077,IT,"Designing a new brand logo"
EMP-1127,Sales,"Interviewing new candidates"
EMP-2844,HR,"Resolving employee conflict"
EMP-2662,Sales,"Extracting numbers from PDFs"
EMP-1922,HR,"Copy-pasting emails into CRM"
EMP-0233,IT,"High-level strategy planning"
EMP-0549,IT,"Copy-pasting emails into CRM"
EMP-3623,Sales,"Formatting reports"
EMP-3261,IT,"Data entry from invoices"
EMP-3068,Marketing,"Interviewing new candidates"
EMP-3650,HR,"Copy-pasting emails into CRM"
EMP-1192,Sales,"Extracting numbers from PDFs"
EMP-3466,Sales,"Scheduling calendar invites"
EMP-3383,IT,"High-level strategy planning"
EMP-3950,Customer Support,"Negotiating a client contract"
EMP-3057,IT,"Interviewing new candidates"
EMP-1070,IT,"Interviewing new candidates"
EMP-1144,Customer Support,"Scheduling calendar invites"
EMP-1571,IT,"Data entry from invoices"
EMP-3505,HR,"Interviewing new candidates"
EMP-0238,Customer Support,"Negotiating a client contract"
EMP-2635,Marketing,"Scheduling calendar invites"
EMP-2050,IT,"Leading a brainstorming session"
EMP-3401,Marketing,"Sorting spreadsheets"
EMP-1579,HR,"Leading a brainstorming session"
EMP-0446,Sales,"Formatting reports"
EMP-1774,Sales,"Copy-pasting emails into CRM"
EMP-2508,Marketing,"Extracting numbers from PDFs"
EMP-2671,Customer Support,"Sorting spreadsheets"
EMP-1680,Marketing,"Extracting numbers from PDFs"
EMP-2723,Marketing,"Data entry from invoices"
EMP-2952,HR,"Data entry from invoices"
EMP-1770,HR,"Leading a brainstorming session"
EMP-1837,Marketing,"Scheduling calendar invites"
EMP-0210,Marketing,"Sorting spreadsheets"
EMP-1048,Customer Support,"Formatting reports"
EMP-1029,IT,"Negotiating a client contract"
EMP-2842,IT,"Leading a brainstorming session"
EMP-0955,Marketing,"Sorting spreadsheets"
EMP-3570,HR,"Copy-pasting emails into CRM"
EMP-1269,Customer Support,"Negotiating a client contract"
EMP-0651,HR,"Copy-pasting emails into CRM"
EMP-2722,IT,"Resolving employee conflict"
EMP-0344,HR,"Designing a new brand logo"
EMP-3147,Marketing,"Formatting reports"
EMP-2536,IT,"Designing a new brand logo"
EMP-2007,Customer Support,"Scheduling calendar invites"
EMP-3617,IT,"Negotiating a client contract"
EMP-2709,HR,"Copy-pasting emails into CRM"
EMP-0869,IT,"Interviewing new candidates"
EMP-0376,HR,"Data entry from invoices"
EMP-3778,HR,"Resolving employee conflict"
EMP-1724,Sales,"Scheduling calendar invites"
EMP-3033,Sales,"Negotiating a client contract"
EMP-1019,Sales,"Extracting numbers from PDFs"
EMP-1338,Sales,"Scheduling calendar invites"
EMP-1264,IT,"Designing a new brand logo"
EMP-3444,HR,"Resolving employee conflict"
EMP-2186,Sales,"Data entry from invoices"
EMP-1319,Marketing,"Extracting numbers from PDFs"
EMP-0833,Marketing,"Copy-pasting emails into CRM"
EMP-2551,IT,"Data entry from invoices"
EMP-2932,Customer Support,"Copy-pasting emails into CRM"
EMP-3566,IT,"Leading a brainstorming session"
EMP-0899,HR,"Leading a brainstorming session"
EMP-3399,IT,"Interviewing new candidates"
EMP-2272,HR,"Designing a new brand logo"
EMP-2576,Sales,"Extracting numbers from PDFs"
EMP-3651,Marketing,"Formatting reports"
EMP-3005,Customer Support,"Interviewing new candidates"
EMP-3255,HR,"Data entry from invoices"
EMP-0077,Customer Support,"Data entry from invoices"
EMP-2752,IT,"Resolving employee conflict"
EMP-1165,Marketing,"Copy-pasting emails into CRM"
EMP-1305,Customer Support,"Formatting reports"
EMP-1685,Sales,"Copy-pasting emails into CRM"
EMP-1481,Customer Support,"Scheduling calendar invites"
EMP-0769,Sales,"Scheduling calendar invites"
EMP-2471,HR,"Resolving employee conflict"
EMP-3534,Marketing,"Data entry from invoices"
EMP-0988,HR,"High-level strategy planning"
EMP-1816,Customer Support,"Interviewing new candidates"
EMP-2572,Customer Support,"Sorting spreadsheets"
EMP-3883,Marketing,"Formatting reports"
EMP-3624,HR,"Copy-pasting emails into CRM"
EMP-2773,Marketing,"Data entry from invoices"
EMP-1737,IT,"Interviewing new candidates"
EMP-2141,Customer Support,"Formatting reports"
EMP-2079,Customer Support,"Formatting reports"
EMP-0248,HR,"Negotiating a client contract"
EMP-2039,IT,"Copy-pasting emails into CRM"
EMP-2845,Marketing,"Data entry from invoices"
EMP-2972,Marketing,"Formatting reports"
EMP-0825,Marketing,"Scheduling calendar invites"
EMP-3533,Sales,"Negotiating a client contract"
EMP-2385,Sales,"Copy-pasting emails into CRM"
EMP-1458,HR,"High-level strategy planning"
EMP-2934,HR,"Interviewing new candidates"
EMP-3352,IT,"Copy-pasting emails into CRM"
EMP-2631,Customer Support,"Extracting numbers from PDFs"
EMP-0434,Marketing,"Formatting reports"
EMP-1086,Sales,"Interviewing new candidates"
EMP-0425,Sales,"Sorting spreadsheets"
EMP-0877,Sales,"Formatting reports"
EMP-3297,IT,"Designing a new brand logo"
EMP-0440,Sales,"Data entry from invoices"
EMP-0505,Sales,"Copy-pasting emails into CRM"
EMP-0331,HR,"Copy-pasting emails into CRM"
EMP-0413,Customer Support,"Formatting reports"
EMP-0621,HR,"Copy-pasting emails into CRM"
EMP-0292,IT,"Negotiating a client contract"
EMP-0823,Marketing,"Data entry from invoices"
EMP-3823,Customer Support,"Interviewing new candidates"
EMP-2494,IT,"Data entry from invoices"
EMP-0318,Sales,"Copy-pasting emails into CRM"
EMP-3589,Customer Support,"Copy-pasting emails into CRM"
EMP-1290,HR,"Copy-pasting emails into CRM"
EMP-0656,Marketing,"Data entry from invoices"
EMP-3833,Marketing,"Formatting reports"
EMP-3451,Customer Support,"Formatting reports"
EMP-0924,Sales,"Sorting spreadsheets"
EMP-3639,HR,"Copy-pasting emails into CRM"
EMP-2432,HR,"Copy-pasting emails into CRM"
EMP-3854,HR,"Designing a new brand logo"
EMP-1314,Marketing,"Interviewing new candidates"
EMP-0244,IT,"Designing a new brand logo"
EMP-2194,HR,"Designing a new brand logo"
EMP-3133,IT,"Copy-pasting emails into CRM"
EMP-3396,Customer Support,"Scheduling calendar invites"
EMP-3268,IT,"Copy-pasting emails into CRM"
EMP-3086,IT,"Copy-pasting emails into CRM"
EMP-1647,HR,"Data entry from invoices"
EMP-2767,Customer Support,"Sorting spreadsheets"
EMP-2689,Marketing,"Formatting reports"
EMP-3008,Marketing,"Extracting numbers from PDFs"
EMP-1046,Marketing,"Scheduling calendar invites"
EMP-2558,Customer Support,"Scheduling calendar invites"
EMP-3201,Marketing,"Negotiating a client contract"
EMP-2163,IT,"Designing a new brand logo"
EMP-0541,HR,"Leading a brainstorming session"
EMP-0790,Customer Support,"Extracting numbers from PDFs"
EMP-2276,Customer Support,"Copy-pasting emails into CRM"
EMP-0197,HR,"Data entry from invoices"
EMP-0523,Customer Support,"Data entry from invoices"
EMP-0573,Sales,"Scheduling calendar invites"
EMP-1524,Marketing,"Interviewing new candidates"
EMP-0392,Customer Support,"Negotiating a client contract"
EMP-3358,IT,"Resolving employee conflict"
EMP-0512,IT,"Designing a new brand logo"
EMP-3508,HR,"Copy-pasting emails into CRM"
EMP-1203,HR,"Leading a brainstorming session"
EMP-0464,Sales,"Sorting spreadsheets"
EMP-0035,Sales,"Data entry from invoices"
EMP-2396,IT,"Copy-pasting emails into CRM"
EMP-0780,HR,"Data entry from invoices"
EMP-3324,Customer Support,"Scheduling calendar invites"
EMP-0042,IT,"Designing a new brand logo"
EMP-3603,Sales,"Negotiating a client contract"
EMP-2391,HR,"Resolving employee conflict"
EMP-0035,Sales,"Scheduling calendar invites"
EMP-2036,Marketing,"Sorting spreadsheets"
EMP-1543,HR,"Leading a brainstorming session"
EMP-3211,Sales,"Copy-pasting emails into CRM"
EMP-1401,Marketing,"Scheduling calendar invites"
EMP-2672,Customer Support,"Copy-pasting emails into CRM"
EMP-2602,Customer Support,"Copy-pasting emails into CRM"
EMP-0731,Sales,"Interviewing new candidates"
EMP-0956,HR,"Interviewing new candidates"
EMP-1350,IT,"Copy-pasting emails into CRM"
EMP-0590,IT,"Negotiating a client contract"
EMP-1796,Marketing,"Data entry from invoices"
EMP-3467,IT,"Leading a brainstorming session"
EMP-2912,HR,"Designing a new brand logo"
EMP-2578,IT,"Copy-pasting emails into CRM"
EMP-1216,Sales,"Data entry from invoices"
EMP-1266,IT,"Leading a brainstorming session"
EMP-0350,Customer Support,"Scheduling calendar invites"
EMP-0881,Customer Support,"Scheduling calendar invites"
EMP-1579,IT,"Interviewing new candidates"
EMP-0123,HR,"Interviewing new candidates"
EMP-0363,Customer Support,"Scheduling calendar invites"
EMP-2087,HR,"Data entry from invoices"
EMP-2257,IT,"Copy-pasting emails into CRM"
EMP-3924,Customer Support,"Sorting spreadsheets"
EMP-1932,Marketing,"Sorting spreadsheets"
EMP-3295,HR,"Leading a brainstorming session"
EMP-1983,IT,"Negotiating a client contract"
EMP-2108,HR,"Copy-pasting emails into CRM"
EMP-0703,Customer Support,"Data entry from invoices"
EMP-3927,Customer Support,"Data entry from invoices"
EMP-3043,HR,"Negotiating a client contract"
EMP-0093,HR,"Data entry from invoices"
EMP-3176,Customer Support,"Extracting numbers from PDFs"
EMP-0421,IT,"Data entry from invoices"
EMP-2708,Marketing,"Interviewing new candidates"
EMP-2267,IT,"Leading a brainstorming session"
EMP-3169,Customer Support,"Scheduling calendar invites"
EMP-1352,IT,"Data entry from invoices"
EMP-1185,Customer Support,"Scheduling calendar invites"
EMP-0883,Customer Support,"Scheduling calendar invites"
EMP-1954,Customer Support,"Scheduling calendar invites"
EMP-0897,Sales,"Scheduling calendar invites"
EMP-1674,HR,"Leading a brainstorming session"
EMP-0066,Marketing,"Extracting numbers from PDFs"
EMP-0530,HR,"High-level strategy planning"
EMP-0783,Customer Support,"Negotiating a client contract"
EMP-2224,Marketing,"Negotiating a client contract"
EMP-1680,Sales,"Scheduling calendar invites"
EMP-1722,Marketing,"Negotiating a client contract"
EMP-3558,Sales,"Negotiating a client contract"
EMP-2955,Sales,"Data entry from invoices"
EMP-3515,Marketing,"Interviewing new candidates"
EMP-1158,IT,"Designing a new brand logo"
EMP-1083,Customer Support,"Interviewing new candidates"
EMP-0063,IT,"Designing a new brand logo"
EMP-1830,HR,"Resolving employee conflict"
EMP-3606,Sales,"Scheduling calendar invites"
EMP-2851,Sales,"Sorting spreadsheets"
EMP-0241,HR,"Leading a brainstorming session"
EMP-3035,Marketing,"Copy-pasting emails into CRM"
EMP-1027,Customer Support,"Extracting numbers from PDFs"
EMP-2509,HR,"Data entry from invoices"
EMP-1890,IT,"Negotiating a client contract"
EMP-1443,HR,"Resolving employee conflict"
EMP-2099,Sales,"Interviewing new candidates"
EMP-1443,Marketing,"Formatting reports"
EMP-3238,Customer Support,"Extracting numbers from PDFs"
EMP-0027,Marketing,"Extracting numbers from PDFs"
EMP-2197,IT,"Data entry from invoices"
EMP-3585,Marketing,"Scheduling calendar invites"
EMP-1436,Sales,"Scheduling calendar invites"
EMP-2060,HR,"Leading a brainstorming session"
EMP-2685,Marketing,"Data entry from invoices"
EMP-2502,Customer Support,"Data entry from invoices"
EMP-3134,IT,"High-level strategy planning"
EMP-0416,HR,"Data entry from invoices"
EMP-2668,Marketing,"Extracting numbers from PDFs"
EMP-0657,IT,"Copy-pasting emails into CRM"
EMP-1717,Marketing,"Negotiating a client contract"
EMP-0664,HR,"Negotiating a client contract"
EMP-1839,Customer Support,"Negotiating a client contract"
EMP-1369,HR,"Resolving employee conflict"
EMP-2380,HR,"Negotiating a client contract"
EMP-0904,Marketing,"Formatting reports"
EMP-2142,Customer Support,"Scheduling calendar invites"
EMP-1696,Marketing,"Extracting numbers from PDFs"
EMP-2289,Marketing,"Sorting spreadsheets"
EMP-2911,Customer Support,"Negotiating a client contract"
EMP-3847,Sales,"Extracting numbers from PDFs"
EMP-1916,HR,"High-level strategy planning"
EMP-3415,Customer Support,"Formatting reports"
EMP-3269,Customer Support,"Extracting numbers from PDFs"
EMP-3526,Sales,"Interviewing new candidates"
EMP-0087,IT,"Interviewing new candidates"
EMP-0210,Sales,"Scheduling calendar invites"
EMP-2745,Marketing,"Scheduling calendar invites"
EMP-0229,Customer Support,"Interviewing new candidates"
EMP-1875,IT,"Negotiating a client contract"
EMP-1150,HR,"Data entry from invoices"
EMP-2078,Sales,"Copy-pasting emails into CRM"
EMP-2964,Sales,"Formatting reports"
EMP-0710,Marketing,"Negotiating a client contract"
EMP-1929,Customer Support,"Data entry from invoices"
EMP-2608,Sales,"Formatting reports"
EMP-3157,Customer Support,"Extracting numbers from PDFs"
EMP-2253,Marketing,"Extracting numbers from PDFs"
EMP-2920,HR,"Negotiating a client contract"
EMP-1250,Sales,"Scheduling calendar invites"
EMP-1752,Sales,"Data entry from invoices"
EMP-0692,IT,"Copy-pasting emails into CRM"
EMP-2805,Sales,"Copy-pasting emails into CRM"
EMP-1705,Customer Support,"Scheduling calendar invites"
EMP-3956,Customer Support,"Data entry from invoices"
EMP-1408,HR,"Designing a new brand logo"
EMP-2081,IT,"Negotiating a client contract"
EMP-3303,Customer Support,"Sorting spreadsheets"
EMP-0933,HR,"Designing a new brand logo"
EMP-1438,Sales,"Scheduling calendar invites"
EMP-3207,Sales,"Data entry from invoices"
EMP-0645,HR,"Data entry from invoices"
EMP-3806,Customer Support,"Copy-pasting emails into CRM"
EMP-3858,Sales,"Extracting numbers from PDFs"
EMP-3535,HR,"Leading a brainstorming session"
EMP-2482,IT,"Copy-pasting emails into CRM"
EMP-3287,Customer Support,"Sorting spreadsheets"
EMP-2010,HR,"High-level strategy planning"
EMP-2262,IT,"High-level strategy planning"
EMP-3134,Customer Support,"Sorting spreadsheets"
EMP-3604,IT,"Resolving employee conflict"
EMP-3953,IT,"Interviewing new candidates"
EMP-2167,Marketing,"Data entry from invoices"
EMP-1976,Customer Support,"Sorting spreadsheets"
EMP-1198,Marketing,"Scheduling calendar invites"
EMP-2007,IT,"Negotiating a client contract"
EMP-3981,IT,"Designing a new brand logo"
EMP-3233,Customer Support,"Interviewing new candidates"
EMP-0877,Customer Support,"Scheduling calendar invites"
EMP-0543,Sales,"Interviewing new candidates"
EMP-1750,IT,"Designing a new brand logo"
EMP-0529,HR,"Negotiating a client contract"
EMP-3117,IT,"High-level strategy planning"
EMP-2603,Sales,"Negotiating a client contract"
EMP-1501,HR,"High-level strategy planning"
EMP-2680,IT,"Negotiating a client contract"
EMP-2374,Customer Support,"Scheduling calendar invites"
EMP-2153,Sales,"Formatting reports"
EMP-4001,IT,"Data entry from invoices"
EMP-3636,Marketing,"Negotiating a client contract"
EMP-2140,HR,"Leading a brainstorming session"
EMP-1672,HR,"Negotiating a client contract"
EMP-1506,HR,"Resolving employee conflict"
EMP-1543,Marketing,"Formatting reports"
EMP-1404,Marketing,"Extracting numbers from PDFs"
EMP-0509,IT,"Data entry from invoices"
EMP-2537,IT,"Negotiating a client contract"
EMP-0029,Customer Support,"Sorting spreadsheets"
EMP-3014,IT,"Leading a brainstorming session"
EMP-2255,IT,"Copy-pasting emails into CRM"
EMP-2390,Sales,"Extracting numbers from PDFs"
EMP-2227,HR,"Copy-pasting emails into CRM"
EMP-0206,Customer Support,"Scheduling calendar invites"
EMP-0498,Marketing,"Negotiating a client contract"
EMP-0908,IT,"Resolving employee conflict"
EMP-1267,IT,"Interviewing new candidates"
EMP-3384,HR,"Interviewing new candidates"
EMP-1303,HR,"Interviewing new candidates"
EMP-3185,IT,"Leading a brainstorming session"
EMP-1061,Marketing,"Formatting reports"
EMP-3723,Customer Support,"Scheduling calendar invites"
EMP-1632,Marketing,"Sorting spreadsheets"
EMP-3526,Marketing,"Data entry from invoices"
EMP-0538,Sales,"Interviewing new candidates"
EMP-0240,HR,"High-level strategy planning"
EMP-2535,HR,"Copy-pasting emails into CRM"
EMP-3043,Customer Support,"Copy-pasting emails into CRM"
EMP-3869,IT,"Interviewing new candidates"
EMP-2347,Customer Support,"Negotiating a client contract"
EMP-2859,Marketing,"Formatting reports"
EMP-3103,HR,"High-level strategy planning"
EMP-0234,Sales,"Sorting spreadsheets"
EMP-3050,Marketing,"Extracting numbers from PDFs"
EMP-0785,Marketing,"Copy-pasting emails into CRM"
EMP-3600,Sales,"Negotiating a client contract"
EMP-1762,HR,"Data entry from invoices"
EMP-0013,IT,"Copy-pasting emails into CRM"
EMP-1385,HR,"Data entry from invoices"
EMP-1813,Customer Support,"Scheduling calendar invites"
EMP-1573,HR,"Designing a new brand logo"
EMP-2933,IT,"Resolving employee conflict"
EMP-2398,HR,"High-level strategy planning"
EMP-3142,Sales,"Copy-pasting emails into CRM"
EMP-0594,Customer Support,"Formatting reports"
EMP-1837,Marketing,"Negotiating a client contract"
EMP-3199,HR,"Designing a new brand logo"
EMP-0483,Marketing,"Sorting spreadsheets"
EMP-3919,Sales,"Interviewing new candidates"
EMP-1342,IT,"Designing a new brand logo"
EMP-0340,HR,"Leading a brainstorming session"
EMP-1237,IT,"High-level strategy planning"
EMP-3204,Sales,"Scheduling calendar invites"
EMP-0960,Marketing,"Extracting numbers from PDFs"
EMP-1758,IT,"Resolving employee conflict"
EMP-1946,IT,"Copy-pasting emails into CRM"
EMP-3891,IT,"Negotiating a client contract"
EMP-2403,Marketing,"Sorting spreadsheets"
EMP-0310,IT,"Resolving employee conflict"
EMP-3997,Marketing,"Copy-pasting emails into CRM"
EMP-3003,HR,"Negotiating a client contract"
EMP-1694,HR,"Leading a brainstorming session"
EMP-0208,HR,"Negotiating a client contract"
EMP-3912,Sales,"Interviewing new candidates"
EMP-1651,HR,"Designing a new brand logo"
EMP-1607,Marketing,"Sorting spreadsheets"
EMP-1410,Sales,"Extracting numbers from PDFs"
EMP-3451,Customer Support,"Negotiating a client contract"
EMP-0961,Sales,"Extracting numbers from PDFs"
EMP-3111,Marketing,"Negotiating a client contract"
EMP-1927,HR,"Data entry from invoices"
EMP-2374,HR,"Designing a new brand logo"
EMP-2847,Sales,"Sorting spreadsheets"
EMP-3219,Customer Support,"Formatting reports"
EMP-0882,HR,"Data entry from invoices"
EMP-3502,HR,"High-level strategy planning"
EMP-3031,Sales,"Interviewing new candidates"
EMP-0766,Customer Support,"Negotiating a client contract"
EMP-0731,IT,"Designing a new brand logo"
EMP-2555,Customer Support,"Scheduling calendar invites"
EMP-2492,Marketing,"Formatting reports"
EMP-2006,HR,"Copy-pasting emails into CRM"
EMP-1546,Sales,"Scheduling calendar invites"
EMP-3417,Marketing,"Negotiating a client contract"
EMP-1235,HR,"Data entry from invoices"
EMP-2176,IT,"Data entry from invoices"
EMP-0761,Customer Support,"Negotiating a client contract"
EMP-2182,IT,"Designing a new brand logo"
EMP-1228,Sales,"Extracting numbers from PDFs"
EMP-0696,HR,"Designing a new brand logo"
EMP-3119,Marketing,"Data entry from invoices"
EMP-1340,Customer Support,"Extracting numbers from PDFs"
EMP-3149,HR,"High-level strategy planning"
EMP-1841,Marketing,"Sorting spreadsheets"
EMP-3102,Customer Support,"Copy-pasting emails into CRM"
EMP-1357,Customer Support,"Scheduling calendar invites"
EMP-3827,Sales,"Scheduling calendar invites"
EMP-0698,Marketing,"Copy-pasting emails into CRM"
EMP-0673,Sales,"Extracting numbers from PDFs"
EMP-2436,Marketing,"Sorting spreadsheets"
EMP-0659,Customer Support,"Extracting numbers from PDFs"
EMP-3793,HR,"Data entry from invoices"
EMP-2235,HR,"Copy-pasting emails into CRM"
EMP-0529,Marketing,"Interviewing new candidates"
EMP-3939,Sales,"Extracting numbers from PDFs"
EMP-3984,Marketing,"Negotiating a client contract"
EMP-0076,IT,"Resolving employee conflict"
EMP-0729,Customer Support,"Copy-pasting emails into CRM"
EMP-3374,IT,"High-level strategy planning"
EMP-3682,Sales,"Copy-pasting emails into CRM"
EMP-3074,HR,"Interviewing new candidates"
EMP-3325,HR,"Leading a brainstorming session"
EMP-0264,Sales,"Formatting reports"
EMP-2349,IT,"Designing a new brand logo"
EMP-3981,HR,"High-level strategy planning"
EMP-0126,Customer Support,"Negotiating a client contract"
EMP-3057,Sales,"Negotiating a client contract"
EMP-2090,Customer Support,"Data entry from invoices"
EMP-0081,Customer Support,"Copy-pasting emails into CRM"
EMP-2284,Customer Support,"Interviewing new candidates"
EMP-0968,Customer Support,"Extracting numbers from PDFs"
EMP-2406,IT,"Data entry from invoices"
EMP-3148,HR,"Interviewing new candidates"
EMP-3694,Customer Support,"Data entry from invoices"
EMP-0543,Marketing,"Sorting spreadsheets"
EMP-0554,Marketing,"Extracting numbers from PDFs"
EMP-2117,Customer Support,"Sorting spreadsheets"
EMP-1794,Sales,"Interviewing new candidates"
EMP-2173,Sales,"Sorting spreadsheets"
EMP-0692,IT,"High-level strategy planning"
EMP-3968,Sales,"Formatting reports"
EMP-0868,HR,"Resolving employee conflict"
EMP-1040,IT,"Designing a new brand logo"
EMP-1618,HR,"Data entry from invoices"
EMP-3387,Marketing,"Formatting reports"
EMP-1120,HR,"Data entry from invoices"
EMP-1703,Marketing,"Copy-pasting emails into CRM"
EMP-3785,HR,"Resolving employee conflict"
EMP-3352,IT,"Leading a brainstorming session"
EMP-1431,HR,"High-level strategy planning"
EMP-1736,Sales,"Interviewing new candidates"
EMP-1188,HR,"Resolving employee conflict"
EMP-3614,Customer Support,"Extracting numbers from PDFs"
EMP-2864,Sales,"Extracting numbers from PDFs"
EMP-3718,Sales,"Formatting reports"
EMP-1418,Sales,"Scheduling calendar invites"
EMP-2168,IT,"High-level strategy planning"
EMP-3441,Marketing,"Scheduling calendar invites"
EMP-2542,IT,"Data entry from invoices"
EMP-3665,IT,"Designing a new brand logo"
EMP-1620,Sales,"Sorting spreadsheets"
EMP-0008,IT,"Resolving employee conflict"
EMP-2633,Customer Support,"Sorting spreadsheets"
EMP-1437,HR,"Resolving employee conflict"
EMP-0714,Sales,"Extracting numbers from PDFs"
EMP-3823,Sales,"Formatting reports"
EMP-3640,Customer Support,"Sorting spreadsheets"
EMP-0392,Marketing,"Data entry from invoices"
EMP-1774,HR,"Data entry from invoices"
EMP-3839,Marketing,"Scheduling calendar invites"
EMP-1424,Marketing,"Data entry from invoices"
EMP-3505,Sales,"Data entry from invoices"
EMP-0929,HR,"Copy-pasting emails into CRM"
EMP-3844,Customer Support,"Copy-pasting emails into CRM"
EMP-1906,Customer Support,"Interviewing new candidates"
EMP-0522,Marketing,"Interviewing new candidates"
EMP-1747,HR,"Leading a brainstorming session"
EMP-2416,IT,"Copy-pasting emails into CRM"
EMP-2819,Marketing,"Extracting numbers from PDFs"
EMP-1655,HR,"Data entry from invoices"
EMP-3754,Customer Support,"Scheduling calendar invites"
EMP-0225,Sales,"Data entry from invoices"
EMP-3573,Sales,"Sorting spreadsheets"
EMP-2796,Sales,"Extracting numbers from PDFs"
EMP-3932,HR,"Data entry from invoices"
EMP-1605,Customer Support,"Extracting numbers from PDFs"
EMP-3531,IT,"Leading a brainstorming session"
EMP-2385,HR,"Copy-pasting emails into CRM"
EMP-0534,Customer Support,"Interviewing new candidates"
EMP-1532,Marketing,"Data entry from invoices"
EMP-3205,Customer Support,"Interviewing new candidates"
EMP-0819,IT,"Copy-pasting emails into CRM"
EMP-3627,Marketing,"Data entry from invoices"
EMP-0244,IT,"Copy-pasting emails into CRM"
EMP-1741,Sales,"Data entry from invoices"
EMP-2942,Customer Support,"Sorting spreadsheets"
EMP-3071,Sales,"Formatting reports"
EMP-3081,Marketing,"Negotiating a client contract"
EMP-2827,IT,"Data entry from invoices"
EMP-0962,IT,"Interviewing new candidates"
EMP-0215,Marketing,"Negotiating a client contract"
EMP-1888,Sales,"Interviewing new candidates"
EMP-2664,Sales,"Scheduling calendar invites"
EMP-1007,HR,"Negotiating a client contract"
EMP-1684,Customer Support,"Extracting numbers from PDFs"
EMP-3948,IT,"Interviewing new candidates"
EMP-1627,Sales,"Interviewing new candidates"
EMP-0165,Sales,"Formatting reports"
EMP-2883,HR,"Resolving employee conflict"
EMP-3078,Marketing,"Scheduling calendar invites"
EMP-0540,Marketing,"Negotiating a client contract"
EMP-1147,Sales,"Data entry from invoices"
EMP-3519,Sales,"Copy-pasting emails into CRM"
EMP-1367,Marketing,"Interviewing new candidates"
EMP-2799,IT,"Resolving employee conflict"
EMP-0428,Customer Support,"Copy-pasting emails into CRM"
EMP-3348,Marketing,"Scheduling calendar invites"
EMP-3370,Marketing,"Formatting reports"
EMP-2996,Sales,"Negotiating a client contract"
EMP-1259,Sales,"Extracting numbers from PDFs"
EMP-2584,Customer Support,"Data entry from invoices"
EMP-2208,Marketing,"Formatting reports"
EMP-1634,Marketing,"Copy-pasting emails into CRM"
EMP-1959,IT,"Resolving employee conflict"
EMP-2830,Customer Support,"Copy-pasting emails into CRM"
EMP-0244,Sales,"Data entry from invoices"
EMP-1216,Customer Support,"Negotiating a client contract"
EMP-2490,IT,"Copy-pasting emails into CRM"
EMP-1893,IT,"Leading a brainstorming session"
EMP-1025,IT,"High-level strategy planning"
EMP-1227,Customer Support,"Negotiating a client contract"
EMP-0499,Customer Support,"Extracting numbers from PDFs"
EMP-0167,Customer Support,"Sorting spreadsheets"
EMP-0230,Sales,"Extracting numbers from PDFs"
EMP-0875,HR,"High-level strategy planning"
EMP-0010,IT,"Interviewing new candidates"
EMP-3220,Customer Support,"Copy-pasting emails into CRM"
EMP-0183,IT,"High-level strategy planning"
EMP-2874,IT,"Resolving employee conflict"
EMP-3227,HR,"Designing a new brand logo"
EMP-1159,Marketing,"Sorting spreadsheets"
EMP-1236,Marketing,"Sorting spreadsheets"
EMP-1485,Customer Support,"Sorting spreadsheets"
EMP-3231,Customer Support,"Interviewing new candidates"
EMP-2446,Marketing,"Interviewing new candidates"
EMP-1536,IT,"Resolving employee conflict"
EMP-1194,Customer Support,"Sorting spreadsheets"
EMP-0127,Customer Support,"Scheduling calendar invites"
EMP-0374,Customer Support,"Data entry from invoices"
EMP-0181,Customer Support,"Data entry from invoices"
EMP-0863,Customer Support,"Copy-pasting emails into CRM"
EMP-3739,IT,"Data entry from invoices"
EMP-2719,Marketing,"Interviewing new candidates"
EMP-2531,Marketing,"Sorting spreadsheets"
EMP-2766,Sales,"Scheduling calendar invites"
EMP-2723,HR,"Data entry from invoices"
EMP-0374,Marketing,"Scheduling calendar invites"
EMP-2195,Sales,"Extracting numbers from PDFs"
EMP-2116,HR,"Interviewing new candidates"
EMP-0577,Sales,"Formatting reports"
EMP-1875,IT,"Leading a brainstorming session"
EMP-3052,Sales,"Copy-pasting emails into CRM"
EMP-0484,Sales,"Formatting reports"
EMP-2287,HR,"Negotiating a client contract"
EMP-2536,IT,"Interviewing new candidates"
EMP-0692,HR,"Interviewing new candidates"
EMP-0437,IT,"High-level strategy planning"
EMP-3019,HR,"Leading a brainstorming session"
EMP-3303,IT,"Resolving employee conflict"
EMP-3307,Sales,"Data entry from invoices"
EMP-2774,IT,"Negotiating a client contract"
EMP-0658,HR,"Resolving employee conflict"
EMP-1067,IT,"Copy-pasting emails into CRM"
EMP-3788,Sales,"Sorting spreadsheets"
EMP-0997,Sales,"Copy-pasting emails into CRM"
EMP-0675,IT,"Interviewing new candidates"
EMP-1244,Customer Support,"Scheduling calendar invites"
EMP-1212,IT,"Data entry from invoices"
EMP-3680,Sales,"Interviewing new candidates"
EMP-1343,Customer Support,"Sorting spreadsheets"
EMP-1847,Customer Support,"Negotiating a client contract"
EMP-0016,Marketing,"Negotiating a client contract"
EMP-2728,HR,"Data entry from invoices"
EMP-2082,IT,"Copy-pasting emails into CRM"
EMP-0705,Sales,"Copy-pasting emails into CRM"
EMP-3373,Customer Support,"Copy-pasting emails into CRM"
EMP-0944,HR,"Negotiating a client contract"
EMP-0233,Sales,"Extracting numbers from PDFs"
EMP-3910,HR,"Negotiating a client contract"
EMP-2167,Sales,"Extracting numbers from PDFs"
EMP-0149,IT,"Resolving employee conflict"
EMP-0130,IT,"Designing a new brand logo"
EMP-1921,HR,"Designing a new brand logo"
EMP-0004,Marketing,"Formatting reports"
EMP-3317,Sales,"Extracting numbers from PDFs"
EMP-3160,Customer Support,"Data entry from invoices"
EMP-3940,Marketing,"Sorting spreadsheets"
EMP-2687,Sales,"Scheduling calendar invites"
EMP-2796,Customer Support,"Scheduling calendar invites"
EMP-2062,IT,"High-level strategy planning"
EMP-3124,Sales,"Interviewing new candidates"
EMP-0817,IT,"Copy-pasting emails into CRM"
EMP-1822,HR,"Copy-pasting emails into CRM"
EMP-2883,Marketing,"Scheduling calendar invites"
EMP-0666,Customer Support,"Interviewing new candidates"
EMP-2801,IT,"Designing a new brand logo"
EMP-3913,HR,"Copy-pasting emails into CRM"
EMP-0599,IT,"Designing a new brand logo"
EMP-1526,HR,"Leading a brainstorming session"
EMP-2785,Marketing,"Extracting numbers from PDFs"
EMP-1502,HR,"Resolving employee conflict"
EMP-3098,Customer Support,"Copy-pasting emails into CRM"
EMP-3863,Customer Support,"Negotiating a client contract"
EMP-3806,Customer Support,"Negotiating a client contract"
EMP-1388,IT,"Designing a new brand logo"
EMP-2081,IT,"Copy-pasting emails into CRM"
EMP-1063,Sales,"Sorting spreadsheets"
EMP-0585,Sales,"Formatting reports"
EMP-0309,IT,"Negotiating a client contract"
EMP-2483,IT,"Data entry from invoices"
EMP-2696,HR,"High-level strategy planning"
EMP-0050,HR,"Copy-pasting emails into CRM"
EMP-0937,IT,"Designing a new brand logo"
EMP-0030,HR,"Resolving employee conflict"
EMP-0721,IT,"Designing a new brand logo"
EMP-1031,Customer Support,"Interviewing new candidates"
EMP-3711,HR,"Data entry from invoices"
EMP-3550,IT,"Data entry from invoices"
EMP-2985,IT,"Resolving employee conflict"
EMP-1546,Marketing,"Negotiating a client contract"
EMP-3085,HR,"Data entry from invoices"
EMP-0699,Customer Support,"Scheduling calendar invites"
EMP-2821,Customer Support,"Data entry from invoices"
EMP-0999,Marketing,"Negotiating a client contract"
EMP-0208,Customer Support,"Data entry from invoices"
EMP-1403,HR,"Data entry from invoices"
EMP-2668,HR,"Data entry from invoices"
EMP-1970,Customer Support,"Copy-pasting emails into CRM"
EMP-2231,HR,"Leading a brainstorming session"
EMP-0252,HR,"Copy-pasting emails into CRM"
EMP-0858,HR,"Data entry from invoices"
EMP-2588,HR,"Copy-pasting emails into CRM"
EMP-1121,Marketing,"Formatting reports"
EMP-2151,Sales,"Interviewing new candidates"
EMP-1661,Sales,"Copy-pasting emails into CRM"
EMP-3884,HR,"Copy-pasting emails into CRM"
EMP-1355,Marketing,"Negotiating a client contract"
EMP-3897,Sales,"Extracting numbers from PDFs"
EMP-0567,HR,"Copy-pasting emails into CRM"
EMP-3657,IT,"Resolving employee conflict"
EMP-2544,Marketing,"Sorting spreadsheets"
EMP-3453,IT,"Data entry from invoices"
EMP-0933,Customer Support,"Interviewing new candidates"
EMP-3312,IT,"Copy-pasting emails into CRM"
EMP-2073,HR,"Copy-pasting emails into CRM"
EMP-1606,Customer Support,"Formatting reports"
EMP-1604,IT,"Negotiating a client contract"
EMP-3309,IT,"Negotiating a client contract"
EMP-3593,HR,"Designing a new brand logo"
EMP-1761,Sales,"Negotiating a client contract"
EMP-0509,HR,"Data entry from invoices"
EMP-3564,Sales,"Sorting spreadsheets"
EMP-2541,HR,"Negotiating a client contract"
EMP-0495,Sales,"Negotiating a client contract"
EMP-3559,HR,"Copy-pasting emails into CRM"
EMP-3755,Sales,"Formatting reports"
EMP-3255,Marketing,"Scheduling calendar invites"
EMP-1159,Customer Support,"Formatting reports"
EMP-3223,Customer Support,"Scheduling calendar invites"
EMP-1857,Customer Support,"Interviewing new candidates"
EMP-1202,HR,"Data entry from invoices"
EMP-1631,Sales,"Copy-pasting emails into CRM"
EMP-2897,Marketing,"Data entry from invoices"
EMP-3388,IT,"Copy-pasting emails into CRM"
EMP-3323,Marketing,"Data entry from invoices"
EMP-2287,HR,"Data entry from invoices"
EMP-3023,IT,"Interviewing new candidates"
EMP-1457,IT,"Data entry from invoices"
EMP-1014,Sales,"Formatting reports"
EMP-1320,Sales,"Sorting spreadsheets"
EMP-2027,Customer Support,"Formatting reports"
EMP-3401,Sales,"Extracting numbers from PDFs"
EMP-1074,Marketing,"Formatting reports"
EMP-2254,IT,"Designing a new brand logo"
EMP-3055,IT,"High-level strategy planning"
EMP-3455,Sales,"Scheduling calendar invites"
EMP-1306,Marketing,"Data entry from invoices"
EMP-0106,Sales,"Scheduling calendar invites"
EMP-2458,Sales,"Extracting numbers from PDFs"
EMP-3154,Marketing,"Interviewing new candidates"
EMP-2286,HR,"Negotiating a client contract"
EMP-3582,Customer Support,"Scheduling calendar invites"
EMP-0538,Marketing,"Sorting spreadsheets"
EMP-1281,Marketing,"Formatting reports"
EMP-0290,Marketing,"Interviewing new candidates"
EMP-0281,Customer Support,"Formatting reports"
EMP-0651,Sales,"Formatting reports"
EMP-2427,Sales,"Extracting numbers from PDFs"
EMP-3235,Marketing,"Sorting spreadsheets"
EMP-2077,IT,"Copy-pasting emails into CRM"
EMP-2908,Marketing,"Formatting reports"
EMP-3291,Customer Support,"Extracting numbers from PDFs"
EMP-2568,HR,"Data entry from invoices"
EMP-0690,Marketing,"Data entry from invoices"
EMP-1778,Marketing,"Sorting spreadsheets"
EMP-2405,Sales,"Data entry from invoices"
EMP-2056,HR,"Negotiating a client contract"
EMP-3598,HR,"Interviewing new candidates"
EMP-3571,Sales,"Interviewing new candidates"
EMP-3316,Customer Support,"Data entry from invoices"
EMP-3861,IT,"High-level strategy planning"
EMP-3584,Customer Support,"Interviewing new candidates"
EMP-2771,Customer Support,"Copy-pasting emails into CRM"
EMP-1751,HR,"Copy-pasting emails into CRM"
EMP-0535,HR,"Interviewing new candidates"
EMP-2301,HR,"High-level strategy planning"
EMP-2539,HR,"Data entry from invoices"
EMP-0500,HR,"Leading a brainstorming session"
EMP-3727,HR,"Copy-pasting emails into CRM"
EMP-0226,Sales,"Sorting spreadsheets"
EMP-3613,IT,"Designing a new brand logo"
EMP-0888,HR,"Data entry from invoices"
EMP-2287,Marketing,"Scheduling calendar invites"
EMP-3758,HR,"Data entry from invoices"
EMP-0936,IT,"Negotiating a client contract"
EMP-0150,Sales,"Extracting numbers from PDFs"
EMP-2583,Sales,"Negotiating a client contract"
EMP-3011,IT,"Interviewing new candidates"
EMP-0112,IT,"High-level strategy planning"
EMP-3462,HR,"Negotiating a client contract"
EMP-3978,Customer Support,"Interviewing new candidates"
EMP-0542,IT,"High-level strategy planning"
EMP-0220,Marketing,"Extracting numbers from PDFs"
EMP-2309,Marketing,"Scheduling calendar invites"
EMP-2478,IT,"Designing a new brand logo"
EMP-1887,IT,"Interviewing new candidates"
EMP-1658,HR,"Interviewing new candidates"
EMP-2448,HR,"Designing a new brand logo"
EMP-3983,Sales,"Data entry from invoices"
EMP-2464,Sales,"Formatting reports"
EMP-1804,Marketing,"Sorting spreadsheets"
EMP-1966,Sales,"Formatting reports"
EMP-0615,Customer Support,"Interviewing new candidates"
EMP-1922,HR,"Interviewing new candidates"
EMP-3038,Customer Support,"Copy-pasting emails into CRM"
EMP-1667,Sales,"Sorting spreadsheets"
EMP-0294,IT,"Leading a brainstorming session"
EMP-0412,HR,"Leading a brainstorming session"
EMP-2750,IT,"Leading a brainstorming session"
EMP-3432,Marketing,"Extracting numbers from PDFs"
EMP-0224,Sales,"Copy-pasting emails into CRM"
EMP-3907,Marketing,"Scheduling calendar invites"
EMP-0322,HR,"Interviewing new candidates"
EMP-0325,Sales,"Scheduling calendar invites"
EMP-0455,HR,"Data entry from invoices"
EMP-1082,Marketing,"Scheduling calendar invites"
EMP-3486,Customer Support,"Scheduling calendar invites"
EMP-2867,Marketing,"Formatting reports"
EMP-2543,Customer Support,"Negotiating a client contract"
EMP-3832,Marketing,"Sorting spreadsheets"
EMP-3923,Customer Support,"Data entry from invoices"
EMP-0522,Customer Support,"Sorting spreadsheets"
EMP-0490,Marketing,"Formatting reports"
EMP-0657,Marketing,"Interviewing new candidates"
EMP-3717,HR,"Leading a brainstorming session"
EMP-2975,Customer Support,"Interviewing new candidates"
EMP-2318,Marketing,"Scheduling calendar invites"
EMP-2744,Sales,"Sorting spreadsheets"
EMP-2205,IT,"Leading a brainstorming session"
EMP-2060,Customer Support,"Interviewing new candidates"
EMP-3385,Sales,"Extracting numbers from PDFs"
EMP-1458,Sales,"Sorting spreadsheets"
EMP-0054,Customer Support,"Formatting reports"
EMP-2444,IT,"Leading a brainstorming session"
EMP-0227,Sales,"Copy-pasting emails into CRM"
EMP-0878,IT,"Interviewing new candidates"
EMP-0724,IT,"Interviewing new candidates"
EMP-0349,Marketing,"Formatting reports"
EMP-3307,Marketing,"Interviewing new candidates"
EMP-0566,Sales,"Sorting spreadsheets"
EMP-1023,IT,"Copy-pasting emails into CRM"
EMP-2939,Marketing,"Interviewing new candidates"
EMP-1036,Marketing,"Scheduling calendar invites"
EMP-3671,Sales,"Formatting reports"
EMP-1729,Customer Support,"Formatting reports"
EMP-2760,Sales,"Scheduling calendar invites"
EMP-3443,Customer Support,"Interviewing new candidates"
EMP-3042,Customer Support,"Interviewing new candidates"
EMP-3482,IT,"Interviewing new candidates"
EMP-0207,HR,"Resolving employee conflict"
EMP-1470,HR,"Designing a new brand logo"
EMP-2919,HR,"Negotiating a client contract"
EMP-3725,Customer Support,"Scheduling calendar invites"
EMP-2137,Marketing,"Formatting reports"
EMP-1072,Customer Support,"Copy-pasting emails into CRM"
EMP-0570,Customer Support,"Copy-pasting emails into CRM"
EMP-2920,HR,"Copy-pasting emails into CRM"
EMP-3917,IT,"Designing a new brand logo"
EMP-2124,Sales,"Extracting numbers from PDFs"
EMP-3510,HR,"Leading a brainstorming session"
EMP-3826,Sales,"Formatting reports"
EMP-1110,IT,"Negotiating a client contract"
EMP-2459,IT,"Negotiating a client contract"
EMP-0603,Customer Support,"Negotiating a client contract"
EMP-1312,HR,"Designing a new brand logo"
EMP-1495,Customer Support,"Extracting numbers from PDFs"
EMP-2733,HR,"High-level strategy planning"
EMP-2992,Marketing,"Formatting reports"
EMP-1720,Sales,"Interviewing new candidates"
EMP-1253,Sales,"Copy-pasting emails into CRM"
EMP-3726,Customer Support,"Interviewing new candidates"
EMP-1769,IT,"Copy-pasting emails into CRM"
EMP-1808,IT,"Leading a brainstorming session"
EMP-2420,IT,"Resolving employee conflict"
EMP-1420,HR,"Resolving employee conflict"
EMP-2970,Marketing,"Extracting numbers from PDFs"
EMP-2417,Marketing,"Data entry from invoices"
EMP-0720,HR,"Leading a brainstorming session"
EMP-1007,Customer Support,"Extracting numbers from PDFs"
EMP-3195,IT,"Leading a brainstorming session"
EMP-1827,Customer Support,"Negotiating a client contract"
EMP-2863,HR,"High-level strategy planning"
EMP-0484,Sales,"Extracting numbers from PDFs"
EMP-3300,Marketing,"Formatting reports"
EMP-0648,Customer Support,"Interviewing new candidates"
EMP-3079,HR,"Copy-pasting emails into CRM"
EMP-2361,HR,"Interviewing new candidates"
EMP-1698,Customer Support,"Scheduling calendar invites"
EMP-2016,Sales,"Sorting spreadsheets"
EMP-2729,Marketing,"Data entry from invoices"
EMP-2513,HR,"Negotiating a client contract"
EMP-1369,Customer Support,"Formatting reports"
EMP-0492,Marketing,"Sorting spreadsheets"
EMP-0965,Marketing,"Formatting reports"
EMP-1690,Customer Support,"Extracting numbers from PDFs"
EMP-3894,IT,"Data entry from invoices"
EMP-3569,Marketing,"Sorting spreadsheets"
EMP-3649,Customer Support,"Negotiating a client contract"
EMP-2254,Customer Support,"Extracting numbers from PDFs"
EMP-2790,Customer Support,"Copy-pasting emails into CRM"
EMP-1381,IT,"High-level strategy planning"
EMP-3769,HR,"Leading a brainstorming session"
EMP-0549,Marketing,"Scheduling calendar invites"
EMP-2985,IT,"Copy-pasting emails into CRM"
EMP-1000,Customer Support,"Formatting reports"
EMP-2722,Customer Support,"Copy-pasting emails into CRM"
EMP-3669,Sales,"Sorting spreadsheets"
EMP-3256,Customer Support,"Formatting reports"
EMP-0225,Customer Support,"Copy-pasting emails into CRM"
EMP-1407,Customer Support,"Formatting reports"
EMP-2406,HR,"Designing a new brand logo"
EMP-1700,HR,"Leading a brainstorming session"
EMP-1032,Customer Support,"Interviewing new candidates"
EMP-3188,IT,"Leading a brainstorming session"
EMP-0951,HR,"High-level strategy planning"
EMP-0695,HR,"Negotiating a client contract"
EMP-2900,Marketing,"Scheduling calendar invites"
EMP-2472,Customer Support,"Sorting spreadsheets"
EMP-1560,Marketing,"Data entry from invoices"
EMP-2137,HR,"Data entry from invoices"
EMP-2514,IT,"High-level strategy planning"
EMP-2727,Marketing,"Formatting reports"
EMP-0980,Marketing,"Negotiating a client contract"
EMP-3541,Sales,"Copy-pasting emails into CRM"
EMP-1191,HR,"High-level strategy planning"
EMP-3894,Customer Support,"Data entry from invoices"
EMP-2043,IT,"Negotiating a client contract"
EMP-0180,HR,"Resolving employee conflict"
EMP-2167,HR,"Resolving employee conflict"
EMP-3732,IT,"Interviewing new candidates"
EMP-3020,Sales,"Sorting spreadsheets"
EMP-1100,Customer Support,"Copy-pasting emails into CRM"
EMP-1586,Marketing,"Interviewing new candidates"
EMP-1428,Marketing,"Sorting spreadsheets"
EMP-1744,HR,"Copy-pasting emails into CRM"
EMP-2021,Sales,"Extracting numbers from PDFs"
EMP-1064,Customer Support,"Scheduling calendar invites"
EMP-3456,Marketing,"Sorting spreadsheets"
EMP-1557,Sales,"Formatting reports"
EMP-3950,HR,"Interviewing new candidates"
EMP-2492,Sales,"Formatting reports"
EMP-2604,Sales,"Copy-pasting emails into CRM"
EMP-2587,IT,"Negotiating a client contract"
EMP-3676,Sales,"Extracting numbers from PDFs"
EMP-3787,Sales,"Sorting spreadsheets"
EMP-3519,HR,"Leading a brainstorming session"
EMP-2180,Marketing,"Negotiating a client contract"
EMP-0545,Sales,"Data entry from invoices"
EMP-2091,Marketing,"Sorting spreadsheets"
EMP-3420,HR,"Leading a brainstorming session"
EMP-0047,IT,"Negotiating a client contract"
EMP-1805,IT,"Negotiating a client contract"
EMP-2534,Sales,"Negotiating a client contract"
EMP-0362,HR,"Interviewing new candidates"
EMP-0950,IT,"Designing a new brand logo"
EMP-1226,Customer Support,"Negotiating a client contract"
EMP-0633,IT,"Designing a new brand logo"
EMP-3091,Customer Support,"Data entry from invoices"
EMP-3085,HR,"Copy-pasting emails into CRM"
EMP-0119,Marketing,"Sorting spreadsheets"
EMP-3267,HR,"High-level strategy planning"
EMP-3490,HR,"Leading a brainstorming session"
EMP-3958,IT,"Negotiating a client contract"
EMP-0132,Marketing,"Copy-pasting emails into CRM"
EMP-2815,Sales,"Data entry from invoices"
EMP-2562,HR,"High-level strategy planning"
EMP-2878,HR,"Copy-pasting emails into CRM"
EMP-3300,Sales,"Sorting spreadsheets"
EMP-2715,Customer Support,"Formatting reports"
EMP-2290,Marketing,"Scheduling calendar invites"
EMP-1383,Sales,"Extracting numbers from PDFs"
EMP-1264,Customer Support,"Data entry from invoices"
EMP-3111,IT,"Negotiating a client contract"
EMP-1058,HR,"Resolving employee conflict"
EMP-3599,HR,"Designing a new brand logo"
EMP-2286,Marketing,"Scheduling calendar invites"
EMP-2412,IT,"Negotiating a client contract"
EMP-1423,Customer Support,"Sorting spreadsheets"
EMP-0390,Customer Support,"Formatting reports"
EMP-2887,IT,"Leading a brainstorming session"
EMP-2836,HR,"Copy-pasting emails into CRM"
EMP-1054,Customer Support,"Sorting spreadsheets"
EMP-2498,IT,"Negotiating a client contract"
EMP-2322,IT,"Data entry from invoices"
EMP-1925,Customer Support,"Copy-pasting emails into CRM"
EMP-0968,Marketing,"Copy-pasting emails into CRM"
EMP-2959,Customer Support,"Data entry from invoices"
EMP-0771,Sales,"Extracting numbers from PDFs"
EMP-0872,HR,"Interviewing new candidates"
EMP-1294,Customer Support,"Data entry from invoices"
EMP-3706,IT,"Negotiating a client contract"
EMP-0272,Marketing,"Copy-pasting emails into CRM"
EMP-2412,HR,"Negotiating a client contract"
EMP-1903,Customer Support,"Negotiating a client contract"
EMP-3193,Sales,"Formatting reports"
EMP-3310,Customer Support,"Sorting spreadsheets"
EMP-3359,IT,"Copy-pasting emails into CRM"
EMP-2171,IT,"Copy-pasting emails into CRM"
EMP-3143,IT,"Negotiating a client contract"
EMP-1693,Customer Support,"Scheduling calendar invites"
EMP-2029,Customer Support,"Interviewing new candidates"
EMP-0485,Marketing,"Extracting numbers from PDFs"
EMP-0261,HR,"Resolving employee conflict"
EMP-0522,IT,"Resolving employee conflict"
EMP-0722,Customer Support,"Copy-pasting emails into CRM"
EMP-3373,HR,"Leading a brainstorming session"
EMP-3754,Customer Support,"Extracting numbers from PDFs"
EMP-3835,Marketing,"Extracting numbers from PDFs"
EMP-0866,IT,"Interviewing new candidates"
EMP-3258,Marketing,"Sorting spreadsheets"
EMP-0227,Customer Support,"Negotiating a client contract"
EMP-0457,IT,"Copy-pasting emails into CRM"
EMP-3677,Sales,"Scheduling calendar invites"
EMP-1226,Customer Support,"Formatting reports"
EMP-0065,Marketing,"Interviewing new candidates"
EMP-0952,IT,"Copy-pasting emails into CRM"
EMP-1038,Customer Support,"Sorting spreadsheets"
EMP-1480,Marketing,"Extracting numbers from PDFs"
EMP-1191,Customer Support,"Data entry from invoices"
EMP-1083,Marketing,"Scheduling calendar invites"
EMP-0951,Sales,"Formatting reports"
EMP-3678,IT,"Copy-pasting emails into CRM"
EMP-1339,Marketing,"Formatting reports"
EMP-1845,Marketing,"Scheduling calendar invites"
EMP-2767,Sales,"Data entry from invoices"
EMP-1670,Customer Support,"Extracting numbers from PDFs"
EMP-2546,Sales,"Sorting spreadsheets"
EMP-0578,Sales,"Interviewing new candidates"
EMP-1136,Customer Support,"Negotiating a client contract"
EMP-0032,Customer Support,"Extracting numbers from PDFs"
EMP-0609,HR,"Designing a new brand logo"
EMP-3136,Sales,"Negotiating a client contract"
EMP-2752,IT,"Interviewing new candidates"
EMP-0094,IT,"Data entry from invoices"
EMP-3250,Marketing,"Formatting reports"
EMP-1962,Sales,"Extracting numbers from PDFs"
EMP-2846,HR,"Resolving employee conflict"
EMP-1939,Customer Support,"Negotiating a client contract"
EMP-3915,Marketing,"Interviewing new candidates"
EMP-3146,Marketing,"Sorting spreadsheets"
EMP-2020,Marketing,"Negotiating a client contract"
EMP-3170,Sales,"Extracting numbers from PDFs"
EMP-0234,IT,"Resolving employee conflict"
EMP-3371,HR,"Resolving employee conflict"
EMP-2761,Sales,"Data entry from invoices"
EMP-0495,IT,"Negotiating a client contract"
EMP-3752,Customer Support,"Scheduling calendar invites"
EMP-0576,Sales,"Copy-pasting emails into CRM"
EMP-1405,Sales,"Scheduling calendar invites"
EMP-2844,IT,"Designing a new brand logo"
EMP-2200,Customer Support,"Scheduling calendar invites"
EMP-0573,Sales,"Negotiating a client contract"
EMP-0753,IT,"Interviewing new candidates"
EMP-1836,IT,"Data entry from invoices"
EMP-3857,Marketing,"Copy-pasting emails into CRM"
EMP-1850,IT,"High-level strategy planning"
EMP-1636,HR,"Data entry from invoices"
EMP-3749,Customer Support,"Sorting spreadsheets"
EMP-2741,Sales,"Formatting reports"
EMP-0145,Marketing,"Interviewing new candidates"
EMP-0505,Sales,"Formatting reports"
EMP-2019,IT,"Designing a new brand logo"
EMP-1507,IT,"Data entry from invoices"
EMP-2026,Sales,"Data entry from invoices"
EMP-3259,Marketing,"Scheduling calendar invites"
EMP-3776,HR,"High-level strategy planning"
EMP-0961,Marketing,"Formatting reports"
EMP-3444,Customer Support,"Formatting reports"
EMP-0118,Marketing,"Sorting spreadsheets"
EMP-3235,HR,"Data entry from invoices"
EMP-0781,Marketing,"Sorting spreadsheets"
EMP-2967,Sales,"Scheduling calendar invites"
EMP-1884,Customer Support,"Copy-pasting emails into CRM"
EMP-1566,Customer Support,"Copy-pasting emails into CRM"
EMP-2905,Customer Support,"Negotiating a client contract"
EMP-2684,HR,"Data entry from invoices"
EMP-3657,Customer Support,"Copy-pasting emails into CRM"
EMP-2303,IT,"Copy-pasting emails into CRM"
EMP-2188,Sales,"Data entry from invoices"
EMP-3806,IT,"Negotiating a client contract"
EMP-2932,Marketing,"Data entry from invoices"
EMP-2508,Customer Support,"Scheduling calendar invites"
EMP-3722,Customer Support,"Scheduling calendar invites"
EMP-1912,Marketing,"Data entry from invoices"
EMP-3101,IT,"Copy-pasting emails into CRM"
EMP-0900,Sales,"Copy-pasting emails into CRM"
EMP-0053,IT,"Interviewing new candidates"
EMP-0188,Customer Support,"Formatting reports"
EMP-3162,IT,"Designing a new brand logo"
EMP-1828,IT,"Data entry from invoices"
EMP-0034,Customer Support,"Scheduling calendar invites"
EMP-1510,Marketing,"Scheduling calendar invites"
EMP-2024,Sales,"Extracting numbers from PDFs"
EMP-0090,Sales,"Interviewing new candidates"
EMP-0284,Customer Support,"Extracting numbers from PDFs"
EMP-3797,IT,"Data entry from invoices"
EMP-3255,HR,"Negotiating a client contract"
EMP-3997,Sales,"Formatting reports"
EMP-3103,Marketing,"Copy-pasting emails into CRM"
EMP-2327,Marketing,"Data entry from invoices"
EMP-2328,Customer Support,"Copy-pasting emails into CRM"
EMP-3409,HR,"High-level strategy planning"
EMP-2417,Customer Support,"Negotiating a client contract"
EMP-0507,Customer Support,"Formatting reports"
EMP-1967,Sales,"Copy-pasting emails into CRM"
EMP-0619,HR,"Negotiating a client contract"
EMP-3225,Customer Support,"Negotiating a client contract"
EMP-3390,IT,"Copy-pasting emails into CRM"
EMP-2416,Marketing,"Interviewing new candidates"
EMP-2959,Marketing,"Sorting spreadsheets"
EMP-2757,Sales,"Scheduling calendar invites"
EMP-1170,Sales,"Extracting numbers from PDFs"
EMP-2533,HR,"High-level strategy planning"
EMP-0237,HR,"Data entry from invoices"
EMP-0460,Sales,"Sorting spreadsheets"
EMP-0983,Marketing,"Interviewing new candidates"
EMP-3229,Marketing,"Copy-pasting emails into CRM"
EMP-2221,Sales,"Sorting spreadsheets"
EMP-2859,Sales,"Interviewing new candidates"
EMP-3548,Marketing,"Negotiating a client contract"
EMP-0337,IT,"Leading a brainstorming session"
EMP-1108,Marketing,"Formatting reports"
EMP-1309,Customer Support,"Extracting numbers from PDFs"
EMP-3991,HR,"Leading a brainstorming session"
EMP-1337,Marketing,"Data entry from invoices"
EMP-0792,Customer Support,"Extracting numbers from PDFs"
EMP-2727,IT,"Resolving employee conflict"
EMP-1271,Sales,"Data entry from invoices"
EMP-3529,HR,"Data entry from invoices"
EMP-3815,Sales,"Scheduling calendar invites"
EMP-2771,Sales,"Formatting reports"
EMP-1396,Customer Support,"Copy-pasting emails into CRM"
EMP-0152,HR,"Data entry from invoices"
EMP-2333,HR,"Copy-pasting emails into CRM"
EMP-1512,IT,"Negotiating a client contract"
EMP-3937,Marketing,"Sorting spreadsheets"
EMP-1880,IT,"High-level strategy planning"
EMP-2256,Sales,"Formatting reports"
EMP-0498,Sales,"Copy-pasting emails into CRM"
EMP-3074,Marketing,"Negotiating a client contract"
EMP-1793,Customer Support,"Copy-pasting emails into CRM"
EMP-0865,IT,"Designing a new brand logo"
EMP-2461,Sales,"Extracting numbers from PDFs"
EMP-0099,Customer Support,"Copy-pasting emails into CRM"
EMP-3952,Marketing,"Data entry from invoices"
EMP-2088,Marketing,"Interviewing new candidates"
EMP-3582,HR,"Negotiating a client contract"
EMP-2652,IT,"Resolving employee conflict"
EMP-0295,IT,"High-level strategy planning"
EMP-2660,IT,"Copy-pasting emails into CRM"
EMP-3396,HR,"High-level strategy planning"
EMP-0127,Sales,"Copy-pasting emails into CRM"
EMP-0098,HR,"Leading a brainstorming session"
EMP-2436,IT,"Negotiating a client contract"
EMP-3069,IT,"Data entry from invoices"
EMP-0028,Marketing,"Sorting spreadsheets"
EMP-2902,Sales,"Scheduling calendar invites"
EMP-1581,IT,"Interviewing new candidates"
EMP-3668,Sales,"Negotiating a client contract"
EMP-2136,Sales,"Data entry from invoices"
EMP-0745,Customer Support,"Sorting spreadsheets"
EMP-2689,IT,"Resolving employee conflict"
EMP-1132,Customer Support,"Interviewing new candidates"
EMP-0683,Marketing,"Sorting spreadsheets"
EMP-3380,Customer Support,"Sorting spreadsheets"
EMP-2695,Customer Support,"Formatting reports"
EMP-3255,IT,"Designing a new brand logo"
EMP-1410,Customer Support,"Interviewing new candidates"
EMP-2372,HR,"Data entry from invoices"
EMP-3392,HR,"Copy-pasting emails into CRM"
EMP-1930,IT,"Copy-pasting emails into CRM"
EMP-3368,IT,"Leading a brainstorming session"
EMP-2264,IT,"High-level strategy planning"
EMP-0567,HR,"Leading a brainstorming session"
EMP-2928,Customer Support,"Interviewing new candidates"
EMP-2516,Marketing,"Sorting spreadsheets"
EMP-3751,HR,"Interviewing new candidates"
EMP-3243,Sales,"Extracting numbers from PDFs"
EMP-3577,Marketing,"Negotiating a client contract"
EMP-1117,Marketing,"Scheduling calendar invites"
EMP-2776,HR,"Negotiating a client contract"
EMP-2484,Marketing,"Copy-pasting emails into CRM"
EMP-0042,Sales,"Scheduling calendar invites"
EMP-0773,Marketing,"Formatting reports"
EMP-2062,HR,"Data entry from invoices"
EMP-0752,HR,"Data entry from invoices"
EMP-2499,IT,"Interviewing new candidates"
EMP-1070,HR,"Interviewing new candidates"
EMP-1608,HR,"Interviewing new candidates"
EMP-0271,IT,"Resolving employee conflict"
EMP-1898,Sales,"Copy-pasting emails into CRM"
EMP-2043,Customer Support,"Interviewing new candidates"
EMP-0016,IT,"Copy-pasting emails into CRM"
EMP-3541,HR,"Interviewing new candidates"
EMP-2147,Marketing,"Data entry from invoices"
EMP-1717,Sales,"Interviewing new candidates"
EMP-2990,Marketing,"Sorting spreadsheets"
EMP-0579,Marketing,"Data entry from invoices"
EMP-1160,Sales,"Extracting numbers from PDFs"
EMP-2609,Sales,"Interviewing new candidates"
EMP-2863,Customer Support,"Negotiating a client contract"
EMP-3518,HR,"High-level strategy planning"
EMP-0768,Sales,"Formatting reports"
EMP-0264,IT,"Resolving employee conflict"
EMP-1384,Customer Support,"Formatting reports"
EMP-1683,HR,"Copy-pasting emails into CRM"
EMP-2691,IT,"Negotiating a client contract"
EMP-1862,IT,"Interviewing new candidates"
EMP-2543,Customer Support,"Sorting spreadsheets"
EMP-2320,IT,"Leading a brainstorming session"
EMP-3651,Customer Support,"Scheduling calendar invites"
EMP-1893,Customer Support,"Copy-pasting emails into CRM"
EMP-2441,Customer Support,"Extracting numbers from PDFs"
EMP-3562,HR,"Copy-pasting emails into CRM"
EMP-2216,Marketing,"Extracting numbers from PDFs"
EMP-0116,Customer Support,"Interviewing new candidates"
EMP-0762,Sales,"Extracting numbers from PDFs"
EMP-0154,IT,"Negotiating a client contract"
EMP-1490,Marketing,"Data entry from invoices"
EMP-1076,Sales,"Copy-pasting emails into CRM"
EMP-0478,Marketing,"Formatting reports"
EMP-1944,HR,"Data entry from invoices"
EMP-1175,Marketing,"Copy-pasting emails into CRM"
EMP-3205,Marketing,"Extracting numbers from PDFs"
EMP-2787,Sales,"Scheduling calendar invites"
EMP-3890,Sales,"Extracting numbers from PDFs"
EMP-0400,IT,"Data entry from invoices"
EMP-1853,Customer Support,"Scheduling calendar invites"
EMP-2142,Marketing,"Scheduling calendar invites"
EMP-3934,Marketing,"Scheduling calendar invites"
EMP-2066,HR,"Copy-pasting emails into CRM"
EMP-0736,HR,"Negotiating a client contract"
EMP-2360,Sales,"Sorting spreadsheets"
EMP-0177,Customer Support,"Interviewing new candidates"
EMP-1924,IT,"Interviewing new candidates"
EMP-3806,Customer Support,"Sorting spreadsheets"
EMP-0416,Sales,"Sorting spreadsheets"
EMP-2667,Sales,"Negotiating a client contract"
EMP-0205,HR,"Resolving employee conflict"
EMP-1675,Sales,"Data entry from invoices"
EMP-2939,Marketing,"Negotiating a client contract"
EMP-3483,Sales,"Interviewing new candidates"
EMP-3545,Customer Support,"Data entry from invoices"
EMP-0645,IT,"Copy-pasting emails into CRM"
EMP-2158,HR,"Interviewing new candidates"
EMP-3011,Sales,"Sorting spreadsheets"
EMP-0870,Customer Support,"Scheduling calendar invites"
EMP-1017,Customer Support,"Negotiating a client contract"
EMP-1034,Sales,"Formatting reports"
EMP-0505,Sales,"Data entry from invoices"
EMP-0450,HR,"Copy-pasting emails into CRM"
EMP-2220,Customer Support,"Data entry from invoices"
EMP-3656,Sales,"Sorting spreadsheets"
EMP-0302,HR,"Interviewing new candidates"
EMP-1506,Customer Support,"Formatting reports"
EMP-1029,Marketing,"Sorting spreadsheets"
EMP-3782,Sales,"Data entry from invoices"
EMP-3668,Marketing,"Data entry from invoices"
EMP-3746,HR,"Negotiating a client contract"
EMP-3769,Marketing,"Negotiating a client contract"
EMP-3428,Customer Support,"Formatting reports"
EMP-1600,Marketing,"Negotiating a client contract"
EMP-0142,Sales,"Extracting numbers from PDFs"
EMP-0941,Marketing,"Formatting reports"
EMP-1723,Marketing,"Scheduling calendar invites"
EMP-1252,HR,"Interviewing new candidates"
EMP-0283,Customer Support,"Sorting spreadsheets"
EMP-0224,Sales,"Extracting numbers from PDFs"
EMP-0640,IT,"Leading a brainstorming session"
EMP-1015,Marketing,"Scheduling calendar invites"
EMP-0612,Sales,"Formatting reports"
EMP-1889,Customer Support,"Copy-pasting emails into CRM"
EMP-0343,IT,"Designing a new brand logo"
EMP-0712,Marketing,"Negotiating a client contract"
EMP-0652,Customer Support,"Formatting reports"
EMP-1789,HR,"Negotiating a client contract"
EMP-2186,Customer Support,"Scheduling calendar invites"
EMP-1457,Marketing,"Extracting numbers from PDFs"
EMP-2071,Sales,"Data entry from invoices"
EMP-1484,HR,"Interviewing new candidates"
EMP-0272,Customer Support,"Formatting reports"
EMP-2790,Sales,"Negotiating a client contract"
EMP-3845,HR,"Designing a new brand logo"
EMP-2139,Sales,"Extracting numbers from PDFs"
EMP-3796,Sales,"Copy-pasting emails into CRM"
EMP-3107,HR,"Interviewing new candidates"
EMP-1311,Marketing,"Data entry from invoices"
EMP-2404,Customer Support,"Data entry from invoices"
EMP-3831,IT,"Interviewing new candidates"
EMP-0373,Customer Support,"Copy-pasting emails into CRM"
EMP-3425,Customer Support,"Formatting reports"
EMP-1940,Marketing,"Sorting spreadsheets"
EMP-3376,Sales,"Data entry from invoices"
EMP-2143,HR,"Data entry from invoices"
EMP-2183,Marketing,"Interviewing new candidates"
EMP-2408,Sales,"Extracting numbers from PDFs"
EMP-0602,Marketing,"Copy-pasting emails into CRM"
EMP-0751,HR,"Negotiating a client contract"
EMP-3935,Marketing,"Sorting spreadsheets"
EMP-0833,IT,"High-level strategy planning"
EMP-0113,Customer Support,"Extracting numbers from PDFs"
EMP-3231,IT,"Data entry from invoices"
EMP-1458,Marketing,"Copy-pasting emails into CRM"
EMP-1750,Sales,"Negotiating a client contract"
EMP-2142,Sales,"Formatting reports"
EMP-2165,HR,"Leading a brainstorming session"
EMP-0177,Marketing,"Data entry from invoices"
EMP-2240,Sales,"Extracting numbers from PDFs"
EMP-2160,HR,"Negotiating a client contract"
EMP-3624,IT,"Negotiating a client contract"
EMP-0523,HR,"Leading a brainstorming session"
EMP-3539,Marketing,"Negotiating a client contract"
EMP-1671,Sales,"Formatting reports"
EMP-1638,Sales,"Copy-pasting emails into CRM"
EMP-0719,Marketing,"Negotiating a client contract"
EMP-2572,HR,"Copy-pasting emails into CRM"
EMP-2335,Marketing,"Interviewing new candidates"
EMP-3074,IT,"Interviewing new candidates"
EMP-0232,HR,"Interviewing new candidates"
EMP-0980,IT,"Leading a brainstorming session"
EMP-0260,Sales,"Scheduling calendar invites"
EMP-1739,HR,"Leading a brainstorming session"
EMP-3481,IT,"Interviewing new candidates"
EMP-3010,Marketing,"Scheduling calendar invites"
EMP-2753,HR,"Copy-pasting emails into CRM"
EMP-1502,Sales,"Negotiating a client contract"
EMP-0063,Marketing,"Copy-pasting emails into CRM"
EMP-3492,Customer Support,"Scheduling calendar invites"
EMP-0106,Sales,"Data entry from invoices"
EMP-1017,IT,"Designing a new brand logo"
EMP-3734,Marketing,"Scheduling calendar invites"
EMP-1245,IT,"Designing a new brand logo"
EMP-0260,HR,"Resolving employee conflict"
EMP-2904,HR,"Data entry from invoices"
EMP-3783,Sales,"Negotiating a client contract"
EMP-2177,Customer Support,"Scheduling calendar invites"
EMP-2841,Sales,"Formatting reports"
EMP-1696,HR,"Leading a brainstorming session"
EMP-1645,IT,"Negotiating a client contract"
EMP-1596,HR,"Data entry from invoices"
EMP-0382,Customer Support,"Extracting numbers from PDFs"
EMP-3920,Marketing,"Sorting spreadsheets"
EMP-2540,Sales,"Sorting spreadsheets"
EMP-3375,IT,"Copy-pasting emails into CRM"
EMP-2194,Marketing,"Extracting numbers from PDFs"
EMP-1609,Sales,"Formatting reports"
EMP-0213,Marketing,"Formatting reports"
EMP-3053,HR,"Resolving employee conflict"
EMP-1234,Sales,"Extracting numbers from PDFs"
EMP-1582,Marketing,"Data entry from invoices"
EMP-3008,HR,"Data entry from invoices"
EMP-2809,HR,"Resolving employee conflict"
EMP-3538,Customer Support,"Extracting numbers from PDFs"
EMP-0342,Marketing,"Data entry from invoices"
EMP-3040,Marketing,"Interviewing new candidates"
EMP-1746,Marketing,"Sorting spreadsheets"
EMP-1902,Sales,"Copy-pasting emails into CRM"
EMP-0259,HR,"High-level strategy planning"
EMP-0915,Marketing,"Sorting spreadsheets"
EMP-1685,Customer Support,"Data entry from invoices"
EMP-1843,IT,"Designing a new brand logo"
EMP-3068,IT,"Copy-pasting emails into CRM"
EMP-1101,Marketing,"Copy-pasting emails into CRM"
EMP-3607,IT,"Leading a brainstorming session"
EMP-1572,Customer Support,"Extracting numbers from PDFs"
EMP-1679,HR,"Designing a new brand logo"
EMP-3512,HR,"Data entry from invoices"
EMP-3805,Customer Support,"Scheduling calendar invites"
EMP-2433,Sales,"Sorting spreadsheets"
EMP-2007,HR,"Copy-pasting emails into CRM"
EMP-1287,Customer Support,"Formatting reports"
EMP-2015,HR,"Data entry from invoices"
EMP-1561,Marketing,"Data entry from invoices"
EMP-3658,Marketing,"Negotiating a client contract"
EMP-2539,Sales,"Scheduling calendar invites"
EMP-3790,Marketing,"Formatting reports"
EMP-1041,Customer Support,"Formatting reports"
EMP-0118,Customer Support,"Data entry from invoices"
EMP-0793,IT,"Negotiating a client contract"
EMP-1849,HR,"Resolving employee conflict"
EMP-3730,Sales,"Negotiating a client contract"
EMP-1723,HR,"Negotiating a client contract"
EMP-0766,Customer Support,"Scheduling calendar invites"
EMP-1340,HR,"Resolving employee conflict"
EMP-0685,Sales,"Copy-pasting emails into CRM"
EMP-3464,IT,"Resolving employee conflict"
EMP-1694,Customer Support,"Scheduling calendar invites"
EMP-3262,Marketing,"Interviewing new candidates"
EMP-1743,HR,"Leading a brainstorming session"
EMP-3793,Sales,"Data entry from invoices"
EMP-3432,IT,"High-level strategy planning"
EMP-0677,Customer Support,"Negotiating a client contract"
EMP-0753,Customer Support,"Copy-pasting emails into CRM"
EMP-1006,Sales,"Data entry from invoices"
EMP-0333,Customer Support,"Formatting reports"
EMP-0165,Customer Support,"Formatting reports"
EMP-3147,HR,"Leading a brainstorming session"
EMP-2124,Customer Support,"Copy-pasting emails into CRM"
EMP-0848,IT,"Designing a new brand logo"
EMP-3625,Customer Support,"Sorting spreadsheets"
EMP-2492,IT,"Data entry from invoices"
EMP-3066,Marketing,"Copy-pasting emails into CRM"
EMP-1504,Sales,"Formatting reports"
EMP-3401,HR,"Designing a new brand logo"
EMP-1090,Customer Support,"Formatting reports"
EMP-0456,Marketing,"Data entry from invoices"
EMP-3686,IT,"Leading a brainstorming session"
EMP-2689,Customer Support,"Extracting numbers from PDFs"
EMP-0916,Marketing,"Copy-pasting emails into CRM"
EMP-2132,Sales,"Scheduling calendar invites"
EMP-0566,HR,"Copy-pasting emails into CRM"
EMP-3297,Sales,"Interviewing new candidates"
EMP-3636,Customer Support,"Sorting spreadsheets"
EMP-0890,Marketing,"Sorting spreadsheets"
EMP-3036,HR,"Leading a brainstorming session"
EMP-2423,Sales,"Sorting spreadsheets"
EMP-2637,Marketing,"Copy-pasting emails into CRM"
EMP-1854,IT,"Negotiating a client contract"
EMP-1992,Sales,"Extracting numbers from PDFs"
EMP-3760,IT,"Data entry from invoices"
EMP-0047,Sales,"Formatting reports"
EMP-0577,Customer Support,"Interviewing new candidates"
EMP-0201,Customer Support,"Sorting spreadsheets"
EMP-0967,HR,"Resolving employee conflict"
EMP-0981,Marketing,"Scheduling calendar invites"
EMP-3278,Marketing,"Data entry from invoices"
EMP-3802,IT,"Interviewing new candidates"
EMP-2982,Customer Support,"Negotiating a client contract"
EMP-2906,Customer Support,"Negotiating a client contract"
EMP-1621,IT,"Data entry from invoices"
EMP-1093,Customer Support,"Sorting spreadsheets"
EMP-0330,Customer Support,"Interviewing new candidates"
EMP-3530,Sales,"Negotiating a client contract"
EMP-1948,HR,"Copy-pasting emails into CRM"
EMP-3675,Marketing,"Extracting numbers from PDFs"
EMP-2151,Marketing,"Formatting reports"
EMP-1774,Sales,"Sorting spreadsheets"
EMP-1199,IT,"High-level strategy planning"
EMP-3389,IT,"Data entry from invoices"
EMP-3034,IT,"High-level strategy planning"
EMP-1358,Sales,"Extracting numbers from PDFs"
EMP-3146,Customer Support,"Negotiating a client contract"
EMP-2162,Marketing,"Scheduling calendar invites"
EMP-0463,Marketing,"Negotiating a client contract"
EMP-1526,Sales,"Data entry from invoices"
EMP-1421,IT,"Resolving employee conflict"
EMP-2023,Customer Support,"Scheduling calendar invites"
EMP-0867,Customer Support,"Copy-pasting emails into CRM"
EMP-0092,HR,"Designing a new brand logo"
EMP-1413,HR,"Interviewing new candidates"
EMP-1286,IT,"Leading a brainstorming session"
EMP-2954,Sales,"Data entry from invoices"
EMP-1889,Sales,"Copy-pasting emails into CRM"
EMP-1224,IT,"Data entry from invoices"
EMP-2011,Marketing,"Data entry from invoices"
EMP-1655,Sales,"Extracting numbers from PDFs"
EMP-0746,Customer Support,"Formatting reports"
EMP-0947,IT,"Data entry from invoices"
EMP-3907,HR,"Copy-pasting emails into CRM"
EMP-2268,Marketing,"Formatting reports"
EMP-1660,Sales,"Data entry from invoices"
EMP-2649,Marketing,"Copy-pasting emails into CRM"
EMP-3423,Sales,"Extracting numbers from PDFs"
EMP-3420,HR,"Negotiating a client contract"
EMP-3155,Marketing,"Extracting numbers from PDFs"
EMP-1938,IT,"Data entry from invoices"
EMP-2222,IT,"Copy-pasting emails into CRM"
EMP-2941,IT,"Copy-pasting emails into CRM"
EMP-1007,Customer Support,"Scheduling calendar invites"
EMP-0872,Marketing,"Negotiating a client contract"
EMP-0401,IT,"Data entry from invoices"
EMP-0861,IT,"High-level strategy planning"
EMP-2681,Customer Support,"Copy-pasting emails into CRM"
EMP-3658,IT,"Designing a new brand logo"
EMP-2746,Customer Support,"Negotiating a client contract"
EMP-0583,Customer Support,"Sorting spreadsheets"
EMP-1523,Marketing,"Formatting reports"
EMP-2480,Customer Support,"Scheduling calendar invites"
EMP-0096,Marketing,"Sorting spreadsheets"
EMP-0553,Customer Support,"Data entry from invoices"
EMP-1993,Marketing,"Formatting reports"
EMP-3561,HR,"Data entry from invoices"
EMP-2674,Marketing,"Data entry from invoices"
EMP-2470,IT,"High-level strategy planning"
EMP-1850,IT,"Copy-pasting emails into CRM"
EMP-2504,HR,"Copy-pasting emails into CRM"
EMP-3047,IT,"High-level strategy planning"
EMP-3297,Customer Support,"Negotiating a client contract"
EMP-2107,IT,"Interviewing new candidates"
EMP-2488,HR,"Negotiating a client contract"
EMP-0677,IT,"Leading a brainstorming session"
EMP-3701,IT,"Interviewing new candidates"
EMP-3478,Customer Support,"Negotiating a client contract"
EMP-0380,IT,"Interviewing new candidates"
EMP-2710,Customer Support,"Scheduling calendar invites"
EMP-1833,Customer Support,"Copy-pasting emails into CRM"
EMP-2190,Customer Support,"Interviewing new candidates"
EMP-0134,HR,"Leading a brainstorming session"
EMP-2741,IT,"Negotiating a client contract"
EMP-3262,Customer Support,"Scheduling calendar invites"
EMP-3521,IT,"Data entry from invoices"
EMP-3033,Marketing,"Data entry from invoices"
EMP-3983,IT,"Resolving employee conflict"
EMP-1554,HR,"Negotiating a client contract"
EMP-3581,Marketing,"Copy-pasting emails into CRM"
EMP-1150,Sales,"Interviewing new candidates"
EMP-3647,Marketing,"Extracting numbers from PDFs"
EMP-0145,IT,"Data entry from invoices"
EMP-3159,Sales,"Formatting reports"
EMP-1754,Customer Support,"Formatting reports"
EMP-1914,IT,"Interviewing new candidates"
EMP-1355,IT,"Copy-pasting emails into CRM"
EMP-2428,HR,"Resolving employee conflict"
EMP-1815,Customer Support,"Data entry from invoices"
EMP-0162,Marketing,"Negotiating a client contract"
EMP-1373,Sales,"Negotiating a client contract"
EMP-2529,HR,"High-level strategy planning"
EMP-1755,HR,"Designing a new brand logo"
EMP-0941,Customer Support,"Scheduling calendar invites"
EMP-2742,Marketing,"Sorting spreadsheets"
EMP-2603,Sales,"Extracting numbers from PDFs"
EMP-0073,Marketing,"Extracting numbers from PDFs"
EMP-2950,HR,"Data entry from invoices"
EMP-0629,IT,"Copy-pasting emails into CRM"
EMP-0061,IT,"Leading a brainstorming session"
EMP-1069,Marketing,"Formatting reports"
EMP-2185,HR,"High-level strategy planning"
EMP-3330,Marketing,"Data entry from invoices"
EMP-1752,Marketing,"Negotiating a client contract"
EMP-0251,Sales,"Data entry from invoices"
EMP-3187,HR,"Designing a new brand logo"
EMP-2382,IT,"Designing a new brand logo"
EMP-1729,HR,"Leading a brainstorming session"
EMP-1357,Customer Support,"Formatting reports"
EMP-1580,Marketing,"Sorting spreadsheets"
EMP-3800,Sales,"Negotiating a client contract"
EMP-2983,HR,"Copy-pasting emails into CRM"
EMP-2197,HR,"Designing a new brand logo"
EMP-3108,IT,"Negotiating a client contract"
EMP-0387,Sales,"Extracting numbers from PDFs"
EMP-1796,IT,"High-level strategy planning"
EMP-2428,Customer Support,"Scheduling calendar invites"
EMP-3692,Customer Support,"Scheduling calendar invites"
EMP-0145,IT,"High-level strategy planning"
EMP-2600,Marketing,"Extracting numbers from PDFs"
EMP-3812,Customer Support,"Extracting numbers from PDFs"
EMP-2122,HR,"Leading a brainstorming session"
EMP-2619,Marketing,"Formatting reports"
EMP-3273,Marketing,"Interviewing new candidates"
EMP-1539,Marketing,"Extracting numbers from PDFs"
EMP-1373,Sales,"Sorting spreadsheets"
EMP-2106,Sales,"Interviewing new candidates"
EMP-0679,IT,"High-level strategy planning"
EMP-2948,Customer Support,"Interviewing new candidates"
EMP-1292,HR,"Interviewing new candidates"
EMP-2700,HR,"Copy-pasting emails into CRM"
EMP-2451,Sales,"Extracting numbers from PDFs"
EMP-2656,Sales,"Scheduling calendar invites"
EMP-2552,Marketing,"Sorting spreadsheets"
EMP-3382,Customer Support,"Extracting numbers from PDFs"
EMP-3012,IT,"Designing a new brand logo"
EMP-1244,IT,"Interviewing new candidates"
EMP-1279,Marketing,"Scheduling calendar invites"
EMP-1837,HR,"Designing a new brand logo"
EMP-0800,Customer Support,"Sorting spreadsheets"
EMP-1075,Marketing,"Formatting reports"
EMP-1958,Customer Support,"Copy-pasting emails into CRM"
EMP-2292,Sales,"Negotiating a client contract"
EMP-1533,Customer Support,"Scheduling calendar invites"
EMP-0295,HR,"Resolving employee conflict"
EMP-1968,IT,"Data entry from invoices"
EMP-3719,HR,"High-level strategy planning"
EMP-0118,HR,"Copy-pasting emails into CRM"
EMP-0670,IT,"Copy-pasting emails into CRM"
EMP-1828,HR,"Copy-pasting emails into CRM"
EMP-3731,Customer Support,"Negotiating a client contract"
EMP-3965,HR,"Data entry from invoices"
EMP-3119,Customer Support,"Scheduling calendar invites"
EMP-1753,Customer Support,"Negotiating a client contract"
EMP-2230,HR,"Resolving employee conflict"
EMP-0222,Sales,"Negotiating a client contract"
EMP-1924,Marketing,"Scheduling calendar invites"
EMP-1722,IT,"Leading a brainstorming session"
EMP-1657,Sales,"Scheduling calendar invites"
EMP-2376,IT,"Interviewing new candidates"
EMP-1992,Sales,"Scheduling calendar invites"
EMP-0802,Marketing,"Copy-pasting emails into CRM"
EMP-2295,HR,"Data entry from invoices"
EMP-0787,Marketing,"Interviewing new candidates"
EMP-3330,Sales,"Formatting reports"
EMP-1523,HR,"Interviewing new candidates"
EMP-1188,IT,"Interviewing new candidates"
EMP-1305,HR,"Data entry from invoices"
EMP-1035,Sales,"Scheduling calendar invites"
EMP-1410,HR,"Designing a new brand logo"
EMP-2534,Customer Support,"Formatting reports"
EMP-1566,IT,"Data entry from invoices"
EMP-1327,IT,"Designing a new brand logo"
EMP-2081,Sales,"Scheduling calendar invites"
EMP-1626,Sales,"Interviewing new candidates"
EMP-1969,Customer Support,"Formatting reports"
EMP-0282,Customer Support,"Scheduling calendar invites"
EMP-1240,IT,"Resolving employee conflict"
EMP-3415,IT,"Designing a new brand logo"
EMP-2033,Sales,"Data entry from invoices"
EMP-2050,HR,"Copy-pasting emails into CRM"
EMP-0777,Customer Support,"Scheduling calendar invites"
EMP-0183,Sales,"Formatting reports"
EMP-3024,IT,"Copy-pasting emails into CRM"
EMP-1496,Marketing,"Sorting spreadsheets"
EMP-1496,Customer Support,"Copy-pasting emails into CRM"
EMP-3232,Marketing,"Data entry from invoices"
EMP-2117,HR,"Designing a new brand logo"
EMP-2981,Customer Support,"Data entry from invoices"
EMP-2803,Customer Support,"Scheduling calendar invites"
EMP-0332,HR,"High-level strategy planning"
EMP-1886,Customer Support,"Extracting numbers from PDFs"
EMP-3867,Sales,"Extracting numbers from PDFs"
EMP-1139,HR,"Leading a brainstorming session"
EMP-2663,Sales,"Formatting reports"
EMP-1604,Sales,"Scheduling calendar invites"
EMP-3763,IT,"Resolving employee conflict"
EMP-2399,IT,"Interviewing new candidates"
EMP-2581,HR,"Designing a new brand logo"
EMP-3994,Marketing,"Sorting spreadsheets"
EMP-1514,IT,"High-level strategy planning"
EMP-3314,Marketing,"Sorting spreadsheets"
EMP-1327,HR,"Negotiating a client contract"
EMP-0503,IT,"Leading a brainstorming session"
EMP-3392,Marketing,"Interviewing new candidates"
EMP-2491,Sales,"Sorting spreadsheets"
EMP-2110,IT,"Resolving employee conflict"
EMP-3442,Sales,"Copy-pasting emails into CRM"
EMP-2594,HR,"Resolving employee conflict"
EMP-3674,Sales,"Scheduling calendar invites"
EMP-3719,Customer Support,"Data entry from invoices"
EMP-2138,IT,"Negotiating a client contract"
EMP-0388,Sales,"Negotiating a client contract"
EMP-2193,Sales,"Formatting reports"
EMP-3467,Sales,"Negotiating a client contract"
EMP-2249,HR,"High-level strategy planning"
EMP-0409,HR,"Data entry from invoices"
EMP-3194,Customer Support,"Interviewing new candidates"
EMP-1187,Sales,"Data entry from invoices"
EMP-0395,HR,"Data entry from invoices"
EMP-1318,Marketing,"Copy-pasting emails into CRM"
EMP-3873,Sales,"Extracting numbers from PDFs"
EMP-2384,HR,"Interviewing new candidates"
EMP-1986,Marketing,"Copy-pasting emails into CRM"
EMP-0039,Customer Support,"Negotiating a client contract"
EMP-2626,Marketing,"Sorting spreadsheets"
EMP-3719,HR,"Resolving employee conflict"
EMP-0084,IT,"Negotiating a client contract"
EMP-0229,Marketing,"Copy-pasting emails into CRM"
EMP-0244,Sales,"Sorting spreadsheets"
EMP-3942,Sales,"Copy-pasting emails into CRM"
EMP-2404,HR,"Data entry from invoices"
EMP-0109,Marketing,"Data entry from invoices"
EMP-2647,HR,"Interviewing new candidates"
EMP-0585,Marketing,"Negotiating a client contract"
EMP-1138,Marketing,"Sorting spreadsheets"
EMP-2188,Marketing,"Formatting reports"
EMP-1063,Sales,"Extracting numbers from PDFs"
EMP-2071,Customer Support,"Extracting numbers from PDFs"
EMP-1761,Sales,"Scheduling calendar invites"
EMP-1794,Sales,"Sorting spreadsheets"
EMP-1908,IT,"Copy-pasting emails into CRM"
EMP-0339,Marketing,"Formatting reports"
EMP-0979,Sales,"Extracting numbers from PDFs"
EMP-0883,Customer Support,"Extracting numbers from PDFs"
EMP-3964,HR,"Resolving employee conflict"
EMP-3117,Marketing,"Extracting numbers from PDFs"
EMP-1008,IT,"High-level strategy planning"
EMP-0930,Sales,"Scheduling calendar invites"
EMP-3866,IT,"Copy-pasting emails into CRM"
EMP-0625,Customer Support,"Negotiating a client contract"
EMP-0744,Sales,"Sorting spreadsheets"
EMP-1856,Sales,"Formatting reports"
EMP-1790,HR,"Negotiating a client contract"
EMP-0055,Sales,"Extracting numbers from PDFs"
EMP-0205,Marketing,"Interviewing new candidates"
EMP-3184,Marketing,"Interviewing new candidates"
EMP-3443,Sales,"Extracting numbers from PDFs"
EMP-2749,IT,"Copy-pasting emails into CRM"
EMP-1505,Sales,"Extracting numbers from PDFs"
EMP-0575,HR,"Leading a brainstorming session"
EMP-1291,Sales,"Scheduling calendar invites"
EMP-0268,Marketing,"Scheduling calendar invites"
EMP-0245,IT,"Resolving employee conflict"
EMP-0832,HR,"Interviewing new candidates"
EMP-2199,HR,"Interviewing new candidates"
EMP-1995,HR,"Designing a new brand logo"
EMP-1380,IT,"Data entry from invoices"
EMP-2661,HR,"Resolving employee conflict"
EMP-3458,IT,"Designing a new brand logo"
EMP-1305,Customer Support,"Copy-pasting emails into CRM"
EMP-2906,HR,"High-level strategy planning"
EMP-0784,Sales,"Formatting reports"
EMP-1546,HR,"Resolving employee conflict"
EMP-1205,Marketing,"Scheduling calendar invites"
EMP-1867,Marketing,"Sorting spreadsheets"
EMP-3371,Sales,"Formatting reports"
EMP-2926,IT,"High-level strategy planning"
EMP-2332,IT,"Leading a brainstorming session"
EMP-0697,IT,"Copy-pasting emails into CRM"
EMP-0470,HR,"High-level strategy planning"
EMP-0523,Customer Support,"Formatting reports"
EMP-3088,HR,"Copy-pasting emails into CRM"
EMP-0323,Sales,"Data entry from invoices"
EMP-2663,HR,"Data entry from invoices"
EMP-1060,IT,"Copy-pasting emails into CRM"
EMP-0963,Marketing,"Scheduling calendar invites"
EMP-1956,Marketing,"Extracting numbers from PDFs"
EMP-0979,HR,"Resolving employee conflict"
EMP-2790,Sales,"Interviewing new candidates"
EMP-0826,IT,"Resolving employee conflict"
EMP-0336,Marketing,"Sorting spreadsheets"
EMP-1314,Marketing,"Extracting numbers from PDFs"
EMP-1541,Sales,"Negotiating a client contract"
EMP-0042,HR,"High-level strategy planning"
EMP-3150,Marketing,"Extracting numbers from PDFs"
EMP-0734,IT,"Data entry from invoices"
EMP-3871,Marketing,"Scheduling calendar invites"
EMP-0124,Marketing,"Sorting spreadsheets"
EMP-3881,IT,"Leading a brainstorming session"
EMP-3288,Marketing,"Sorting spreadsheets"
EMP-2270,Marketing,"Copy-pasting emails into CRM"
EMP-0489,HR,"Negotiating a client contract"
EMP-1879,HR,"Designing a new brand logo"
EMP-3831,Sales,"Scheduling calendar invites"
EMP-1852,HR,"Leading a brainstorming session"
EMP-0320,Sales,"Negotiating a client contract"
EMP-2343,HR,"High-level strategy planning"
EMP-2124,IT,"Negotiating a client contract"
EMP-2636,Sales,"Interviewing new candidates"
EMP-3100,Customer Support,"Extracting numbers from PDFs"
EMP-0879,IT,"High-level strategy planning"
EMP-1930,Marketing,"Scheduling calendar invites"
EMP-3822,Customer Support,"Sorting spreadsheets"
EMP-3452,HR,"Resolving employee conflict"
EMP-1516,Customer Support,"Extracting numbers from PDFs"
EMP-0086,Customer Support,"Extracting numbers from PDFs"
EMP-0430,Marketing,"Sorting spreadsheets"
EMP-1773,Sales,"Interviewing new candidates"
EMP-3460,Marketing,"Formatting reports"
EMP-2346,Customer Support,"Extracting numbers from PDFs"
EMP-3463,HR,"Copy-pasting emails into CRM"
EMP-0256,Marketing,"Negotiating a client contract"
EMP-0691,HR,"Interviewing new candidates"
EMP-3403,Sales,"Scheduling calendar invites"
EMP-2061,Customer Support,"Extracting numbers from PDFs"
EMP-3562,Marketing,"Data entry from invoices"
EMP-0099,Marketing,"Sorting spreadsheets"
EMP-2007,IT,"Copy-pasting emails into CRM"
EMP-3756,Sales,"Extracting numbers from PDFs"
EMP-0606,HR,"Data entry from invoices"
EMP-1807,HR,"Leading a brainstorming session"
EMP-2899,Sales,"Copy-pasting emails into CRM"
EMP-3145,Customer Support,"Data entry from invoices"
EMP-1776,HR,"Copy-pasting emails into CRM"
EMP-2227,HR,"Leading a brainstorming session"
EMP-1804,IT,"Resolving employee conflict"
EMP-0824,HR,"Negotiating a client contract"
EMP-1463,IT,"High-level strategy planning"
EMP-1810,Customer Support,"Sorting spreadsheets"
EMP-2803,Customer Support,"Data entry from invoices"
EMP-2019,IT,"Resolving employee conflict"
EMP-2676,HR,"Data entry from invoices"
EMP-0097,Sales,"Extracting numbers from PDFs"
EMP-3394,Customer Support,"Formatting reports"
EMP-1420,Marketing,"Formatting reports"
EMP-1519,IT,"High-level strategy planning"
EMP-3194,IT,"Resolving employee conflict"
EMP-1985,Marketing,"Scheduling calendar invites"
EMP-1042,IT,"Negotiating a client contract"
EMP-3549,Marketing,"Scheduling calendar invites"
EMP-1795,HR,"High-level strategy planning"
EMP-2208,Marketing,"Interviewing new candidates"
EMP-2554,Sales,"Sorting spreadsheets"
EMP-0096,Sales,"Copy-pasting emails into CRM"
EMP-0916,Marketing,"Sorting spreadsheets"
EMP-0254,Sales,"Scheduling calendar invites"
EMP-3556,HR,"High-level strategy planning"
EMP-1492,IT,"Leading a brainstorming session"
EMP-0358,Marketing,"Copy-pasting emails into CRM"
EMP-0878,HR,"Leading a brainstorming session"
EMP-2767,Marketing,"Data entry from invoices"
EMP-0932,Marketing,"Scheduling calendar invites"
EMP-1013,Customer Support,"Scheduling calendar invites"
EMP-0390,Customer Support,"Data entry from invoices"
EMP-2245,Customer Support,"Copy-pasting emails into CRM"
EMP-1642,HR,"Resolving employee conflict"
EMP-2657,Customer Support,"Formatting reports"
EMP-2046,IT,"Data entry from invoices"
EMP-1065,Customer Support,"Sorting spreadsheets"
EMP-1721,HR,"Negotiating a client contract"
EMP-2551,HR,"Copy-pasting emails into CRM"
EMP-1587,HR,"Resolving employee conflict"
EMP-1176,Customer Support,"Extracting numbers from PDFs"
EMP-1919,HR,"Designing a new brand logo"
EMP-0070,HR,"Interviewing new candidates"
EMP-2297,Customer Support,"Copy-pasting emails into CRM"
EMP-1841,HR,"Copy-pasting emails into CRM"
EMP-0131,Customer Support,"Negotiating a client contract"
EMP-3460,Marketing,"Extracting numbers from PDFs"
EMP-0995,Customer Support,"Data entry from invoices"
EMP-3473,HR,"Negotiating a client contract"
EMP-0530,Sales,"Data entry from invoices"
EMP-3478,Customer Support,"Sorting spreadsheets"
EMP-1582,Customer Support,"Extracting numbers from PDFs"
EMP-2736,IT,"Data entry from invoices"
EMP-3538,IT,"Designing a new brand logo"
EMP-0607,HR,"Copy-pasting emails into CRM"
EMP-3320,Marketing,"Negotiating a client contract"
EMP-1820,IT,"Data entry from invoices"
EMP-3943,HR,"Interviewing new candidates"
EMP-2423,Marketing,"Extracting numbers from PDFs"
EMP-2458,Marketing,"Scheduling calendar invites"
EMP-3478,HR,"Leading a brainstorming session"
EMP-2650,IT,"Data entry from invoices"
EMP-2866,Customer Support,"Formatting reports"
EMP-0498,HR,"Leading a brainstorming session"
EMP-0590,Marketing,"Data entry from invoices"
EMP-2928,IT,"Designing a new brand logo"
EMP-2162,Customer Support,"Formatting reports"
EMP-1174,Sales,"Extracting numbers from PDFs"
EMP-1051,Customer Support,"Interviewing new candidates"
EMP-0053,Customer Support,"Formatting reports"
EMP-1373,Customer Support,"Interviewing new candidates"
EMP-0356,HR,"Data entry from invoices"
EMP-3380,Sales,"Interviewing new candidates"
EMP-0967,Marketing,"Interviewing new candidates"
EMP-2719,HR,"Leading a brainstorming session"
EMP-3135,Marketing,"Scheduling calendar invites"
EMP-0239,Marketing,"Copy-pasting emails into CRM"
EMP-1902,Sales,"Formatting reports"
EMP-3435,IT,"Interviewing new candidates"
EMP-3972,Customer Support,"Scheduling calendar invites"
EMP-3669,Customer Support,"Sorting spreadsheets"
EMP-0021,IT,"Copy-pasting emails into CRM"
EMP-1423,HR,"Leading a brainstorming session"
EMP-2580,Customer Support,"Formatting reports"
EMP-1916,Sales,"Copy-pasting emails into CRM"
EMP-3415,Customer Support,"Extracting numbers from PDFs"
EMP-3854,IT,"Leading a brainstorming session"
EMP-3126,Customer Support,"Negotiating a client contract"
EMP-2808,HR,"Leading a brainstorming session"
EMP-3948,Sales,"Formatting reports"
EMP-3734,Sales,"Extracting numbers from PDFs"
EMP-1284,Marketing,"Formatting reports"
EMP-2290,Marketing,"Data entry from invoices"
EMP-0803,IT,"Data entry from invoices"
EMP-0224,Sales,"Sorting spreadsheets"
EMP-3567,Marketing,"Sorting spreadsheets"
EMP-1090,IT,"Negotiating a client contract"
EMP-0314,HR,"Copy-pasting emails into CRM"
EMP-2290,IT,"Data entry from invoices"
EMP-3770,Sales,"Negotiating a client contract"
EMP-0772,Customer Support,"Copy-pasting emails into CRM"
EMP-2410,IT,"Copy-pasting emails into CRM"
EMP-2130,Marketing,"Formatting reports"
EMP-2432,HR,"Interviewing new candidates"
EMP-1208,HR,"Designing a new brand logo"
EMP-0525,Customer Support,"Extracting numbers from PDFs"
EMP-0609,Customer Support,"Interviewing new candidates"
EMP-3814,HR,"Copy-pasting emails into CRM"
EMP-1874,HR,"Resolving employee conflict"
EMP-2185,Customer Support,"Interviewing new candidates"
EMP-1815,HR,"Resolving employee conflict"
EMP-3831,HR,"Data entry from invoices"
EMP-2688,IT,"Resolving employee conflict"
EMP-1029,Customer Support,"Extracting numbers from PDFs"
EMP-1683,IT,"High-level strategy planning"
EMP-0152,Customer Support,"Interviewing new candidates"
EMP-2092,Marketing,"Extracting numbers from PDFs"
EMP-1747,Marketing,"Extracting numbers from PDFs"
EMP-1711,IT,"Interviewing new candidates"
EMP-3120,Sales,"Extracting numbers from PDFs"
EMP-0278,HR,"Designing a new brand logo"
EMP-3796,HR,"Leading a brainstorming session"
EMP-0003,Marketing,"Data entry from invoices"
EMP-1821,Sales,"Data entry from invoices"
EMP-0718,IT,"Data entry from invoices"
EMP-0049,Sales,"Negotiating a client contract"
EMP-3506,Sales,"Data entry from invoices"
EMP-1071,Sales,"Extracting numbers from PDFs"
EMP-3250,Marketing,"Scheduling calendar invites"
EMP-1319,Customer Support,"Formatting reports"
EMP-3210,Marketing,"Interviewing new candidates"
EMP-1027,HR,"Leading a brainstorming session"
EMP-3557,HR,"Data entry from invoices"
EMP-2594,Customer Support,"Sorting spreadsheets"
EMP-1535,HR,"High-level strategy planning"
EMP-1606,IT,"Data entry from invoices"
EMP-1042,HR,"Interviewing new candidates"
EMP-1912,HR,"Interviewing new candidates"
EMP-0444,IT,"Copy-pasting emails into CRM"
EMP-3673,Sales,"Formatting reports"
EMP-1619,HR,"Copy-pasting emails into CRM"
EMP-3381,IT,"High-level strategy planning"
EMP-2916,HR,"Interviewing new candidates"
EMP-0384,Marketing,"Scheduling calendar invites"
EMP-0782,Marketing,"Copy-pasting emails into CRM"
EMP-1665,Marketing,"Extracting numbers from PDFs"
EMP-1978,Sales,"Extracting numbers from PDFs"
EMP-0361,Customer Support,"Data entry from invoices"
EMP-2426,Customer Support,"Data entry from invoices"
EMP-3071,IT,"High-level strategy planning"
EMP-3931,HR,"Data entry from invoices"
EMP-1806,Sales,"Sorting spreadsheets"
EMP-1450,Marketing,"Formatting reports"
EMP-2271,HR,"Data entry from invoices"
EMP-0473,Marketing,"Negotiating a client contract"
EMP-1393,Customer Support,"Data entry from invoices"
EMP-0641,IT,"Interviewing new candidates"
EMP-0367,Marketing,"Copy-pasting emails into CRM"
EMP-0463,Sales,"Interviewing new candidates"
EMP-3709,IT,"Data entry from invoices"
EMP-2917,Sales,"Negotiating a client contract"
EMP-0910,IT,"Copy-pasting emails into CRM"
EMP-1874,Customer Support,"Sorting spreadsheets"
EMP-0230,Marketing,"Interviewing new candidates"
EMP-2703,IT,"Leading a brainstorming session"
EMP-0365,Marketing,"Extracting numbers from PDFs"
EMP-1579,HR,"Copy-pasting emails into CRM"
EMP-3848,Customer Support,"Formatting reports"
EMP-0882,HR,"Data entry from invoices"
EMP-0606,IT,"Interviewing new candidates"
EMP-1516,Sales,"Sorting spreadsheets"
EMP-2705,Customer Support,"Copy-pasting emails into CRM"
EMP-3921,HR,"Resolving employee conflict"
EMP-3678,Marketing,"Negotiating a client contract"
EMP-0459,Sales,"Data entry from invoices"
EMP-3137,HR,"Resolving employee conflict"
EMP-1825,Sales,"Scheduling calendar invites"
EMP-3933,Sales,"Data entry from invoices"
EMP-3200,Sales,"Scheduling calendar invites"
EMP-1269,IT,"Designing a new brand logo"
EMP-3407,Sales,"Interviewing new candidates"
EMP-1893,IT,"High-level strategy planning"
EMP-3466,IT,"Copy-pasting emails into CRM"
EMP-1896,Sales,"Negotiating a client contract"
EMP-3385,Marketing,"Data entry from invoices"
EMP-2890,Customer Support,"Negotiating a client contract"
EMP-1072,IT,"Copy-pasting emails into CRM"
EMP-1098,HR,"Resolving employee conflict"
EMP-1733,Sales,"Sorting spreadsheets"
EMP-2904,Marketing,"Extracting numbers from PDFs"
EMP-2429,HR,"Interviewing new candidates"
EMP-0025,Sales,"Scheduling calendar invites"
EMP-1158,Marketing,"Extracting numbers from PDFs"
EMP-2919,Sales,"Negotiating a client contract"
EMP-2770,Marketing,"Copy-pasting emails into CRM"
EMP-0276,Customer Support,"Copy-pasting emails into CRM"
EMP-0381,HR,"Designing a new brand logo"
EMP-1862,HR,"Interviewing new candidates"
EMP-1975,IT,"Copy-pasting emails into CRM"
EMP-2429,IT,"Designing a new brand logo"
EMP-1071,Sales,"Formatting reports"
EMP-3440,Customer Support,"Sorting spreadsheets"
EMP-2947,IT,"Negotiating a client contract"
EMP-0574,IT,"Interviewing new candidates"
EMP-0224,IT,"Copy-pasting emails into CRM"
EMP-2268,Customer Support,"Sorting spreadsheets"
EMP-1632,Customer Support,"Scheduling calendar invites"
EMP-3813,Marketing,"Negotiating a client contract"
EMP-2182,IT,"High-level strategy planning"
EMP-0944,Marketing,"Sorting spreadsheets"
EMP-3570,IT,"Designing a new brand logo"
EMP-1704,Marketing,"Sorting spreadsheets"
EMP-2422,IT,"High-level strategy planning"
EMP-0230,Customer Support,"Interviewing new candidates"
EMP-3231,Sales,"Data entry from invoices"
EMP-3901,Customer Support,"Sorting spreadsheets"
EMP-0677,Marketing,"Copy-pasting emails into CRM"
EMP-2551,Sales,"Data entry from invoices"
EMP-1865,IT,"Leading a brainstorming session"
EMP-2125,HR,"Interviewing new candidates"
EMP-2908,Customer Support,"Data entry from invoices"
EMP-1372,HR,"Designing a new brand logo"
EMP-2364,Customer Support,"Copy-pasting emails into CRM"
EMP-0853,Sales,"Scheduling calendar invites"
EMP-2874,HR,"Data entry from invoices"
EMP-2241,Marketing,"Extracting numbers from PDFs"
EMP-1722,Sales,"Negotiating a client contract"
EMP-0043,IT,"Designing a new brand logo"
EMP-3688,HR,"Negotiating a client contract"
EMP-1358,Marketing,"Scheduling calendar invites"
EMP-0138,IT,"High-level strategy planning"
EMP-1323,HR,"High-level strategy planning"
EMP-0237,Customer Support,"Scheduling calendar invites"
EMP-2679,Marketing,"Data entry from invoices"
EMP-1403,HR,"Leading a brainstorming session"
EMP-1985,IT,"Resolving employee conflict"
EMP-2917,IT,"Copy-pasting emails into CRM"
EMP-2951,Customer Support,"Formatting reports"
EMP-0633,IT,"Leading a brainstorming session"
EMP-3549,HR,"Leading a brainstorming session"
EMP-2071,HR,"High-level strategy planning"
EMP-1940,IT,"Data entry from invoices"
EMP-0874,IT,"High-level strategy planning"
EMP-0983,HR,"Leading a brainstorming session"
EMP-2697,Marketing,"Scheduling calendar invites"
EMP-0326,Customer Support,"Formatting reports"
EMP-2042,HR,"Designing a new brand logo"
EMP-2390,HR,"High-level strategy planning"
EMP-0648,Marketing,"Formatting reports"
EMP-2427,Sales,"Formatting reports"
EMP-0037,Marketing,"Scheduling calendar invites"
EMP-1038,Sales,"Data entry from invoices"
EMP-1261,Sales,"Interviewing new candidates"
EMP-3484,Marketing,"Data entry from invoices"
EMP-1964,Marketing,"Formatting reports"
EMP-0469,IT,"Leading a brainstorming session"
EMP-0544,Sales,"Copy-pasting emails into CRM"
EMP-0750,IT,"Copy-pasting emails into CRM"
EMP-0129,IT,"Designing a new brand logo"
EMP-0322,IT,"Copy-pasting emails into CRM"
EMP-3020,Marketing,"Copy-pasting emails into CRM"
EMP-2020,Customer Support,"Formatting reports"
EMP-1894,Marketing,"Scheduling calendar invites"
EMP-0737,IT,"Leading a brainstorming session"
EMP-2836,Customer Support,"Formatting reports"
EMP-2116,Customer Support,"Formatting reports"
EMP-1770,HR,"Leading a brainstorming session"
EMP-2527,HR,"Resolving employee conflict"
EMP-3959,Customer Support,"Scheduling calendar invites"
EMP-1056,IT,"Resolving employee conflict"
EMP-2341,IT,"Negotiating a client contract"
EMP-1720,Sales,"Negotiating a client contract"
EMP-3192,IT,"Data entry from invoices"
EMP-3608,Customer Support,"Data entry from invoices"
EMP-3022,Sales,"Data entry from invoices"
EMP-3036,IT,"Copy-pasting emails into CRM"
EMP-0861,Customer Support,"Interviewing new candidates"
EMP-3661,Sales,"Sorting spreadsheets"
EMP-2702,IT,"Negotiating a client contract"
EMP-2406,HR,"Leading a brainstorming session"
EMP-2888,IT,"High-level strategy planning"
EMP-3700,Customer Support,"Extracting numbers from PDFs"
EMP-3461,IT,"Resolving employee conflict"
EMP-3246,IT,"Resolving employee conflict"
EMP-3783,Marketing,"Formatting reports"
EMP-1313,IT,"Designing a new brand logo"
EMP-2027,IT,"Negotiating a client contract"
EMP-1283,IT,"High-level strategy planning"
EMP-3112,Sales,"Extracting numbers from PDFs"
EMP-1385,HR,"Leading a brainstorming session"
EMP-0800,Sales,"Negotiating a client contract"
EMP-2338,HR,"Data entry from invoices"
EMP-2717,IT,"High-level strategy planning"
EMP-3038,HR,"Interviewing new candidates"
EMP-3335,IT,"Copy-pasting emails into CRM"
EMP-0167,Customer Support,"Data entry from invoices"
EMP-0782,Marketing,"Extracting numbers from PDFs"
EMP-1833,Sales,"Sorting spreadsheets"
EMP-1973,HR,"Copy-pasting emails into CRM"
EMP-0558,HR,"Leading a brainstorming session"
EMP-1708,Customer Support,"Extracting numbers from PDFs"
EMP-2621,Sales,"Data entry from invoices"
EMP-1981,HR,"Designing a new brand logo"
EMP-1540,HR,"Negotiating a client contract"
EMP-2821,Marketing,"Copy-pasting emails into CRM"
EMP-0319,Marketing,"Copy-pasting emails into CRM"
EMP-3257,HR,"Data entry from invoices"
EMP-0375,Marketing,"Negotiating a client contract"
EMP-0375,IT,"Interviewing new candidates"
EMP-1935,IT,"Interviewing new candidates"
EMP-1597,Sales,"Scheduling calendar invites"
EMP-3414,Sales,"Formatting reports"
EMP-2941,HR,"Designing a new brand logo"
EMP-0651,Marketing,"Interviewing new candidates"
EMP-2297,Customer Support,"Data entry from invoices"
EMP-1648,Customer Support,"Data entry from invoices"
EMP-0129,Customer Support,"Negotiating a client contract"
EMP-3269,Marketing,"Sorting spreadsheets"
EMP-0354,IT,"High-level strategy planning"
EMP-0505,Customer Support,"Negotiating a client contract"
EMP-0041,Customer Support,"Data entry from invoices"
EMP-0879,Customer Support,"Sorting spreadsheets"
EMP-3952,Sales,"Formatting reports"
EMP-3959,Marketing,"Scheduling calendar invites"
EMP-0562,Sales,"Negotiating a client contract"
EMP-3216,Marketing,"Scheduling calendar invites"
EMP-3676,Sales,"Extracting numbers from PDFs"
EMP-1999,Sales,"Interviewing new candidates"
EMP-0237,Customer Support,"Scheduling calendar invites"
EMP-0587,Sales,"Sorting spreadsheets"
EMP-2221,IT,"Leading a brainstorming session"
EMP-2953,HR,"High-level strategy planning"
EMP-1854,IT,"Designing a new brand logo"
EMP-3073,Sales,"Formatting reports"
EMP-3344,Marketing,"Extracting numbers from PDFs"
EMP-2745,Sales,"Scheduling calendar invites"
EMP-3899,Sales,"Formatting reports"
EMP-3526,IT,"Leading a brainstorming session"
EMP-2262,IT,"Interviewing new candidates"
EMP-1206,Customer Support,"Sorting spreadsheets"
EMP-2691,IT,"Designing a new brand logo"
EMP-1499,Sales,"Formatting reports"
EMP-2315,IT,"Copy-pasting emails into CRM"
EMP-3031,Sales,"Formatting reports"
EMP-2288,HR,"Copy-pasting emails into CRM"
EMP-2126,IT,"Resolving employee conflict"
EMP-2186,Marketing,"Interviewing new candidates"
EMP-0857,HR,"Designing a new brand logo"
EMP-2888,IT,"High-level strategy planning"
EMP-2794,IT,"Resolving employee conflict"
EMP-0999,IT,"Leading a brainstorming session"
EMP-1613,Sales,"Interviewing new candidates"
EMP-2452,HR,"Negotiating a client contract"
EMP-0193,IT,"Data entry from invoices"
EMP-2154,Customer Support,"Scheduling calendar invites"
EMP-3335,IT,"Interviewing new candidates"
EMP-0918,HR,"Interviewing new candidates"
EMP-3890,IT,"Designing a new brand logo"
EMP-0174,Sales,"Data entry from invoices"
EMP-0404,Sales,"Sorting spreadsheets"
EMP-0459,Customer Support,"Scheduling calendar invites"
EMP-0973,Sales,"Sorting spreadsheets"
EMP-1689,Marketing,"Formatting reports"
EMP-0167,Marketing,"Extracting numbers from PDFs"
EMP-0480,IT,"Leading a brainstorming session"
EMP-2071,Customer Support,"Data entry from invoices"
EMP-2265,Sales,"Scheduling calendar invites"
EMP-2057,HR,"Data entry from invoices"
EMP-1119,Marketing,"Negotiating a client contract"
EMP-0168,IT,"Negotiating a client contract"
EMP-0766,HR,"Leading a brainstorming session"
EMP-1938,HR,"Leading a brainstorming session"
EMP-0087,Customer Support,"Formatting reports"
EMP-2886,IT,"Copy-pasting emails into CRM"
EMP-0549,Customer Support,"Scheduling calendar invites"
EMP-2070,HR,"High-level strategy planning"
EMP-0611,Customer Support,"Interviewing new candidates"
EMP-3847,HR,"Designing a new brand logo"
EMP-2360,Marketing,"Scheduling calendar invites"
EMP-1695,Sales,"Interviewing new candidates"
EMP-0215,Marketing,"Data entry from invoices"
EMP-3279,Customer Support,"Data entry from invoices"
EMP-2512,IT,"Interviewing new candidates"
EMP-2550,IT,"Data entry from invoices"
EMP-0155,Sales,"Copy-pasting emails into CRM"
EMP-3676,IT,"Data entry from invoices"
EMP-0844,Customer Support,"Formatting reports"
EMP-0745,Sales,"Data entry from invoices"
EMP-2990,Sales,"Copy-pasting emails into CRM"
EMP-3413,Customer Support,"Extracting numbers from PDFs"
EMP-2987,Sales,"Scheduling calendar invites"
EMP-3772,HR,"Copy-pasting emails into CRM"
EMP-3822,Customer Support,"Copy-pasting emails into CRM"
EMP-3527,Sales,"Copy-pasting emails into CRM"
EMP-3743,HR,"Designing a new brand logo"
EMP-0825,Customer Support,"Sorting spreadsheets"
EMP-1364,IT,"Leading a brainstorming session"
EMP-2688,Sales,"Negotiating a client contract"
EMP-2355,IT,"Resolving employee conflict"
EMP-0573,Customer Support,"Extracting numbers from PDFs"
EMP-3041,HR,"Negotiating a client contract"
EMP-0159,Customer Support,"Data entry from invoices"
EMP-2031,IT,"Data entry from invoices"
EMP-0183,HR,"Leading a brainstorming session"
EMP-3042,IT,"Negotiating a client contract"
EMP-0371,Customer Support,"Copy-pasting emails into CRM"
EMP-1287,Sales,"Sorting spreadsheets"
EMP-1792,Marketing,"Copy-pasting emails into CRM"
EMP-2842,IT,"Negotiating a client contract"
EMP-0184,Sales,"Sorting spreadsheets"
EMP-3583,Sales,"Scheduling calendar invites"
EMP-0280,Marketing,"Negotiating a client contract"
EMP-0737,IT,"Negotiating a client contract"
EMP-1827,Sales,"Data entry from invoices"
EMP-0129,IT,"High-level strategy planning"
EMP-3114,IT,"Negotiating a client contract"
EMP-2751,HR,"Designing a new brand logo"
EMP-0109,Customer Support,"Scheduling calendar invites"
EMP-2287,Sales,"Interviewing new candidates"
EMP-2673,Customer Support,"Formatting reports"
EMP-0974,IT,"Data entry from invoices"
EMP-0903,HR,"Negotiating a client contract"
EMP-0437,Customer Support,"Copy-pasting emails into CRM"
EMP-1305,Marketing,"Data entry from invoices"
EMP-0808,IT,"Negotiating a client contract"
EMP-1033,Customer Support,"Scheduling calendar invites"
EMP-2543,IT,"Data entry from invoices"
EMP-0644,IT,"Leading a brainstorming session"
EMP-0421,Customer Support,"Negotiating a client contract"
EMP-3097,Marketing,"Negotiating a client contract"
EMP-1392,IT,"Data entry from invoices"
EMP-2885,IT,"Resolving employee conflict"
EMP-2265,IT,"Designing a new brand logo"
EMP-0539,HR,"Interviewing new candidates"
EMP-1458,Customer Support,"Scheduling calendar invites"
EMP-2341,HR,"Designing a new brand logo"
EMP-2431,Customer Support,"Formatting reports"
EMP-3644,IT,"Resolving employee conflict"
EMP-1192,HR,"High-level strategy planning"
EMP-3929,HR,"Data entry from invoices"
EMP-0834,Sales,"Formatting reports"
EMP-3186,Customer Support,"Scheduling calendar invites"
EMP-2824,Marketing,"Scheduling calendar invites"
EMP-0726,IT,"Copy-pasting emails into CRM"
EMP-1753,Marketing,"Interviewing new candidates"
EMP-2812,IT,"Designing a new brand logo"
EMP-2899,Sales,"Copy-pasting emails into CRM"
EMP-3661,Customer Support,"Interviewing new candidates"
EMP-2220,HR,"Negotiating a client contract"
EMP-1852,IT,"Data entry from invoices"
EMP-2639,Sales,"Extracting numbers from PDFs"
EMP-3719,HR,"Interviewing new candidates"
EMP-2082,IT,"Leading a brainstorming session"
EMP-0107,Sales,"Sorting spreadsheets"
EMP-1741,Marketing,"Negotiating a client contract"
EMP-1835,IT,"Leading a brainstorming session"
EMP-3686,Marketing,"Formatting reports"
EMP-2783,Customer Support,"Sorting spreadsheets"
EMP-0001,Customer Support,"Interviewing new candidates"
EMP-2439,Customer Support,"Data entry from invoices"
EMP-0051,IT,"Negotiating a client contract"
EMP-0019,IT,"High-level strategy planning"
EMP-0828,HR,"Negotiating a client contract"
EMP-2969,IT,"Designing a new brand logo"
EMP-0433,Customer Support,"Negotiating a client contract"
EMP-0753,Marketing,"Formatting reports"
EMP-0153,Sales,"Copy-pasting emails into CRM"
EMP-1942,Sales,"Data entry from invoices"
EMP-2750,HR,"Designing a new brand logo"
EMP-3799,Marketing,"Extracting numbers from PDFs"
EMP-3067,HR,"High-level strategy planning"
EMP-1227,IT,"Data entry from invoices"
EMP-0865,Customer Support,"Scheduling calendar invites"
EMP-3157,Customer Support,"Sorting spreadsheets"
EMP-2637,IT,"High-level strategy planning"
EMP-2078,Marketing,"Extracting numbers from PDFs"
EMP-3626,IT,"Data entry from invoices"
EMP-3075,HR,"Resolving employee conflict"
EMP-0300,Customer Support,"Copy-pasting emails into CRM"
EMP-0749,IT,"Resolving employee conflict"
EMP-1061,Sales,"Formatting reports"
EMP-0501,HR,"High-level strategy planning"
EMP-0339,HR,"Interviewing new candidates"
EMP-0236,Marketing,"Extracting numbers from PDFs"
EMP-3466,IT,"Data entry from invoices"
EMP-3770,HR,"Leading a brainstorming session"
EMP-1846,IT,"Data entry from invoices"
EMP-1421,Customer Support,"Negotiating a client contract"
EMP-0927,HR,"Designing a new brand logo"
EMP-0926,Sales,"Sorting spreadsheets"
EMP-2009,HR,"Interviewing new candidates"
EMP-1586,Customer Support,"Scheduling calendar invites"
EMP-1060,Sales,"Scheduling calendar invites"
EMP-2875,HR,"Interviewing new candidates"
EMP-2024,Customer Support,"Formatting reports"
EMP-3662,Sales,"Formatting reports"
EMP-3652,HR,"Data entry from invoices"
EMP-1901,Marketing,"Sorting spreadsheets"
EMP-1988,HR,"Leading a brainstorming session"
EMP-1807,HR,"Negotiating a client contract"
EMP-1402,Customer Support,"Sorting spreadsheets"
EMP-0877,Marketing,"Interviewing new candidates"
EMP-3841,Marketing,"Interviewing new candidates"
EMP-2350,Marketing,"Sorting spreadsheets"
EMP-2632,Customer Support,"Interviewing new candidates"
EMP-0074,IT,"Data entry from invoices"
EMP-0439,IT,"Resolving employee conflict"
EMP-2036,IT,"Copy-pasting emails into CRM"
EMP-1186,HR,"Leading a brainstorming session"
EMP-1159,HR,"Negotiating a client contract"
EMP-1415,Marketing,"Interviewing new candidates"
EMP-0349,IT,"Resolving employee conflict"
EMP-3309,HR,"Resolving employee conflict"
EMP-2260,IT,"Resolving employee conflict"
EMP-3981,Customer Support,"Interviewing new candidates"
EMP-0531,Marketing,"Sorting spreadsheets"
EMP-3054,Sales,"Scheduling calendar invites"
EMP-1392,IT,"High-level strategy planning"
EMP-3903,Customer Support,"Copy-pasting emails into CRM"
EMP-3403,Sales,"Sorting spreadsheets"
EMP-1747,IT,"Designing a new brand logo"
EMP-0919,IT,"Resolving employee conflict"
EMP-1781,IT,"High-level strategy planning"
EMP-1020,IT,"Leading a brainstorming session"
EMP-2156,HR,"Data entry from invoices"
EMP-0151,Customer Support,"Formatting reports"
EMP-2452,Customer Support,"Sorting spreadsheets"
EMP-2478,Marketing,"Extracting numbers from PDFs"
EMP-1591,Marketing,"Scheduling calendar invites"
EMP-2094,Customer Support,"Interviewing new candidates"
EMP-2853,Sales,"Interviewing new candidates"
EMP-3041,Sales,"Sorting spreadsheets"
EMP-3547,Marketing,"Interviewing new candidates"
EMP-1002,Sales,"Scheduling calendar invites"
EMP-2182,Sales,"Interviewing new candidates"
EMP-0762,Sales,"Interviewing new candidates"
EMP-1861,Marketing,"Copy-pasting emails into CRM"
EMP-1977,Sales,"Extracting numbers from PDFs"
EMP-0084,Customer Support,"Formatting reports"
EMP-1558,Sales,"Interviewing new candidates"
EMP-2849,IT,"Leading a brainstorming session"
EMP-3829,Customer Support,"Extracting numbers from PDFs"
EMP-2785,Customer Support,"Copy-pasting emails into CRM"
EMP-0529,Customer Support,"Formatting reports"
EMP-3727,Marketing,"Scheduling calendar invites"
EMP-0208,HR,"High-level strategy planning"
EMP-0809,Customer Support,"Interviewing new candidates"
EMP-3112,IT,"Resolving employee conflict"
EMP-3748,Customer Support,"Sorting spreadsheets"
EMP-3548,Customer Support,"Formatting reports"
EMP-2694,Customer Support,"Sorting spreadsheets"
EMP-0500,Sales,"Sorting spreadsheets"
EMP-3309,HR,"Interviewing new candidates"
EMP-0743,HR,"High-level strategy planning"
EMP-0407,HR,"Designing a new brand logo"
EMP-3044,Marketing,"Formatting reports"
EMP-3227,HR,"Resolving employee conflict"
EMP-0842,Marketing,"Formatting reports"
EMP-0730,Customer Support,"Interviewing new candidates"
EMP-3970,Customer Support,"Scheduling calendar invites"
EMP-2058,Sales,"Extracting numbers from PDFs"
EMP-0811,Customer Support,"Scheduling calendar invites"
EMP-3058,HR,"Designing a new brand logo"
EMP-2801,Customer Support,"Interviewing new candidates"
EMP-2169,IT,"Interviewing new candidates"
EMP-1494,Customer Support,"Copy-pasting emails into CRM"
EMP-0490,IT,"Negotiating a client contract"
EMP-3532,HR,"Copy-pasting emails into CRM"
EMP-2895,Customer Support,"Sorting spreadsheets"
EMP-1831,Sales,"Copy-pasting emails into CRM"
EMP-3432,IT,"Negotiating a client contract"
EMP-2845,Sales,"Formatting reports"
EMP-3953,HR,"Negotiating a client contract"
EMP-0892,Marketing,"Interviewing new candidates"
EMP-1903,Marketing,"Scheduling calendar invites"
EMP-1150,Customer Support,"Sorting spreadsheets"
EMP-2684,Marketing,"Interviewing new candidates"
EMP-2057,HR,"Copy-pasting emails into CRM"
EMP-3781,HR,"Data entry from invoices"
EMP-1951,Sales,"Formatting reports"
EMP-2039,Customer Support,"Negotiating a client contract"
EMP-2847,Customer Support,"Sorting spreadsheets"
EMP-2484,Marketing,"Scheduling calendar invites"
EMP-2579,HR,"Negotiating a client contract"
EMP-3478,IT,"High-level strategy planning"
EMP-1953,Marketing,"Extracting numbers from PDFs"
EMP-0623,Sales,"Copy-pasting emails into CRM"
EMP-3668,IT,"Copy-pasting emails into CRM"
EMP-1051,IT,"Copy-pasting emails into CRM"
EMP-0071,IT,"Copy-pasting emails into CRM"
EMP-1695,HR,"Data entry from invoices"
EMP-0652,Marketing,"Extracting numbers from PDFs"
EMP-2643,IT,"Interviewing new candidates"
EMP-2115,HR,"Interviewing new candidates"
EMP-0696,Marketing,"Scheduling calendar invites"
EMP-1722,Marketing,"Copy-pasting emails into CRM"
EMP-0443,Marketing,"Copy-pasting emails into CRM"
EMP-0820,Marketing,"Scheduling calendar invites"
EMP-3827,Sales,"Sorting spreadsheets"
EMP-3999,IT,"Copy-pasting emails into CRM"
EMP-0204,IT,"Resolving employee conflict"
EMP-2258,Customer Support,"Formatting reports"
EMP-2166,HR,"Interviewing new candidates"
EMP-1038,Marketing,"Extracting numbers from PDFs"
EMP-3873,IT,"Data entry from invoices"
EMP-2629,Marketing,"Negotiating a client contract"
EMP-2968,Marketing,"Sorting spreadsheets"
EMP-2433,HR,"Data entry from invoices"
EMP-0337,IT,"Leading a brainstorming session"
EMP-0977,Marketing,"Data entry from invoices"
EMP-0981,Marketing,"Negotiating a client contract"
EMP-1965,Marketing,"Extracting numbers from PDFs"
EMP-1776,Customer Support,"Scheduling calendar invites"
EMP-3444,Sales,"Extracting numbers from PDFs"
EMP-0453,Sales,"Interviewing new candidates"
EMP-3065,IT,"Designing a new brand logo"
EMP-2172,Marketing,"Formatting reports"
EMP-1504,Sales,"Negotiating a client contract"
EMP-1908,IT,"Data entry from invoices"
EMP-2236,Marketing,"Sorting spreadsheets"
EMP-1040,Sales,"Formatting reports"
EMP-0758,IT,"Designing a new brand logo"
EMP-1247,Sales,"Formatting reports"
EMP-2094,IT,"Copy-pasting emails into CRM"
EMP-0799,IT,"Interviewing new candidates"
EMP-3172,Customer Support,"Data entry from invoices"
EMP-3378,Customer Support,"Interviewing new candidates"
EMP-1194,Marketing,"Interviewing new candidates"
EMP-1556,Customer Support,"Data entry from invoices"
EMP-3276,Sales,"Scheduling calendar invites"
EMP-0811,Marketing,"Formatting reports"
EMP-3884,Customer Support,"Copy-pasting emails into CRM"
EMP-2588,Customer Support,"Scheduling calendar invites"
EMP-0846,Sales,"Data entry from invoices"
EMP-1452,Customer Support,"Extracting numbers from PDFs"
EMP-3604,HR,"Resolving employee conflict"
EMP-0338,HR,"Negotiating a client contract"
EMP-2496,Customer Support,"Extracting numbers from PDFs"
EMP-3561,Sales,"Scheduling calendar invites"
EMP-3192,Sales,"Scheduling calendar invites"
EMP-3684,Sales,"Sorting spreadsheets"
EMP-1278,Sales,"Sorting spreadsheets"
EMP-1804,Customer Support,"Extracting numbers from PDFs"
EMP-1102,IT,"Negotiating a client contract"
EMP-0131,Customer Support,"Scheduling calendar invites"
EMP-2937,Customer Support,"Copy-pasting emails into CRM"
EMP-1505,IT,"Negotiating a client contract"
EMP-0966,Marketing,"Extracting numbers from PDFs"
EMP-2325,Customer Support,"Data entry from invoices"
EMP-1037,Marketing,"Copy-pasting emails into CRM"
EMP-3431,IT,"Interviewing new candidates"
EMP-1590,Sales,"Formatting reports"
EMP-1435,IT,"Data entry from invoices"
EMP-0256,HR,"Copy-pasting emails into CRM"
EMP-0322,Customer Support,"Interviewing new candidates"
EMP-1629,Marketing,"Sorting spreadsheets"
EMP-3236,Sales,"Copy-pasting emails into CRM"
EMP-0411,Customer Support,"Sorting spreadsheets"
EMP-1810,IT,"Leading a brainstorming session"
EMP-3939,HR,"Negotiating a client contract"
EMP-2259,HR,"High-level strategy planning"
EMP-1352,HR,"Designing a new brand logo"
EMP-1243,Customer Support,"Extracting numbers from PDFs"
EMP-3297,IT,"Negotiating a client contract"
EMP-3877,HR,"Interviewing new candidates"
EMP-0648,HR,"High-level strategy planning"
EMP-2209,Sales,"Formatting reports"
EMP-0262,Marketing,"Interviewing new candidates"
EMP-2824,Sales,"Data entry from invoices"
EMP-0339,Customer Support,"Extracting numbers from PDFs"
EMP-1432,HR,"Interviewing new candidates"
EMP-1909,IT,"Data entry from invoices"
EMP-3849,HR,"High-level strategy planning"
EMP-3206,Marketing,"Copy-pasting emails into CRM"
EMP-1133,HR,"Resolving employee conflict"
EMP-2618,Customer Support,"Scheduling calendar invites"
EMP-0098,HR,"Resolving employee conflict"
EMP-3554,HR,"Interviewing new candidates"
EMP-1452,Marketing,"Negotiating a client contract"
EMP-3946,Marketing,"Interviewing new candidates"
EMP-3738,Customer Support,"Copy-pasting emails into CRM"
EMP-2421,IT,"Copy-pasting emails into CRM"
EMP-2150,Marketing,"Sorting spreadsheets"
EMP-1076,Customer Support,"Scheduling calendar invites"
EMP-3071,Customer Support,"Negotiating a client contract"
EMP-0721,Marketing,"Sorting spreadsheets"
EMP-1407,IT,"High-level strategy planning"
EMP-2839,Marketing,"Data entry from invoices"
EMP-2602,HR,"Leading a brainstorming session"
EMP-2499,Sales,"Extracting numbers from PDFs"
EMP-1492,Sales,"Extracting numbers from PDFs"
EMP-3682,Marketing,"Scheduling calendar invites"
EMP-0982,HR,"Negotiating a client contract"
EMP-2178,Sales,"Negotiating a client contract"
EMP-0804,IT,"Negotiating a client contract"
EMP-1483,Sales,"Data entry from invoices"
EMP-2892,HR,"Negotiating a client contract"
EMP-0575,Sales,"Copy-pasting emails into CRM"
EMP-1097,Customer Support,"Sorting spreadsheets"
EMP-2600,IT,"Resolving employee conflict"
EMP-3377,Marketing,"Scheduling calendar invites"
EMP-0792,HR,"Resolving employee conflict"
EMP-2751,Marketing,"Formatting reports"
EMP-3755,Sales,"Extracting numbers from PDFs"
EMP-1993,Sales,"Copy-pasting emails into CRM"
EMP-1369,Customer Support,"Data entry from invoices"
EMP-1012,Customer Support,"Extracting numbers from PDFs"
EMP-1583,HR,"Leading a brainstorming session"
EMP-3096,Customer Support,"Data entry from invoices"
EMP-2849,HR,"Copy-pasting emails into CRM"
EMP-1357,IT,"High-level strategy planning"
EMP-2820,Marketing,"Interviewing new candidates"
EMP-1534,Customer Support,"Formatting reports"
EMP-1436,HR,"Data entry from invoices"
EMP-3548,HR,"Copy-pasting emails into CRM"
EMP-2253,Marketing,"Sorting spreadsheets"
EMP-1455,Customer Support,"Sorting spreadsheets"
EMP-1238,Customer Support,"Data entry from invoices"
EMP-1215,Customer Support,"Sorting spreadsheets"
EMP-0353,Sales,"Formatting reports"
EMP-2472,HR,"Leading a brainstorming session"
EMP-0474,Marketing,"Sorting spreadsheets"
EMP-2775,Marketing,"Negotiating a client contract"
EMP-2996,Customer Support,"Formatting reports"
EMP-3609,Marketing,"Sorting spreadsheets"
EMP-1949,IT,"High-level strategy planning"
EMP-0656,Marketing,"Formatting reports"
EMP-1661,Customer Support,"Data entry from invoices"
EMP-0114,IT,"Copy-pasting emails into CRM"
EMP-2011,IT,"Designing a new brand logo"
EMP-3386,Customer Support,"Formatting reports"
EMP-0687,HR,"Leading a brainstorming session"
EMP-3398,Sales,"Copy-pasting emails into CRM"
EMP-3463,HR,"Leading a brainstorming session"
EMP-2660,IT,"Resolving employee conflict"
EMP-2980,Marketing,"Sorting spreadsheets"
EMP-2876,Sales,"Interviewing new candidates"
EMP-0172,Marketing,"Sorting spreadsheets"
EMP-1033,IT,"Data entry from invoices"
EMP-0235,Marketing,"Scheduling calendar invites"
EMP-1732,IT,"Data entry from invoices"
EMP-1568,Marketing,"Interviewing new candidates"
EMP-3595,IT,"Leading a brainstorming session"
EMP-2739,HR,"Data entry from invoices"
EMP-0086,Sales,"Interviewing new candidates"
EMP-3512,HR,"Data entry from invoices"
EMP-0744,IT,"Negotiating a client contract"
EMP-3042,Sales,"Interviewing new candidates"
EMP-1869,Customer Support,"Sorting spreadsheets"
EMP-3607,Marketing,"Extracting numbers from PDFs"
EMP-0767,Customer Support,"Copy-pasting emails into CRM"
EMP-1964,HR,"Resolving employee conflict"
EMP-3504,IT,"Leading a brainstorming session"
EMP-1544,HR,"Resolving employee conflict"
EMP-3616,IT,"Designing a new brand logo"
EMP-3557,Customer Support,"Extracting numbers from PDFs"
EMP-0604,Sales,"Formatting reports"
EMP-1323,IT,"Interviewing new candidates"
EMP-0187,HR,"Copy-pasting emails into CRM"
EMP-3252,Customer Support,"Copy-pasting emails into CRM"
EMP-3757,Sales,"Data entry from invoices"
EMP-3731,HR,"Interviewing new candidates"
EMP-1867,Sales,"Interviewing new candidates"
EMP-3929,Customer Support,"Formatting reports"
EMP-1090,IT,"Interviewing new candidates"
EMP-0366,HR,"Interviewing new candidates"
EMP-1096,Customer Support,"Data entry from invoices"
EMP-0862,IT,"Data entry from invoices"
EMP-1116,HR,"Resolving employee conflict"
EMP-1726,HR,"Negotiating a client contract"
EMP-3828,Marketing,"Copy-pasting emails into CRM"
EMP-0597,IT,"High-level strategy planning"
EMP-3821,Marketing,"Scheduling calendar invites"
EMP-1499,Customer Support,"Copy-pasting emails into CRM"
EMP-1138,Customer Support,"Formatting reports"
EMP-0337,HR,"Data entry from invoices"
EMP-0459,IT,"Interviewing new candidates"
EMP-1280,IT,"Negotiating a client contract"
EMP-3997,Customer Support,"Data entry from invoices"
EMP-0880,HR,"Data entry from invoices"
EMP-0721,Customer Support,"Scheduling calendar invites"
EMP-1754,Customer Support,"Interviewing new candidates"
EMP-1553,IT,"Negotiating a client contract"
EMP-2537,Sales,"Extracting numbers from PDFs"
EMP-3496,HR,"High-level strategy planning"
EMP-1230,IT,"Data entry from invoices"
EMP-1568,IT,"Data entry from invoices"
EMP-1655,Sales,"Sorting spreadsheets"
EMP-3032,IT,"Interviewing new candidates"
EMP-0570,Marketing,"Copy-pasting emails into CRM"
EMP-2913,Sales,"Copy-pasting emails into CRM"
EMP-1604,HR,"Negotiating a client contract"
EMP-2247,HR,"High-level strategy planning"
EMP-1410,Customer Support,"Data entry from invoices"
EMP-2293,HR,"Interviewing new candidates"
EMP-0990,Customer Support,"Negotiating a client contract"
EMP-2438,Customer Support,"Data entry from invoices"
EMP-2191,HR,"Copy-pasting emails into CRM"
EMP-1692,Customer Support,"Extracting numbers from PDFs"
EMP-3112,IT,"Negotiating a client contract"
EMP-3130,HR,"High-level strategy planning"
EMP-1409,HR,"Copy-pasting emails into CRM"
EMP-0003,Customer Support,"Negotiating a client contract"
EMP-3832,Sales,"Formatting reports"
EMP-2628,Marketing,"Scheduling calendar invites"
EMP-3332,Marketing,"Extracting numbers from PDFs"
EMP-3977,Customer Support,"Data entry from invoices"
EMP-1442,Sales,"Interviewing new candidates"
EMP-0336,Sales,"Extracting numbers from PDFs"
EMP-1778,Customer Support,"Negotiating a client contract"
EMP-1367,Marketing,"Data entry from invoices"
EMP-2564,Customer Support,"Extracting numbers from PDFs"
EMP-1473,Marketing,"Interviewing new candidates"
EMP-3067,HR,"High-level strategy planning"
EMP-2930,Sales,"Negotiating a client contract"
EMP-1867,IT,"Interviewing new candidates"
EMP-1518,Sales,"Formatting reports"
EMP-2575,Marketing,"Sorting spreadsheets"
EMP-1043,Marketing,"Scheduling calendar invites"
EMP-1723,Sales,"Formatting reports"
EMP-0483,Marketing,"Extracting numbers from PDFs"
EMP-3781,IT,"High-level strategy planning"
EMP-2224,Marketing,"Copy-pasting emails into CRM"
EMP-1883,Customer Support,"Sorting spreadsheets"
EMP-1575,HR,"Interviewing new candidates"
EMP-0617,IT,"Copy-pasting emails into CRM"
EMP-2259,HR,"Negotiating a client contract"
EMP-2731,Marketing,"Scheduling calendar invites"
EMP-3349,Customer Support,"Sorting spreadsheets"
EMP-1457,Sales,"Negotiating a client contract"
EMP-2862,Sales,"Sorting spreadsheets"
EMP-0171,Marketing,"Sorting spreadsheets"
EMP-1574,IT,"Resolving employee conflict"
EMP-3159,HR,"Resolving employee conflict"
EMP-0135,HR,"Leading a brainstorming session"
EMP-0954,Marketing,"Data entry from invoices"
EMP-0679,HR,"Resolving employee conflict"
EMP-1055,Sales,"Formatting reports"
EMP-3459,IT,"Resolving employee conflict"
EMP-1288,Sales,"Data entry from invoices"
EMP-2510,Customer Support,"Scheduling calendar invites"
EMP-1953,IT,"Leading a brainstorming session"
EMP-2649,HR,"Negotiating a client contract"
EMP-0003,Marketing,"Formatting reports"
EMP-3324,HR,"Resolving employee conflict"
EMP-3936,Customer Support,"Data entry from invoices"
EMP-1579,Sales,"Sorting spreadsheets"
EMP-2653,Customer Support,"Copy-pasting emails into CRM"
EMP-0935,IT,"Interviewing new candidates"
EMP-3312,Customer Support,"Extracting numbers from PDFs"
EMP-2072,Marketing,"Sorting spreadsheets"
EMP-0668,HR,"Data entry from invoices"
EMP-0987,IT,"Interviewing new candidates"
EMP-3032,HR,"Resolving employee conflict"
EMP-0569,HR,"Negotiating a client contract"
EMP-3379,HR,"Resolving employee conflict"
EMP-3833,Sales,"Scheduling calendar invites"
EMP-0021,Marketing,"Sorting spreadsheets"
EMP-1268,Sales,"Negotiating a client contract"
EMP-3779,IT,"Leading a brainstorming session"
EMP-2782,IT,"Copy-pasting emails into CRM"
EMP-1428,Sales,"Interviewing new candidates"
EMP-0933,Customer Support,"Scheduling calendar invites"
EMP-3115,HR,"Negotiating a client contract"
EMP-2833,HR,"Interviewing new candidates"
EMP-1243,Customer Support,"Scheduling calendar invites"
EMP-0167,Sales,"Formatting reports"
EMP-1773,Marketing,"Sorting spreadsheets"
EMP-1976,Sales,"Scheduling calendar invites"
EMP-3319,Marketing,"Scheduling calendar invites"
EMP-2712,Sales,"Extracting numbers from PDFs"
EMP-1789,Marketing,"Data entry from invoices"
EMP-3159,Customer Support,"Interviewing new candidates"
EMP-3202,IT,"Negotiating a client contract"
EMP-1425,Sales,"Copy-pasting emails into CRM"
EMP-3917,Sales,"Negotiating a client contract"
EMP-2652,Marketing,"Formatting reports"
EMP-3976,Sales,"Sorting spreadsheets"
EMP-2824,Sales,"Formatting reports"
EMP-3494,HR,"Resolving employee conflict"
EMP-3975,Marketing,"Copy-pasting emails into CRM"
EMP-1532,IT,"Copy-pasting emails into CRM"
EMP-1970,Sales,"Scheduling calendar invites"
EMP-1762,IT,"Negotiating a client contract"
EMP-3192,Customer Support,"Data entry from invoices"
EMP-0902,Marketing,"Extracting numbers from PDFs"
EMP-1539,Customer Support,"Formatting reports"
EMP-1296,Customer Support,"Negotiating a client contract"
EMP-2222,Marketing,"Copy-pasting emails into CRM"
EMP-2953,Marketing,"Scheduling calendar invites"
EMP-1252,Marketing,"Extracting numbers from PDFs"
EMP-1998,IT,"Data entry from invoices"
EMP-0293,Sales,"Scheduling calendar invites"
EMP-0900,Sales,"Interviewing new candidates"
EMP-1386,Marketing,"Data entry from invoices"
EMP-3618,Customer Support,"Formatting reports"
EMP-0882,Customer Support,"Copy-pasting emails into CRM"
EMP-1773,HR,"Negotiating a client contract"
EMP-0506,Sales,"Scheduling calendar invites"
EMP-1564,IT,"Interviewing new candidates"
EMP-3965,IT,"Data entry from invoices"
EMP-1219,Sales,"Scheduling calendar invites"
EMP-1814,Customer Support,"Scheduling calendar invites"
EMP-1607,HR,"Data entry from invoices"
EMP-3294,Customer Support,"Data entry from invoices"
EMP-3455,Customer Support,"Extracting numbers from PDFs"
EMP-0570,Marketing,"Copy-pasting emails into CRM"
EMP-1137,Customer Support,"Scheduling calendar invites"
EMP-0969,Sales,"Extracting numbers from PDFs"
EMP-0435,Sales,"Sorting spreadsheets"
EMP-0829,Sales,"Extracting numbers from PDFs"
EMP-2968,HR,"Data entry from invoices"
EMP-1828,Sales,"Interviewing new candidates"
EMP-3640,HR,"Designing a new brand logo"
EMP-0057,IT,"Data entry from invoices"
EMP-0290,Marketing,"Sorting spreadsheets"
EMP-2691,HR,"Negotiating a client contract"
EMP-0975,Customer Support,"Interviewing new candidates"
EMP-2486,Sales,"Scheduling calendar invites"
EMP-2512,IT,"Negotiating a client contract"
EMP-2154,HR,"Copy-pasting emails into CRM"
EMP-1852,HR,"Interviewing new candidates"
EMP-0305,Customer Support,"Data entry from invoices"
EMP-2979,HR,"Negotiating a client contract"
EMP-3456,IT,"Designing a new brand logo"
EMP-2844,HR,"Leading a brainstorming session"
EMP-1362,Customer Support,"Extracting numbers from PDFs"
EMP-3929,Customer Support,"Formatting reports"
EMP-2581,IT,"High-level strategy planning"
EMP-1868,HR,"Resolving employee conflict"
EMP-0771,IT,"Designing a new brand logo"
EMP-2527,Sales,"Sorting spreadsheets"
EMP-0526,HR,"Resolving employee conflict"
EMP-3551,Sales,"Extracting numbers from PDFs"
EMP-3460,IT,"Negotiating a client contract"
EMP-1474,Marketing,"Extracting numbers from PDFs"
EMP-0885,Sales,"Extracting numbers from PDFs"
EMP-3796,Sales,"Interviewing new candidates"
EMP-2920,Marketing,"Copy-pasting emails into CRM"
EMP-1923,IT,"Copy-pasting emails into CRM"
EMP-1119,Sales,"Scheduling calendar invites"
EMP-1497,Marketing,"Interviewing new candidates"
EMP-3739,Marketing,"Sorting spreadsheets"
EMP-3964,Customer Support,"Negotiating a client contract"
EMP-2107,Customer Support,"Formatting reports"
EMP-1707,Sales,"Data entry from invoices"
EMP-0593,HR,"Copy-pasting emails into CRM"
EMP-2329,Marketing,"Formatting reports"
EMP-2586,Sales,"Interviewing new candidates"
EMP-3593,Marketing,"Interviewing new candidates"
EMP-3801,HR,"Copy-pasting emails into CRM"
EMP-1665,Marketing,"Extracting numbers from PDFs"
EMP-3477,Customer Support,"Formatting reports"
EMP-3866,Marketing,"Extracting numbers from PDFs"
EMP-1059,Sales,"Extracting numbers from PDFs"
EMP-1909,IT,"Copy-pasting emails into CRM"
EMP-0146,Customer Support,"Copy-pasting emails into CRM"
EMP-1667,Sales,"Extracting numbers from PDFs"
EMP-3928,Customer Support,"Copy-pasting emails into CRM"
EMP-0012,IT,"Leading a brainstorming session"
EMP-0199,Marketing,"Formatting reports"
EMP-1483,Sales,"Copy-pasting emails into CRM"
EMP-0526,Customer Support,"Scheduling calendar invites"
EMP-0578,Customer Support,"Formatting reports"
EMP-2001,Sales,"Formatting reports"
EMP-0003,Sales,"Sorting spreadsheets"
EMP-2546,IT,"Leading a brainstorming session"
EMP-3775,IT,"Negotiating a client contract"
EMP-1407,Marketing,"Sorting spreadsheets"
EMP-3338,Marketing,"Data entry from invoices"
EMP-1301,Marketing,"Formatting reports"
EMP-3122,Marketing,"Sorting spreadsheets"
EMP-2335,Marketing,"Negotiating a client contract"
EMP-1678,IT,"Data entry from invoices"
EMP-1048,HR,"Designing a new brand logo"
EMP-0823,Sales,"Extracting numbers from PDFs"
EMP-1667,Marketing,"Data entry from invoices"
EMP-2755,IT,"Interviewing new candidates"
EMP-0888,HR,"Data entry from invoices"
EMP-2951,IT,"Resolving employee conflict"
EMP-2983,IT,"Leading a brainstorming session"
EMP-0210,Sales,"Scheduling calendar invites"
EMP-2979,IT,"Designing a new brand logo"
EMP-2769,HR,"Resolving employee conflict"
EMP-3278,Customer Support,"Interviewing new candidates"
EMP-3552,Sales,"Copy-pasting emails into CRM"
EMP-2525,IT,"Copy-pasting emails into CRM"
EMP-0605,IT,"Designing a new brand logo"
EMP-2831,Marketing,"Sorting spreadsheets"
EMP-2760,Sales,"Formatting reports"
EMP-0448,Marketing,"Interviewing new candidates"
EMP-1682,IT,"Data entry from invoices"
EMP-0932,Sales,"Interviewing new candidates"
EMP-3578,Customer Support,"Scheduling calendar invites"
EMP-3528,Customer Support,"Sorting spreadsheets"
EMP-1365,HR,"Interviewing new candidates"
EMP-2078,HR,"Data entry from invoices"
EMP-3196,Customer Support,"Copy-pasting emails into CRM"
EMP-0280,Sales,"Copy-pasting emails into CRM"
EMP-1750,Sales,"Copy-pasting emails into CRM"
EMP-0697,Customer Support,"Data entry from invoices"
EMP-3363,Sales,"Interviewing new candidates"
EMP-1844,Sales,"Data entry from invoices"
EMP-1203,HR,"High-level strategy planning"
EMP-1877,Sales,"Copy-pasting emails into CRM"
EMP-0995,Customer Support,"Negotiating a client contract"
EMP-3649,Customer Support,"Extracting numbers from PDFs"
EMP-2212,HR,"Interviewing new candidates"
EMP-0845,HR,"Negotiating a client contract"
EMP-3392,Sales,"Sorting spreadsheets"
EMP-3207,Customer Support,"Data entry from invoices"
EMP-1155,Sales,"Formatting reports"
EMP-0844,IT,"Data entry from invoices"
EMP-2117,Sales,"Sorting spreadsheets"
EMP-3872,HR,"Interviewing new candidates"
EMP-0748,HR,"Data entry from invoices"
EMP-2076,Marketing,"Negotiating a client contract"
EMP-2315,Customer Support,"Data entry from invoices"
EMP-0113,HR,"Leading a brainstorming session"
EMP-3067,Customer Support,"Sorting spreadsheets"
EMP-2778,HR,"Leading a brainstorming session"
EMP-3492,IT,"Resolving employee conflict"
EMP-0837,Customer Support,"Negotiating a client contract"
EMP-3526,HR,"High-level strategy planning"
EMP-3992,Sales,"Scheduling calendar invites"
EMP-2273,HR,"Resolving employee conflict"
EMP-3183,Marketing,"Formatting reports"
EMP-2446,Sales,"Sorting spreadsheets"
EMP-0736,Customer Support,"Scheduling calendar invites"
EMP-3066,Marketing,"Copy-pasting emails into CRM"
EMP-0872,HR,"High-level strategy planning"
EMP-0756,Customer Support,"Negotiating a client contract"
EMP-3661,Marketing,"Interviewing new candidates"
EMP-2510,IT,"Designing a new brand logo"
EMP-1764,IT,"Resolving employee conflict"
EMP-0850,IT,"Negotiating a client contract"
EMP-1714,IT,"Negotiating a client contract"
EMP-1884,Marketing,"Data entry from invoices"
EMP-0502,Marketing,"Copy-pasting emails into CRM"
EMP-3148,Sales,"Extracting numbers from PDFs"
EMP-3450,Marketing,"Data entry from invoices"
EMP-0316,Customer Support,"Negotiating a client contract"
EMP-1714,Sales,"Sorting spreadsheets"
EMP-0958,Customer Support,"Copy-pasting emails into CRM"
EMP-1068,IT,"Copy-pasting emails into CRM"
EMP-3203,Marketing,"Sorting spreadsheets"
EMP-2144,HR,"High-level strategy planning"
EMP-3943,HR,"Resolving employee conflict"
EMP-1843,HR,"Data entry from invoices"
EMP-1636,Sales,"Sorting spreadsheets"
EMP-0825,IT,"Copy-pasting emails into CRM"
EMP-0301,HR,"Resolving employee conflict"
EMP-0481,Customer Support,"Formatting reports"
EMP-3386,Marketing,"Negotiating a client contract"
EMP-2290,HR,"Copy-pasting emails into CRM"
EMP-1947,HR,"Copy-pasting emails into CRM"
EMP-1715,Marketing,"Data entry from invoices"
EMP-3255,HR,"Copy-pasting emails into CRM"
EMP-2497,Marketing,"Scheduling calendar invites"
EMP-0932,Marketing,"Data entry from invoices"
EMP-3769,Marketing,"Negotiating a client contract"
EMP-2249,IT,"Copy-pasting emails into CRM"
EMP-3154,Customer Support,"Scheduling calendar invites"
EMP-0285,IT,"Copy-pasting emails into CRM"
EMP-3461,IT,"Leading a brainstorming session"
EMP-1879,Marketing,"Extracting numbers from PDFs"
EMP-1278,Sales,"Negotiating a client contract"
EMP-0963,Sales,"Copy-pasting emails into CRM"
EMP-2318,IT,"High-level strategy planning"
EMP-1948,Customer Support,"Sorting spreadsheets"
EMP-2753,IT,"Designing a new brand logo"
EMP-1374,HR,"Leading a brainstorming session"
EMP-2854,Customer Support,"Formatting reports"
EMP-0862,Marketing,"Sorting spreadsheets"
EMP-0118,IT,"Interviewing new candidates"
EMP-2866,IT,"High-level strategy planning"
EMP-1847,IT,"Leading a brainstorming session"
EMP-2154,Customer Support,"Formatting reports"
EMP-0101,HR,"Interviewing new candidates"
EMP-3265,Marketing,"Formatting reports"
EMP-0429,Customer Support,"Sorting spreadsheets"
EMP-1355,Sales,"Data entry from invoices"
EMP-3788,HR,"Data entry from invoices"
EMP-1892,HR,"Data entry from invoices"
EMP-0796,HR,"Leading a brainstorming session"
EMP-2668,Sales,"Copy-pasting emails into CRM"
EMP-0872,HR,"Data entry from invoices"
EMP-0575,Marketing,"Extracting numbers from PDFs"
EMP-1046,IT,"High-level strategy planning"
EMP-3987,Sales,"Data entry from invoices"
EMP-3706,HR,"Data entry from invoices"
EMP-2913,Customer Support,"Extracting numbers from PDFs"
EMP-2263,HR,"Data entry from invoices"
EMP-2249,Customer Support,"Copy-pasting emails into CRM"
EMP-1704,Marketing,"Formatting reports"
EMP-1676,Customer Support,"Copy-pasting emails into CRM"
EMP-0621,IT,"Negotiating a client contract"
EMP-1294,Marketing,"Data entry from invoices"
EMP-3595,Marketing,"Data entry from invoices"
EMP-1628,Marketing,"Scheduling calendar invites"
EMP-3868,Customer Support,"Data entry from invoices"
EMP-3261,HR,"Copy-pasting emails into CRM"
EMP-1848,Customer Support,"Extracting numbers from PDFs"
EMP-1788,Marketing,"Formatting reports"
EMP-2764,IT,"High-level strategy planning"
EMP-1755,Customer Support,"Formatting reports"
EMP-2413,Marketing,"Interviewing new candidates"
EMP-1537,Marketing,"Scheduling calendar invites"
EMP-1680,Marketing,"Scheduling calendar invites"
EMP-0502,Marketing,"Interviewing new candidates"
EMP-0126,Sales,"Scheduling calendar invites"
EMP-3506,Customer Support,"Sorting spreadsheets"
EMP-3121,HR,"Copy-pasting emails into CRM"
EMP-3861,Sales,"Negotiating a client contract"
EMP-2691,HR,"Designing a new brand logo"
EMP-0547,Sales,"Data entry from invoices"
EMP-0001,HR,"Data entry from invoices"
EMP-3582,HR,"Copy-pasting emails into CRM"
EMP-2861,Marketing,"Scheduling calendar invites"
EMP-0926,Marketing,"Copy-pasting emails into CRM"
EMP-1400,HR,"Negotiating a client contract"
EMP-3564,Customer Support,"Copy-pasting emails into CRM"
EMP-3943,IT,"Interviewing new candidates"
EMP-0859,Customer Support,"Copy-pasting emails into CRM"
EMP-1135,Marketing,"Extracting numbers from PDFs"
EMP-3258,Sales,"Sorting spreadsheets"
EMP-1295,Customer Support,"Sorting spreadsheets"
EMP-1207,Customer Support,"Formatting reports"
EMP-1119,IT,"Designing a new brand logo"
EMP-3691,Customer Support,"Sorting spreadsheets"
EMP-3154,IT,"Interviewing new candidates"
EMP-3234,IT,"Designing a new brand logo"
EMP-1170,Sales,"Scheduling calendar invites"
EMP-1300,Sales,"Negotiating a client contract"
EMP-0183,Sales,"Data entry from invoices"
EMP-0382,IT,"Interviewing new candidates"
EMP-1890,Customer Support,"Scheduling calendar invites"
EMP-3763,Marketing,"Copy-pasting emails into CRM"
EMP-2865,Customer Support,"Data entry from invoices"
EMP-3779,Customer Support,"Formatting reports"
EMP-2920,Customer Support,"Sorting spreadsheets"
EMP-2589,Customer Support,"Negotiating a client contract"
EMP-3762,HR,"Designing a new brand logo"
EMP-0987,IT,"Copy-pasting emails into CRM"
EMP-3559,IT,"Leading a brainstorming session"
EMP-0433,Sales,"Data entry from invoices"
EMP-2673,Marketing,"Negotiating a client contract"
EMP-2691,Sales,"Data entry from invoices"
EMP-1545,Sales,"Extracting numbers from PDFs"
EMP-0057,Marketing,"Copy-pasting emails into CRM"
EMP-1515,IT,"Leading a brainstorming session"
EMP-3221,IT,"High-level strategy planning"
EMP-3198,Customer Support,"Interviewing new candidates"
EMP-0125,HR,"Data entry from invoices"
EMP-0313,Marketing,"Formatting reports"
EMP-2331,Customer Support,"Scheduling calendar invites"
EMP-1277,HR,"Interviewing new candidates"
EMP-0575,Customer Support,"Sorting spreadsheets"
EMP-2063,HR,"Resolving employee conflict"
EMP-3595,Marketing,"Copy-pasting emails into CRM"
EMP-1897,Sales,"Data entry from invoices"
EMP-3295,Marketing,"Negotiating a client contract"
EMP-0108,IT,"Data entry from invoices"
EMP-2507,IT,"Leading a brainstorming session"
EMP-2254,HR,"Negotiating a client contract"
EMP-1222,HR,"Data entry from invoices"
EMP-1837,Sales,"Formatting reports"
EMP-3921,Customer Support,"Copy-pasting emails into CRM"
EMP-1440,HR,"Copy-pasting emails into CRM"
EMP-3507,Sales,"Negotiating a client contract"
EMP-2179,IT,"Designing a new brand logo"
EMP-3339,HR,"Data entry from invoices"
EMP-1822,Sales,"Sorting spreadsheets"
EMP-2588,HR,"Data entry from invoices"
EMP-3702,Customer Support,"Sorting spreadsheets"
EMP-3825,HR,"Designing a new brand logo"
EMP-3317,HR,"Interviewing new candidates"
EMP-0398,Marketing,"Negotiating a client contract"
EMP-0846,Customer Support,"Extracting numbers from PDFs"
EMP-0972,Customer Support,"Sorting spreadsheets"
EMP-3369,Customer Support,"Copy-pasting emails into CRM"
EMP-1381,HR,"Data entry from invoices"
EMP-3420,IT,"Negotiating a client contract"
EMP-1977,Customer Support,"Scheduling calendar invites"
EMP-3838,Sales,"Sorting spreadsheets"
EMP-2587,HR,"Copy-pasting emails into CRM"
EMP-0992,IT,"Negotiating a client contract"
EMP-0524,Sales,"Sorting spreadsheets"
EMP-2877,IT,"Copy-pasting emails into CRM"
EMP-0995,HR,"Leading a brainstorming session"
EMP-3031,Sales,"Copy-pasting emails into CRM"
EMP-3398,IT,"Interviewing new candidates"
EMP-0244,Sales,"Extracting numbers from PDFs"
EMP-3606,Marketing,"Interviewing new candidates"
EMP-2431,Sales,"Copy-pasting emails into CRM"
EMP-2943,Customer Support,"Sorting spreadsheets"
EMP-0839,Customer Support,"Copy-pasting emails into CRM"
EMP-2817,Customer Support,"Formatting reports"
EMP-1064,Customer Support,"Scheduling calendar invites"
EMP-3150,Marketing,"Scheduling calendar invites"
EMP-1536,Customer Support,"Interviewing new candidates"
EMP-1542,IT,"Resolving employee conflict"
EMP-3078,Customer Support,"Scheduling calendar invites"
EMP-0345,Customer Support,"Data entry from invoices"
EMP-1169,Sales,"Data entry from invoices"
EMP-1905,HR,"High-level strategy planning"
EMP-2677,Customer Support,"Extracting numbers from PDFs"
EMP-1320,IT,"Copy-pasting emails into CRM"
EMP-3936,Sales,"Sorting spreadsheets"
EMP-2629,Customer Support,"Negotiating a client contract"
EMP-3422,Marketing,"Formatting reports"
EMP-2445,HR,"Designing a new brand logo"
EMP-0350,Sales,"Extracting numbers from PDFs"
EMP-1176,IT,"Interviewing new candidates"
EMP-2475,Marketing,"Formatting reports"
EMP-2757,HR,"High-level strategy planning"
EMP-0701,Customer Support,"Scheduling calendar invites"
EMP-3683,Customer Support,"Sorting spreadsheets"
EMP-0078,IT,"High-level strategy planning"
EMP-1917,Sales,"Data entry from invoices"
EMP-1572,HR,"Copy-pasting emails into CRM"
EMP-1308,Marketing,"Extracting numbers from PDFs"
EMP-0888,Customer Support,"Copy-pasting emails into CRM"
EMP-3705,IT,"Copy-pasting emails into CRM"
EMP-3614,Customer Support,"Copy-pasting emails into CRM"
EMP-2673,Marketing,"Copy-pasting emails into CRM"
EMP-0231,IT,"High-level strategy planning"
EMP-3473,Marketing,"Sorting spreadsheets"
EMP-0071,IT,"Leading a brainstorming session"
EMP-3042,Marketing,"Sorting spreadsheets"
EMP-3616,HR,"Copy-pasting emails into CRM"
EMP-1684,IT,"Data entry from invoices"
EMP-1495,Sales,"Data entry from invoices"
EMP-3836,HR,"Resolving employee conflict"
EMP-2548,HR,"Data entry from invoices"
EMP-1388,Sales,"Interviewing new candidates"
EMP-3997,Sales,"Sorting spreadsheets"
EMP-0052,IT,"Leading a brainstorming session"
EMP-3117,HR,"Copy-pasting emails into CRM"
EMP-2333,Customer Support,"Copy-pasting emails into CRM"
EMP-2644,Sales,"Sorting spreadsheets"
EMP-3283,Sales,"Scheduling calendar invites"
EMP-3231,Marketing,"Sorting spreadsheets"
EMP-3433,Marketing,"Copy-pasting emails into CRM"
EMP-0780,Marketing,"Sorting spreadsheets"
EMP-2216,Marketing,"Copy-pasting emails into CRM"
EMP-3448,HR,"Copy-pasting emails into CRM"
EMP-0523,HR,"Resolving employee conflict"
EMP-3099,Sales,"Sorting spreadsheets"
EMP-1965,Marketing,"Data entry from invoices"
EMP-0014,Marketing,"Scheduling calendar invites"
EMP-3230,IT,"High-level strategy planning"
EMP-2713,IT,"High-level strategy planning"
EMP-0414,HR,"Designing a new brand logo"
EMP-1373,IT,"Interviewing new candidates"
EMP-2796,Marketing,"Extracting numbers from PDFs"
EMP-3035,Customer Support,"Copy-pasting emails into CRM"
EMP-3433,Sales,"Sorting spreadsheets"
EMP-3745,IT,"Resolving employee conflict"
EMP-2142,Marketing,"Sorting spreadsheets"
EMP-2086,Marketing,"Scheduling calendar invites"
EMP-2075,Sales,"Formatting reports"
EMP-0757,IT,"Data entry from invoices"
EMP-1903,HR,"Negotiating a client contract"
EMP-3778,Customer Support,"Interviewing new candidates"
EMP-3771,IT,"Designing a new brand logo"
EMP-2421,IT,"High-level strategy planning"
EMP-1811,IT,"Leading a brainstorming session"
EMP-3110,Customer Support,"Sorting spreadsheets"
EMP-3173,Customer Support,"Data entry from invoices"
EMP-1399,HR,"Leading a brainstorming session"
EMP-1846,Marketing,"Copy-pasting emails into CRM"
EMP-2171,IT,"Leading a brainstorming session"
EMP-3607,Customer Support,"Interviewing new candidates"
EMP-1673,HR,"Copy-pasting emails into CRM"
EMP-0452,IT,"Negotiating a client contract"
EMP-3788,Customer Support,"Interviewing new candidates"
EMP-0501,Sales,"Formatting reports"
EMP-2157,HR,"Interviewing new candidates"
EMP-1187,HR,"Negotiating a client contract"
EMP-3916,IT,"Data entry from invoices"
EMP-2403,HR,"Leading a brainstorming session"
EMP-2127,Marketing,"Data entry from invoices"
EMP-0858,Marketing,"Copy-pasting emails into CRM"
EMP-2258,Marketing,"Formatting reports"
EMP-2750,IT,"Copy-pasting emails into CRM"
EMP-1262,Sales,"Data entry from invoices"
EMP-2964,IT,"Leading a brainstorming session"
EMP-3306,Customer Support,"Scheduling calendar invites"
EMP-2442,HR,"Copy-pasting emails into CRM"
EMP-0077,Customer Support,"Scheduling calendar invites"
EMP-0732,Sales,"Copy-pasting emails into CRM"
EMP-1078,Customer Support,"Extracting numbers from PDFs"
EMP-2824,Marketing,"Extracting numbers from PDFs"
EMP-2274,Sales,"Formatting reports"
EMP-0317,Marketing,"Copy-pasting emails into CRM"
EMP-0559,Marketing,"Copy-pasting emails into CRM"
EMP-0860,Sales,"Negotiating a client contract"
EMP-1432,Customer Support,"Scheduling calendar invites"
EMP-1654,Sales,"Formatting reports"
EMP-2404,HR,"Interviewing new candidates"
EMP-3072,IT,"Negotiating a client contract"
EMP-1231,HR,"Designing a new brand logo"
EMP-3208,Marketing,"Scheduling calendar invites"
EMP-2056,Customer Support,"Formatting reports"
EMP-0090,Customer Support,"Interviewing new candidates"
EMP-0350,HR,"Data entry from invoices"
EMP-3882,IT,"Designing a new brand logo"
EMP-3523,HR,"Interviewing new candidates"
EMP-0652,Customer Support,"Data entry from invoices"
EMP-1965,Sales,"Formatting reports"
EMP-1273,Customer Support,"Formatting reports"
EMP-2763,HR,"Data entry from invoices"
EMP-1672,Marketing,"Data entry from invoices"
EMP-3322,Customer Support,"Negotiating a client contract"
EMP-1800,Customer Support,"Data entry from invoices"
EMP-3597,Customer Support,"Formatting reports"
EMP-3101,Sales,"Negotiating a client contract"
EMP-1282,Marketing,"Data entry from invoices"
EMP-0060,HR,"Data entry from invoices"
EMP-3895,Customer Support,"Extracting numbers from PDFs"
EMP-0574,Sales,"Formatting reports"
EMP-1640,Customer Support,"Formatting reports"
EMP-1517,HR,"Resolving employee conflict"
EMP-1638,Marketing,"Extracting numbers from PDFs"
EMP-1946,Marketing,"Negotiating a client contract"
EMP-1767,Customer Support,"Scheduling calendar invites"
EMP-0351,Customer Support,"Interviewing new candidates"
EMP-3572,Marketing,"Extracting numbers from PDFs"
EMP-3591,Sales,"Sorting spreadsheets"
EMP-2146,Sales,"Extracting numbers from PDFs"
EMP-0303,Sales,"Sorting spreadsheets"
EMP-0435,Marketing,"Formatting reports"
EMP-0259,Customer Support,"Data entry from invoices"
EMP-3259,Sales,"Interviewing new candidates"
EMP-0795,IT,"Designing a new brand logo"
EMP-3679,IT,"Copy-pasting emails into CRM"
EMP-2425,Customer Support,"Formatting reports"
EMP-3029,Sales,"Sorting spreadsheets"
EMP-0617,Sales,"Extracting numbers from PDFs"
EMP-1213,HR,"Designing a new brand logo"
EMP-0297,Customer Support,"Interviewing new candidates"
EMP-1936,Marketing,"Data entry from invoices"
EMP-2665,Marketing,"Formatting reports"
EMP-3092,HR,"Interviewing new candidates"
EMP-3340,Sales,"Data entry from invoices"
EMP-1293,IT,"Copy-pasting emails into CRM"
EMP-2605,IT,"Leading a brainstorming session"
EMP-1060,IT,"Negotiating a client contract"
EMP-2659,IT,"Copy-pasting emails into CRM"
EMP-3957,Marketing,"Data entry from invoices"
EMP-0778,Marketing,"Sorting spreadsheets"
EMP-2786,Customer Support,"Sorting spreadsheets"
EMP-0329,Marketing,"Sorting spreadsheets"
EMP-1484,IT,"Copy-pasting emails into CRM"
EMP-3649,HR,"Interviewing new candidates"
EMP-3092,IT,"Data entry from invoices"
EMP-3849,HR,"Resolving employee conflict"
EMP-3608,Sales,"Data entry from invoices"
EMP-1918,HR,"High-level strategy planning"
EMP-1104,HR,"Resolving employee conflict"
EMP-2400,IT,"High-level strategy planning"
EMP-3923,Customer Support,"Data entry from invoices"
EMP-1115,Customer Support,"Copy-pasting emails into CRM"
EMP-1432,IT,"Copy-pasting emails into CRM"
EMP-1423,HR,"Resolving employee conflict"
EMP-1576,HR,"Leading a brainstorming session"
EMP-1206,Marketing,"Copy-pasting emails into CRM"
EMP-2230,Marketing,"Copy-pasting emails into CRM"
EMP-3064,IT,"Leading a brainstorming session"
EMP-1747,Customer Support,"Negotiating a client contract"
EMP-0961,IT,"Data entry from invoices"
EMP-0658,Marketing,"Formatting reports"
EMP-1151,Customer Support,"Formatting reports"
EMP-2431,Sales,"Data entry from invoices"
EMP-0345,HR,"High-level strategy planning"
EMP-1623,Marketing,"Copy-pasting emails into CRM"
EMP-3997,Sales,"Extracting numbers from PDFs"
EMP-3482,Customer Support,"Formatting reports"
EMP-3487,IT,"Negotiating a client contract"
EMP-2518,IT,"Resolving employee conflict"
EMP-0672,Customer Support,"Extracting numbers from PDFs"
EMP-0968,IT,"Data entry from invoices"
EMP-1648,HR,"Designing a new brand logo"
EMP-1806,Marketing,"Copy-pasting emails into CRM"
EMP-3195,Sales,"Formatting reports"
EMP-3821,Customer Support,"Formatting reports"
EMP-0490,Marketing,"Data entry from invoices"
EMP-1557,HR,"Data entry from invoices"
EMP-3613,Marketing,"Interviewing new candidates"
EMP-2074,Sales,"Formatting reports"
EMP-2100,Sales,"Sorting spreadsheets"
EMP-3145,HR,"Leading a brainstorming session"
EMP-0965,IT,"Designing a new brand logo"
EMP-1077,Marketing,"Scheduling calendar invites"
EMP-2107,Marketing,"Negotiating a client contract"
EMP-2934,Customer Support,"Formatting reports"
EMP-0261,Customer Support,"Formatting reports"
EMP-2891,IT,"Designing a new brand logo"
EMP-3147,Sales,"Negotiating a client contract"
EMP-3333,IT,"Negotiating a client contract"
EMP-2009,Sales,"Copy-pasting emails into CRM"
EMP-0463,HR,"Resolving employee conflict"
EMP-0818,Marketing,"Sorting spreadsheets"
EMP-0976,Customer Support,"Data entry from invoices"
EMP-1859,Marketing,"Copy-pasting emails into CRM"
EMP-0359,Sales,"Extracting numbers from PDFs"
EMP-1941,HR,"Interviewing new candidates"
EMP-3468,IT,"Negotiating a client contract"
EMP-2827,Marketing,"Data entry from invoices"
EMP-2234,Marketing,"Scheduling calendar invites"
EMP-3874,IT,"High-level strategy planning"
EMP-2092,Sales,"Interviewing new candidates"
EMP-2007,Customer Support,"Copy-pasting emails into CRM"
EMP-1998,Sales,"Interviewing new candidates"
EMP-0270,Sales,"Interviewing new candidates"
EMP-1656,Customer Support,"Copy-pasting emails into CRM"
EMP-2252,Sales,"Copy-pasting emails into CRM"
EMP-3458,Marketing,"Data entry from invoices"
EMP-0576,Marketing,"Copy-pasting emails into CRM"
EMP-0016,Sales,"Extracting numbers from PDFs"
EMP-2265,Customer Support,"Formatting reports"
EMP-0087,Customer Support,"Sorting spreadsheets"
EMP-1379,Customer Support,"Formatting reports"
EMP-2645,Customer Support,"Negotiating a client contract"
EMP-0136,Customer Support,"Sorting spreadsheets"
EMP-3179,Marketing,"Interviewing new candidates"
EMP-3765,Sales,"Copy-pasting emails into CRM"
EMP-3245,Marketing,"Negotiating a client contract"
EMP-0650,HR,"Negotiating a client contract"
EMP-1118,Marketing,"Copy-pasting emails into CRM"
EMP-0931,IT,"Designing a new brand logo"
EMP-1914,Customer Support,"Data entry from invoices"
EMP-2605,HR,"Leading a brainstorming session"
EMP-1098,Customer Support,"Formatting reports"
EMP-2840,IT,"Data entry from invoices"
EMP-0033,Marketing,"Formatting reports"
EMP-0151,HR,"Designing a new brand logo"
EMP-3350,IT,"High-level strategy planning"
EMP-0853,Customer Support,"Interviewing new candidates"
EMP-1689,IT,"Designing a new brand logo"
EMP-3736,HR,"Copy-pasting emails into CRM"
EMP-3861,HR,"Negotiating a client contract"
EMP-1328,HR,"Interviewing new candidates"
EMP-3041,IT,"Designing a new brand logo"
EMP-1384,Customer Support,"Extracting numbers from PDFs"
EMP-0375,Marketing,"Negotiating a client contract"
EMP-3883,IT,"High-level strategy planning"
EMP-0463,HR,"Negotiating a client contract"
EMP-0610,Customer Support,"Formatting reports"
EMP-1670,HR,"High-level strategy planning"
EMP-1800,Customer Support,"Copy-pasting emails into CRM"
EMP-3861,HR,"Data entry from invoices"
EMP-1379,Marketing,"Data entry from invoices"
EMP-1605,HR,"Copy-pasting emails into CRM"
EMP-1466,Sales,"Sorting spreadsheets"
EMP-3564,IT,"Interviewing new candidates"
EMP-1407,Marketing,"Data entry from invoices"
EMP-1298,IT,"Interviewing new candidates"
EMP-3049,Marketing,"Sorting spreadsheets"
EMP-2759,Marketing,"Scheduling calendar invites"
EMP-2133,Marketing,"Copy-pasting emails into CRM"
EMP-0751,Sales,"Negotiating a client contract"
EMP-0511,IT,"Data entry from invoices"
EMP-0496,Customer Support,"Interviewing new candidates"
EMP-3632,Customer Support,"Formatting reports"
EMP-2712,IT,"Designing a new brand logo"
EMP-3107,Sales,"Sorting spreadsheets"
EMP-0854,HR,"High-level strategy planning"
EMP-0465,HR,"Negotiating a client contract"
EMP-2605,HR,"Resolving employee conflict"
EMP-1360,IT,"Copy-pasting emails into CRM"
EMP-1702,IT,"Resolving employee conflict"
EMP-1129,Marketing,"Copy-pasting emails into CRM"
EMP-0305,IT,"Interviewing new candidates"
EMP-3467,Sales,"Negotiating a client contract"
EMP-1749,Marketing,"Negotiating a client contract"
EMP-1336,Marketing,"Scheduling calendar invites"
EMP-3165,Customer Support,"Copy-pasting emails into CRM"
EMP-1456,Customer Support,"Copy-pasting emails into CRM"
EMP-0626,Marketing,"Scheduling calendar invites"
EMP-2756,HR,"Negotiating a client contract"
EMP-1067,IT,"Copy-pasting emails into CRM"
EMP-0533,Marketing,"Interviewing new candidates"
EMP-3343,Customer Support,"Negotiating a client contract"
EMP-2588,IT,"Interviewing new candidates"
EMP-3323,Marketing,"Negotiating a client contract"
EMP-2549,Marketing,"Data entry from invoices"
EMP-0279,IT,"Leading a brainstorming session"
EMP-1523,Customer Support,"Copy-pasting emails into CRM"
EMP-3116,Marketing,"Scheduling calendar invites"
EMP-1376,IT,"Designing a new brand logo"
EMP-3534,Marketing,"Formatting reports"
EMP-2173,IT,"Negotiating a client contract"
EMP-3576,Customer Support,"Sorting spreadsheets"
EMP-1693,Customer Support,"Formatting reports"
EMP-2866,Marketing,"Formatting reports"
EMP-0070,Customer Support,"Data entry from invoices"
EMP-3339,Marketing,"Extracting numbers from PDFs"
EMP-3499,Marketing,"Scheduling calendar invites"
EMP-1754,Sales,"Copy-pasting emails into CRM"
EMP-1430,Sales,"Formatting reports"
EMP-1358,IT,"Leading a brainstorming session"
EMP-2221,Customer Support,"Sorting spreadsheets"
EMP-3688,IT,"Resolving employee conflict"
EMP-3012,Customer Support,"Interviewing new candidates"
EMP-0728,Sales,"Scheduling calendar invites"
EMP-3526,IT,"Leading a brainstorming session"
EMP-1022,Sales,"Data entry from invoices"
EMP-0692,Sales,"Scheduling calendar invites"
EMP-2846,Marketing,"Data entry from invoices"
EMP-3516,Customer Support,"Data entry from invoices"
EMP-2636,IT,"Leading a brainstorming session"
EMP-0231,HR,"Copy-pasting emails into CRM"
EMP-1907,IT,"Copy-pasting emails into CRM"
EMP-0856,HR,"Designing a new brand logo"
EMP-1562,Sales,"Sorting spreadsheets"
EMP-0706,HR,"High-level strategy planning"
EMP-3766,HR,"Data entry from invoices"
EMP-2497,HR,"Interviewing new candidates"
EMP-3384,IT,"Resolving employee conflict"
EMP-1190,Customer Support,"Copy-pasting emails into CRM"
EMP-3565,HR,"Data entry from invoices"
EMP-2597,HR,"Resolving employee conflict"
EMP-3288,Sales,"Sorting spreadsheets"
EMP-1182,Sales,"Data entry from invoices"
EMP-2752,HR,"High-level strategy planning"
EMP-3717,HR,"Leading a brainstorming session"
EMP-2452,IT,"High-level strategy planning"
EMP-3194,Sales,"Interviewing new candidates"
EMP-2764,Marketing,"Negotiating a client contract"
EMP-2724,IT,"Designing a new brand logo"
EMP-0253,IT,"Data entry from invoices"
EMP-2510,IT,"Interviewing new candidates"
EMP-3766,Marketing,"Copy-pasting emails into CRM"
EMP-0735,IT,"Copy-pasting emails into CRM"
EMP-3378,Marketing,"Extracting numbers from PDFs"
EMP-3897,Sales,"Sorting spreadsheets"
EMP-1795,Marketing,"Sorting spreadsheets"
EMP-2580,HR,"Data entry from invoices"
EMP-0303,IT,"Copy-pasting emails into CRM"
EMP-2326,Sales,"Extracting numbers from PDFs"
EMP-0979,IT,"Negotiating a client contract"
EMP-2990,HR,"Resolving employee conflict"
EMP-2024,Marketing,"Scheduling calendar invites"
EMP-1739,IT,"Designing a new brand logo"
EMP-1749,HR,"Leading a brainstorming session"
EMP-2770,Sales,"Negotiating a client contract"
EMP-3174,Sales,"Scheduling calendar invites"
EMP-2302,HR,"Interviewing new candidates"
EMP-1526,HR,"Leading a brainstorming session"
EMP-2266,IT,"Copy-pasting emails into CRM"
EMP-3532,HR,"Resolving employee conflict"
EMP-0774,Sales,"Copy-pasting emails into CRM"
EMP-0849,Customer Support,"Interviewing new candidates"
EMP-2170,Sales,"Extracting numbers from PDFs"
EMP-1493,HR,"Data entry from invoices"
EMP-2612,HR,"Interviewing new candidates"
EMP-1330,Sales,"Copy-pasting emails into CRM"
EMP-2081,HR,"Resolving employee conflict"
EMP-1092,IT,"Interviewing new candidates"
EMP-0333,Sales,"Formatting reports"
EMP-1547,Customer Support,"Negotiating a client contract"
EMP-2464,Customer Support,"Extracting numbers from PDFs"
EMP-1663,Customer Support,"Copy-pasting emails into CRM"
EMP-1697,Customer Support,"Scheduling calendar invites"
EMP-0815,Customer Support,"Extracting numbers from PDFs"
EMP-0286,Marketing,"Negotiating a client contract"
EMP-3989,Sales,"Extracting numbers from PDFs"
EMP-2198,Marketing,"Data entry from invoices"
EMP-3971,HR,"Data entry from invoices"
EMP-0425,Customer Support,"Scheduling calendar invites"
EMP-1744,Sales,"Extracting numbers from PDFs"
EMP-0587,Marketing,"Copy-pasting emails into CRM"
EMP-0240,HR,"Leading a brainstorming session"
EMP-1399,IT,"Designing a new brand logo"
EMP-3162,IT,"Resolving employee conflict"
EMP-1458,HR,"Copy-pasting emails into CRM"
EMP-1323,Customer Support,"Scheduling calendar invites"
EMP-0687,IT,"Copy-pasting emails into CRM"
EMP-0268,Customer Support,"Scheduling calendar invites"
EMP-0355,Customer Support,"Formatting reports"
EMP-0944,Customer Support,"Extracting numbers from PDFs"
EMP-2704,Marketing,"Interviewing new candidates"
EMP-1548,Marketing,"Formatting reports"
EMP-3270,Marketing,"Extracting numbers from PDFs"
EMP-1484,IT,"Designing a new brand logo"
EMP-2359,HR,"Negotiating a client contract"
EMP-0388,Sales,"Sorting spreadsheets"
EMP-1987,Customer Support,"Negotiating a client contract"
EMP-1024,Customer Support,"Negotiating a client contract"
EMP-0570,Marketing,"Copy-pasting emails into CRM"
EMP-3398,IT,"Negotiating a client contract"
EMP-3592,Marketing,"Extracting numbers from PDFs"
EMP-3089,Marketing,"Data entry from invoices"
EMP-2295,Sales,"Data entry from invoices"
EMP-1786,Customer Support,"Formatting reports"
EMP-1724,HR,"High-level strategy planning"
EMP-3854,IT,"Resolving employee conflict"
EMP-0361,Marketing,"Negotiating a client contract"
EMP-3684,HR,"Designing a new brand logo"
EMP-1773,Marketing,"Data entry from invoices"
EMP-2061,IT,"Leading a brainstorming session"
EMP-2802,IT,"Negotiating a client contract"
EMP-3099,Customer Support,"Sorting spreadsheets"
EMP-1088,IT,"Copy-pasting emails into CRM"
EMP-0619,Customer Support,"Formatting reports"
EMP-3294,IT,"Data entry from invoices"
EMP-2702,Customer Support,"Copy-pasting emails into CRM"
EMP-3897,IT,"Interviewing new candidates"
EMP-1232,Sales,"Formatting reports"
EMP-0617,Marketing,"Extracting numbers from PDFs"
EMP-1236,Customer Support,"Negotiating a client contract"
EMP-2384,Customer Support,"Interviewing new candidates"
EMP-3971,Sales,"Interviewing new candidates"
EMP-1699,Customer Support,"Extracting numbers from PDFs"
EMP-3040,IT,"Resolving employee conflict"
EMP-0789,Customer Support,"Extracting numbers from PDFs"
EMP-0690,IT,"Interviewing new candidates"
EMP-3702,Marketing,"Scheduling calendar invites"
EMP-3627,Sales,"Data entry from invoices"
EMP-3578,Marketing,"Data entry from invoices"
EMP-0140,Marketing,"Negotiating a client contract"
EMP-1807,Sales,"Extracting numbers from PDFs"
EMP-2210,IT,"Negotiating a client contract"
EMP-0858,Marketing,"Sorting spreadsheets"
EMP-0726,Customer Support,"Sorting spreadsheets"
EMP-2340,HR,"Copy-pasting emails into CRM"
EMP-1147,Marketing,"Formatting reports"
EMP-2053,HR,"Data entry from invoices"
EMP-0030,Customer Support,"Interviewing new candidates"
EMP-0200,HR,"Negotiating a client contract"
EMP-1863,Customer Support,"Sorting spreadsheets"
EMP-0147,Customer Support,"Formatting reports"
EMP-3170,Marketing,"Extracting numbers from PDFs"
EMP-2432,HR,"Copy-pasting emails into CRM"
EMP-2969,Sales,"Formatting reports"
EMP-2305,Customer Support,"Copy-pasting emails into CRM"
EMP-2518,Customer Support,"Formatting reports"
EMP-1538,HR,"Resolving employee conflict"
EMP-1875,IT,"Data entry from invoices"
EMP-2261,Marketing,"Extracting numbers from PDFs"
EMP-2900,Customer Support,"Sorting spreadsheets"
EMP-0773,Sales,"Copy-pasting emails into CRM"
EMP-2630,Sales,"Sorting spreadsheets"
EMP-3119,HR,"Negotiating a client contract"
EMP-2513,Marketing,"Copy-pasting emails into CRM"
EMP-2608,IT,"High-level strategy planning"
EMP-3083,IT,"Leading a brainstorming session"
EMP-3582,Marketing,"Sorting spreadsheets"
EMP-3671,Sales,"Copy-pasting emails into CRM"
EMP-0541,IT,"High-level strategy planning"
EMP-1741,HR,"Data entry from invoices"
EMP-2936,Customer Support,"Extracting numbers from PDFs"
EMP-2588,Sales,"Negotiating a client contract"
EMP-2338,Marketing,"Copy-pasting emails into CRM"
EMP-2208,Sales,"Negotiating a client contract"
EMP-1698,Sales,"Data entry from invoices"
EMP-0551,HR,"High-level strategy planning"
EMP-0813,Customer Support,"Extracting numbers from PDFs"
EMP-1071,Customer Support,"Copy-pasting emails into CRM"
EMP-0111,Marketing,"Formatting reports"
EMP-1482,IT,"Interviewing new candidates"
EMP-0319,Marketing,"Scheduling calendar invites"
EMP-0494,Customer Support,"Interviewing new candidates"
EMP-2989,HR,"Leading a brainstorming session"
EMP-1798,HR,"Designing a new brand logo"
EMP-3630,IT,"Leading a brainstorming session"
EMP-0848,Sales,"Scheduling calendar invites"
EMP-0434,Marketing,"Copy-pasting emails into CRM"
EMP-3927,Marketing,"Interviewing new candidates"
EMP-0185,Customer Support,"Data entry from invoices"
EMP-3076,IT,"Copy-pasting emails into CRM"
EMP-2352,HR,"Leading a brainstorming session"
EMP-3155,Marketing,"Negotiating a client contract"
EMP-0318,Customer Support,"Scheduling calendar invites"
EMP-2810,HR,"Resolving employee conflict"
EMP-0470,IT,"Designing a new brand logo"
EMP-3806,Marketing,"Data entry from invoices"
EMP-2967,Marketing,"Copy-pasting emails into CRM"
EMP-0465,Sales,"Scheduling calendar invites"
EMP-2637,Sales,"Sorting spreadsheets"
EMP-3188,Customer Support,"Copy-pasting emails into CRM"
EMP-2734,HR,"Resolving employee conflict"
EMP-1315,IT,"Negotiating a client contract"
EMP-2864,Marketing,"Negotiating a client contract"
EMP-0651,Sales,"Data entry from invoices"
EMP-0615,IT,"Copy-pasting emails into CRM"
EMP-2971,Customer Support,"Scheduling calendar invites"
EMP-3244,Marketing,"Scheduling calendar invites"
EMP-2581,Marketing,"Interviewing new candidates"
EMP-2232,IT,"Interviewing new candidates"
EMP-1563,Customer Support,"Scheduling calendar invites"
EMP-0536,HR,"Interviewing new candidates"
EMP-3204,HR,"Leading a brainstorming session"
EMP-2123,Sales,"Scheduling calendar invites"
EMP-2432,Marketing,"Sorting spreadsheets"
EMP-3068,HR,"Data entry from invoices"
EMP-3625,Marketing,"Data entry from invoices"
EMP-0743,Customer Support,"Interviewing new candidates"
EMP-0813,Customer Support,"Copy-pasting emails into CRM"
EMP-1559,HR,"Copy-pasting emails into CRM"
EMP-0298,IT,"Negotiating a client contract"
EMP-1437,HR,"High-level strategy planning"
EMP-1494,Customer Support,"Extracting numbers from PDFs"
EMP-3691,Sales,"Formatting reports"
EMP-0251,IT,"High-level strategy planning"
EMP-3811,Sales,"Copy-pasting emails into CRM"
EMP-3946,Marketing,"Formatting reports"
EMP-3991,Marketing,"Sorting spreadsheets"
EMP-3985,Customer Support,"Negotiating a client contract"
EMP-2874,IT,"Designing a new brand logo"
EMP-2900,IT,"High-level strategy planning"
EMP-0571,IT,"Leading a brainstorming session"
EMP-3265,Sales,"Data entry from invoices"
EMP-1818,Customer Support,"Scheduling calendar invites"
EMP-0551,IT,"Interviewing new candidates"
EMP-1832,Sales,"Scheduling calendar invites"
EMP-1375,Sales,"Copy-pasting emails into CRM"
EMP-3296,Marketing,"Extracting numbers from PDFs"
EMP-3956,Customer Support,"Negotiating a client contract"
EMP-0720,HR,"Data entry from invoices"
EMP-1438,IT,"Copy-pasting emails into CRM"
EMP-3651,IT,"Interviewing new candidates"
EMP-1594,IT,"High-level strategy planning"
EMP-0615,IT,"Negotiating a client contract"
EMP-0284,HR,"Negotiating a client contract"
EMP-1582,Sales,"Negotiating a client contract"
EMP-2648,IT,"Resolving employee conflict"
EMP-0690,IT,"Interviewing new candidates"
EMP-2218,IT,"Data entry from invoices"
EMP-1783,Customer Support,"Data entry from invoices"
EMP-2757,Customer Support,"Scheduling calendar invites"
EMP-3895,Sales,"Sorting spreadsheets"
EMP-3324,IT,"Interviewing new candidates"
EMP-2685,Marketing,"Copy-pasting emails into CRM"
EMP-1680,IT,"Leading a brainstorming session"
EMP-3427,HR,"Copy-pasting emails into CRM"
EMP-1489,Sales,"Interviewing new candidates"
EMP-2756,HR,"Resolving employee conflict"
EMP-3939,Marketing,"Sorting spreadsheets"
EMP-1269,Marketing,"Scheduling calendar invites"
EMP-0896,HR,"Resolving employee conflict"
EMP-0310,Sales,"Extracting numbers from PDFs"
EMP-2643,Marketing,"Data entry from invoices"
EMP-1043,Marketing,"Extracting numbers from PDFs"
EMP-0778,Marketing,"Extracting numbers from PDFs"
EMP-1934,Sales,"Extracting numbers from PDFs"
EMP-1242,IT,"Leading a brainstorming session"
EMP-0615,HR,"Negotiating a client contract"
EMP-0306,Sales,"Copy-pasting emails into CRM"
EMP-3980,IT,"Negotiating a client contract"
EMP-0861,Marketing,"Interviewing new candidates"
EMP-0362,HR,"Data entry from invoices"
EMP-2145,Marketing,"Scheduling calendar invites"
EMP-1891,Marketing,"Extracting numbers from PDFs"
EMP-1815,Sales,"Extracting numbers from PDFs"
EMP-1646,Marketing,"Extracting numbers from PDFs"
EMP-0631,HR,"Resolving employee conflict"
EMP-0071,Customer Support,"Formatting reports"
EMP-1652,Marketing,"Extracting numbers from PDFs"
EMP-1498,IT,"High-level strategy planning"
EMP-2117,IT,"Resolving employee conflict"
EMP-2485,Customer Support,"Extracting numbers from PDFs"
EMP-3053,IT,"Copy-pasting emails into CRM"
EMP-1929,Customer Support,"Scheduling calendar invites"
EMP-0481,Customer Support,"Data entry from invoices"
EMP-0488,Sales,"Formatting reports"
EMP-2184,HR,"Copy-pasting emails into CRM"
EMP-2727,Customer Support,"Extracting numbers from PDFs"
EMP-3570,Sales,"Data entry from invoices"
EMP-2681,IT,"Resolving employee conflict"
EMP-1409,Marketing,"Formatting reports"
EMP-0546,Sales,"Sorting spreadsheets"
EMP-0693,HR,"High-level strategy planning"
EMP-0930,Sales,"Data entry from invoices"
EMP-0214,IT,"Negotiating a client contract"
EMP-3360,Marketing,"Formatting reports"
EMP-0423,IT,"Resolving employee conflict"
EMP-3548,Sales,"Copy-pasting emails into CRM"
EMP-2239,Marketing,"Scheduling calendar invites"
EMP-0284,Marketing,"Copy-pasting emails into CRM"
EMP-1090,HR,"Designing a new brand logo"
EMP-3262,Customer Support,"Extracting numbers from PDFs"
EMP-0394,IT,"Copy-pasting emails into CRM"
EMP-0148,Sales,"Negotiating a client contract"
EMP-1153,HR,"Negotiating a client contract"
EMP-1618,Sales,"Data entry from invoices"
EMP-3670,Marketing,"Sorting spreadsheets"
EMP-2805,Marketing,"Sorting spreadsheets"
EMP-1384,HR,"Data entry from invoices"
EMP-1858,Customer Support,"Extracting numbers from PDFs"
EMP-1398,HR,"Negotiating a client contract"
EMP-3268,Sales,"Interviewing new candidates"
EMP-1299,Customer Support,"Scheduling calendar invites"
EMP-3006,Customer Support,"Formatting reports"
EMP-3642,Marketing,"Extracting numbers from PDFs"
EMP-0898,HR,"Data entry from invoices"
EMP-1362,Customer Support,"Formatting reports"
EMP-0955,HR,"Leading a brainstorming session"
EMP-2877,Sales,"Extracting numbers from PDFs"
EMP-1365,Sales,"Data entry from invoices"
EMP-2125,Marketing,"Scheduling calendar invites"
EMP-2871,HR,"Data entry from invoices"
EMP-3549,HR,"Data entry from invoices"
EMP-2060,Marketing,"Data entry from invoices"
EMP-1904,IT,"Resolving employee conflict"
EMP-0363,Customer Support,"Sorting spreadsheets"
EMP-1750,Marketing,"Formatting reports"
EMP-1829,Sales,"Interviewing new candidates"
EMP-1443,Customer Support,"Extracting numbers from PDFs"
EMP-1337,IT,"Negotiating a client contract"
EMP-2377,IT,"High-level strategy planning"
EMP-2933,IT,"Data entry from invoices"
EMP-1939,HR,"Designing a new brand logo"
EMP-1906,Sales,"Formatting reports"
EMP-1367,Marketing,"Formatting reports"
EMP-3475,Sales,"Extracting numbers from PDFs"
EMP-0464,Sales,"Scheduling calendar invites"
EMP-2112,Customer Support,"Copy-pasting emails into CRM"
EMP-0942,Sales,"Copy-pasting emails into CRM"
EMP-1369,IT,"Copy-pasting emails into CRM"
EMP-0327,IT,"Designing a new brand logo"
EMP-0717,HR,"Interviewing new candidates"
EMP-3394,Marketing,"Negotiating a client contract"
EMP-1996,Customer Support,"Interviewing new candidates"
EMP-3409,Sales,"Sorting spreadsheets"
EMP-1599,Customer Support,"Formatting reports"
EMP-0332,Customer Support,"Formatting reports"
EMP-1373,HR,"High-level strategy planning"
EMP-1959,IT,"Negotiating a client contract"
EMP-3176,HR,"Leading a brainstorming session"
EMP-3248,Customer Support,"Formatting reports"
EMP-2613,IT,"Designing a new brand logo"
EMP-2175,HR,"Data entry from invoices"
EMP-1984,Sales,"Copy-pasting emails into CRM"
EMP-2879,HR,"Copy-pasting emails into CRM"
EMP-2648,IT,"Data entry from invoices"
EMP-1955,IT,"Interviewing new candidates"
EMP-3509,Sales,"Sorting spreadsheets"
EMP-1489,HR,"Data entry from invoices"
EMP-3341,Customer Support,"Copy-pasting emails into CRM"
EMP-0247,Customer Support,"Extracting numbers from PDFs"
EMP-3207,IT,"Leading a brainstorming session"
EMP-1562,Sales,"Scheduling calendar invites"
EMP-1397,Marketing,"Formatting reports"
EMP-0458,Marketing,"Copy-pasting emails into CRM"
EMP-1036,Marketing,"Sorting spreadsheets"
EMP-2174,Sales,"Extracting numbers from PDFs"
EMP-2163,Customer Support,"Sorting spreadsheets"
EMP-3110,IT,"Designing a new brand logo"
EMP-0895,Sales,"Scheduling calendar invites"
EMP-2937,Sales,"Scheduling calendar invites"
EMP-3112,Sales,"Formatting reports"
EMP-3455,Sales,"Scheduling calendar invites"
EMP-0972,HR,"High-level strategy planning"
EMP-0289,IT,"Leading a brainstorming session"
EMP-2912,IT,"Designing a new brand logo"
EMP-0853,Sales,"Copy-pasting emails into CRM"
EMP-3179,Marketing,"Interviewing new candidates"
EMP-3495,Marketing,"Negotiating a client contract"
EMP-3447,Sales,"Sorting spreadsheets"
EMP-1195,Sales,"Extracting numbers from PDFs"
EMP-2900,IT,"Interviewing new candidates"
EMP-0615,Customer Support,"Negotiating a client contract"
EMP-1124,Customer Support,"Sorting spreadsheets"
EMP-2582,IT,"Leading a brainstorming session"
EMP-1284,Customer Support,"Data entry from invoices"
EMP-1559,Sales,"Sorting spreadsheets"
EMP-3381,HR,"Resolving employee conflict"
EMP-0554,Customer Support,"Data entry from invoices"
EMP-1694,Sales,"Negotiating a client contract"
EMP-3954,Sales,"Scheduling calendar invites"
EMP-2948,Marketing,"Interviewing new candidates"
EMP-2631,Customer Support,"Sorting spreadsheets"
EMP-1276,HR,"Data entry from invoices"
EMP-1525,Sales,"Copy-pasting emails into CRM"
EMP-2750,Sales,"Interviewing new candidates"
EMP-1063,Marketing,"Scheduling calendar invites"
EMP-3563,IT,"Negotiating a client contract"
EMP-1091,Customer Support,"Interviewing new candidates"
EMP-2017,Marketing,"Data entry from invoices"
EMP-3844,IT,"Designing a new brand logo"
EMP-3192,Sales,"Sorting spreadsheets"
EMP-0140,HR,"Resolving employee conflict"
EMP-3535,Customer Support,"Sorting spreadsheets"
EMP-2566,Sales,"Scheduling calendar invites"
EMP-1667,IT,"Leading a brainstorming session"
EMP-2804,IT,"Data entry from invoices"
EMP-0662,IT,"Data entry from invoices"
EMP-1775,Marketing,"Copy-pasting emails into CRM"
EMP-1341,Marketing,"Copy-pasting emails into CRM"
EMP-3190,Marketing,"Sorting spreadsheets"
EMP-2181,Marketing,"Extracting numbers from PDFs"
EMP-2104,Sales,"Data entry from invoices"
EMP-3460,Customer Support,"Negotiating a client contract"
EMP-3296,Customer Support,"Sorting spreadsheets"
EMP-1747,Marketing,"Data entry from invoices"
EMP-1848,Sales,"Data entry from invoices"
EMP-0528,Sales,"Extracting numbers from PDFs"
EMP-2741,Marketing,"Scheduling calendar invites"
EMP-2960,HR,"Leading a brainstorming session"
EMP-0222,HR,"Data entry from invoices"
EMP-2792,Customer Support,"Negotiating a client contract"
EMP-2708,IT,"Negotiating a client contract"
EMP-1504,Sales,"Sorting spreadsheets"
EMP-0053,Customer Support,"Sorting spreadsheets"
EMP-0766,Customer Support,"Formatting reports"
EMP-3354,Sales,"Copy-pasting emails into CRM"
EMP-0771,Sales,"Copy-pasting emails into CRM"
EMP-1289,Customer Support,"Formatting reports"
EMP-0647,IT,"High-level strategy planning"
EMP-2672,IT,"Designing a new brand logo"
EMP-0887,Customer Support,"Scheduling calendar invites"
EMP-1330,IT,"Copy-pasting emails into CRM"
EMP-2927,IT,"Negotiating a client contract"
EMP-0297,IT,"Data entry from invoices"
EMP-3422,HR,"Copy-pasting emails into CRM"
EMP-1310,Marketing,"Extracting numbers from PDFs"
EMP-0761,HR,"Data entry from invoices"
EMP-3583,IT,"Copy-pasting emails into CRM"
EMP-0193,IT,"Leading a brainstorming session"
EMP-3228,HR,"Resolving employee conflict"
EMP-2339,HR,"Negotiating a client contract"
EMP-3925,HR,"High-level strategy planning"
EMP-3273,IT,"Resolving employee conflict"
EMP-0949,Customer Support,"Sorting spreadsheets"
EMP-2991,Marketing,"Sorting spreadsheets"
EMP-1381,IT,"Data entry from invoices"
EMP-3794,Marketing,"Sorting spreadsheets"
EMP-3344,Marketing,"Scheduling calendar invites"
EMP-0603,HR,"Interviewing new candidates"
EMP-1574,Customer Support,"Data entry from invoices"
EMP-2147,Customer Support,"Scheduling calendar invites"
EMP-0276,Marketing,"Data entry from invoices"
EMP-2642,IT,"Designing a new brand logo"
EMP-0356,IT,"Leading a brainstorming session"
EMP-0379,Marketing,"Data entry from invoices"
EMP-3986,IT,"Designing a new brand logo"
EMP-1928,HR,"Designing a new brand logo"
EMP-1332,Sales,"Sorting spreadsheets"
EMP-3635,Sales,"Formatting reports"
EMP-0648,Sales,"Formatting reports"
EMP-0868,IT,"Interviewing new candidates"
EMP-3944,Customer Support,"Negotiating a client contract"
EMP-0806,Customer Support,"Scheduling calendar invites"
EMP-1103,HR,"Data entry from invoices"
EMP-2403,Sales,"Sorting spreadsheets"
EMP-3374,Customer Support,"Copy-pasting emails into CRM"
EMP-2777,Marketing,"Extracting numbers from PDFs"
EMP-2139,IT,"Data entry from invoices"
EMP-0723,IT,"Copy-pasting emails into CRM"
EMP-0533,Marketing,"Negotiating a client contract"
EMP-0114,IT,"Data entry from invoices"
EMP-0467,Marketing,"Formatting reports"
EMP-3477,Sales,"Scheduling calendar invites"
EMP-1261,Marketing,"Extracting numbers from PDFs"
EMP-3778,Sales,"Copy-pasting emails into CRM"
EMP-1230,Customer Support,"Negotiating a client contract"
EMP-3379,IT,"Negotiating a client contract"
EMP-2598,IT,"Data entry from invoices"
EMP-3863,Customer Support,"Interviewing new candidates"
EMP-1204,Sales,"Extracting numbers from PDFs"
EMP-1809,Customer Support,"Scheduling calendar invites"
EMP-0713,Customer Support,"Copy-pasting emails into CRM"
EMP-0261,Sales,"Copy-pasting emails into CRM"
EMP-3257,Customer Support,"Data entry from invoices"
EMP-2394,Sales,"Formatting reports"
EMP-3765,Marketing,"Sorting spreadsheets"
EMP-3170,Sales,"Interviewing new candidates"
EMP-1696,IT,"Resolving employee conflict"
EMP-2288,Customer Support,"Data entry from invoices"
EMP-0967,Customer Support,"Data entry from invoices"
EMP-0387,Sales,"Sorting spreadsheets"
EMP-3046,IT,"Leading a brainstorming session"
EMP-2699,HR,"High-level strategy planning"
EMP-0977,Marketing,"Interviewing new candidates"
EMP-1016,Sales,"Formatting reports"
EMP-3532,HR,"Designing a new brand logo"
EMP-2054,HR,"Interviewing new candidates"
EMP-2016,HR,"Leading a brainstorming session"
EMP-0749,Sales,"Interviewing new candidates"
EMP-3728,Marketing,"Negotiating a client contract"
EMP-3507,IT,"Resolving employee conflict"
EMP-0949,Marketing,"Negotiating a client contract"
EMP-3043,Customer Support,"Sorting spreadsheets"
EMP-1859,Customer Support,"Negotiating a client contract"
EMP-1962,IT,"Leading a brainstorming session"
EMP-0127,IT,"Resolving employee conflict"
EMP-2279,Sales,"Scheduling calendar invites"
EMP-0287,HR,"Copy-pasting emails into CRM"
EMP-0768,HR,"High-level strategy planning"
EMP-3508,HR,"Copy-pasting emails into CRM"
EMP-3454,Customer Support,"Scheduling calendar invites"
EMP-0444,HR,"Resolving employee conflict"
EMP-3019,HR,"High-level strategy planning"
EMP-0152,Marketing,"Interviewing new candidates"
EMP-3422,HR,"Interviewing new candidates"
EMP-0843,Marketing,"Scheduling calendar invites"
EMP-3906,Marketing,"Scheduling calendar invites"
EMP-1715,Sales,"Interviewing new candidates"
EMP-3568,Customer Support,"Scheduling calendar invites"
EMP-3702,IT,"Negotiating a client contract"
EMP-2351,HR,"Designing a new brand logo"
EMP-1950,Customer Support,"Data entry from invoices"
EMP-3427,HR,"High-level strategy planning"
EMP-1534,HR,"High-level strategy planning"
EMP-3571,Customer Support,"Sorting spreadsheets"
EMP-2740,Marketing,"Formatting reports"
EMP-3239,Marketing,"Formatting reports"
EMP-1228,Customer Support,"Sorting spreadsheets"
EMP-2340,IT,"Copy-pasting emails into CRM"
EMP-2379,Marketing,"Negotiating a client contract"
EMP-3418,Customer Support,"Data entry from invoices"
EMP-2085,HR,"High-level strategy planning"
EMP-3319,Customer Support,"Interviewing new candidates"
EMP-3888,HR,"Designing a new brand logo"
EMP-2131,Marketing,"Formatting reports"
EMP-1086,Marketing,"Copy-pasting emails into CRM"
EMP-3050,Marketing,"Interviewing new candidates"
EMP-3309,HR,"Negotiating a client contract"
EMP-1026,Marketing,"Copy-pasting emails into CRM"
EMP-1686,IT,"Interviewing new candidates"
EMP-0709,IT,"Leading a brainstorming session"
EMP-1519,IT,"Designing a new brand logo"
EMP-1293,IT,"Interviewing new candidates"
EMP-0111,Marketing,"Sorting spreadsheets"
EMP-0900,HR,"Designing a new brand logo"
EMP-2596,IT,"Data entry from invoices"
EMP-2973,HR,"Leading a brainstorming session"
EMP-3607,HR,"Designing a new brand logo"
EMP-1652,Marketing,"Extracting numbers from PDFs"
EMP-2204,Marketing,"Sorting spreadsheets"
EMP-1715,IT,"Negotiating a client contract"
EMP-1233,IT,"Leading a brainstorming session"
EMP-1002,Customer Support,"Data entry from invoices"
EMP-0291,Sales,"Formatting reports"
EMP-1728,Sales,"Extracting numbers from PDFs"
EMP-0803,Customer Support,"Scheduling calendar invites"
EMP-3495,Sales,"Sorting spreadsheets"
EMP-3130,Customer Support,"Extracting numbers from PDFs"
EMP-3624,Customer Support,"Negotiating a client contract"
EMP-3675,IT,"Leading a brainstorming session"
EMP-2833,IT,"Negotiating a client contract"
EMP-3895,Sales,"Formatting reports"
EMP-2188,Customer Support,"Scheduling calendar invites"
EMP-3426,Marketing,"Sorting spreadsheets"
EMP-1945,HR,"Data entry from invoices"
EMP-3160,Marketing,"Formatting reports"
EMP-3865,Customer Support,"Copy-pasting emails into CRM"
EMP-2224,Sales,"Data entry from invoices"
EMP-3215,Marketing,"Copy-pasting emails into CRM"
EMP-0794,Marketing,"Copy-pasting emails into CRM"
EMP-1856,HR,"Copy-pasting emails into CRM"
EMP-3710,HR,"Data entry from invoices"
EMP-2099,Sales,"Negotiating a client contract"
EMP-3638,Marketing,"Interviewing new candidates"
EMP-1151,HR,"Negotiating a client contract"
EMP-1336,IT,"Copy-pasting emails into CRM"
EMP-1170,HR,"Negotiating a client contract"
EMP-2908,Customer Support,"Copy-pasting emails into CRM"
EMP-3253,Marketing,"Sorting spreadsheets"
EMP-0907,Sales,"Formatting reports"
EMP-3021,Marketing,"Interviewing new candidates"
EMP-1142,IT,"Negotiating a client contract"
EMP-2007,Marketing,"Extracting numbers from PDFs"
EMP-1444,Marketing,"Copy-pasting emails into CRM"
EMP-2505,Customer Support,"Interviewing new candidates"
EMP-3803,HR,"High-level strategy planning"
EMP-3815,Sales,"Copy-pasting emails into CRM"
EMP-1811,Customer Support,"Copy-pasting emails into CRM"
EMP-1573,IT,"Designing a new brand logo"
EMP-0362,HR,"Leading a brainstorming session"
EMP-1957,Marketing,"Copy-pasting emails into CRM"
EMP-3013,Sales,"Scheduling calendar invites"
EMP-0383,Sales,"Sorting spreadsheets"
EMP-3176,HR,"Negotiating a client contract"
EMP-2179,IT,"Designing a new brand logo"
EMP-0625,HR,"High-level strategy planning"
EMP-1820,Marketing,"Scheduling calendar invites"
EMP-0331,Sales,"Scheduling calendar invites"
EMP-3703,Sales,"Interviewing new candidates"
EMP-0053,Customer Support,"Sorting spreadsheets"
EMP-1843,Marketing,"Scheduling calendar invites"
EMP-1122,Customer Support,"Interviewing new candidates"
EMP-0539,Marketing,"Extracting numbers from PDFs"
EMP-3597,IT,"Data entry from invoices"
EMP-3114,Sales,"Scheduling calendar invites"
EMP-1978,Customer Support,"Formatting reports"
EMP-0438,HR,"High-level strategy planning"
EMP-2442,Marketing,"Scheduling calendar invites"
EMP-0774,HR,"Data entry from invoices"
EMP-2610,Sales,"Scheduling calendar invites"
EMP-1382,Customer Support,"Copy-pasting emails into CRM"
EMP-3603,Sales,"Data entry from invoices"
EMP-0448,HR,"Data entry from invoices"
EMP-2727,Customer Support,"Sorting spreadsheets"
EMP-0308,Sales,"Scheduling calendar invites"
EMP-1467,Marketing,"Negotiating a client contract"
EMP-1917,Marketing,"Sorting spreadsheets"
EMP-3865,Sales,"Scheduling calendar invites"
EMP-3143,Sales,"Data entry from invoices"
EMP-1449,Marketing,"Negotiating a client contract"
EMP-0521,Sales,"Extracting numbers from PDFs"
EMP-1076,Marketing,"Interviewing new candidates"
EMP-1351,IT,"Copy-pasting emails into CRM"
EMP-0489,HR,"Interviewing new candidates"
EMP-1432,IT,"Designing a new brand logo"
EMP-2947,HR,"Interviewing new candidates"
EMP-0721,HR,"Data entry from invoices"
EMP-1637,Customer Support,"Extracting numbers from PDFs"
EMP-3134,Sales,"Formatting reports"
EMP-0721,Sales,"Scheduling calendar invites"
EMP-0255,IT,"Data entry from invoices"
EMP-2959,HR,"Leading a brainstorming session"
EMP-2865,HR,"Copy-pasting emails into CRM"
EMP-1711,Sales,"Data entry from invoices"
EMP-3987,Sales,"Extracting numbers from PDFs"
EMP-3973,HR,"Copy-pasting emails into CRM"
EMP-0132,Customer Support,"Interviewing new candidates"
EMP-2966,IT,"Interviewing new candidates"
EMP-2327,Marketing,"Negotiating a client contract"
EMP-0848,Marketing,"Interviewing new candidates"
EMP-3892,Sales,"Formatting reports"
EMP-0328,IT,"Resolving employee conflict"
EMP-1181,Customer Support,"Copy-pasting emails into CRM"
EMP-2641,Marketing,"Scheduling calendar invites"
EMP-3159,HR,"Interviewing new candidates"
EMP-2187,Marketing,"Sorting spreadsheets"
EMP-2484,IT,"Designing a new brand logo"
EMP-3762,IT,"Leading a brainstorming session"
EMP-2996,Sales,"Sorting spreadsheets"
EMP-3539,HR,"Resolving employee conflict"
EMP-0899,IT,"Copy-pasting emails into CRM"
EMP-0063,Sales,"Data entry from invoices"
EMP-1467,HR,"Negotiating a client contract"
EMP-3064,Sales,"Sorting spreadsheets"
EMP-0894,IT,"Leading a brainstorming session"
EMP-3629,IT,"Designing a new brand logo"
EMP-3385,Marketing,"Copy-pasting emails into CRM"
EMP-3533,Marketing,"Data entry from invoices"
EMP-1418,HR,"Designing a new brand logo"
EMP-0574,IT,"Designing a new brand logo"
EMP-0813,Sales,"Copy-pasting emails into CRM"
EMP-1333,Marketing,"Data entry from invoices"
EMP-0799,Marketing,"Negotiating a client contract"
EMP-2475,IT,"Designing a new brand logo"
EMP-1345,Sales,"Copy-pasting emails into CRM"
EMP-1531,Marketing,"Sorting spreadsheets"
EMP-2796,Sales,"Interviewing new candidates"
EMP-0703,Sales,"Negotiating a client contract"
EMP-3410,Customer Support,"Sorting spreadsheets"
EMP-0426,Customer Support,"Scheduling calendar invites"
EMP-3518,Sales,"Extracting numbers from PDFs"
EMP-0851,Sales,"Interviewing new candidates"
EMP-0269,HR,"Interviewing new candidates"
EMP-1204,Customer Support,"Extracting numbers from PDFs"
EMP-3318,Marketing,"Data entry from invoices"
EMP-3641,IT,"Resolving employee conflict"
EMP-1481,HR,"Designing a new brand logo"
EMP-3026,Marketing,"Interviewing new candidates"
EMP-3275,IT,"Negotiating a client contract"
EMP-2284,HR,"Leading a brainstorming session"
EMP-0780,Marketing,"Copy-pasting emails into CRM"
EMP-2906,IT,"High-level strategy planning"
EMP-3771,Sales,"Extracting numbers from PDFs"
EMP-2142,Sales,"Data entry from invoices"
EMP-1247,Customer Support,"Extracting numbers from PDFs"
EMP-0860,Marketing,"Sorting spreadsheets"
EMP-2749,Sales,"Formatting reports"
EMP-2587,HR,"Interviewing new candidates"
EMP-0655,IT,"Interviewing new candidates"
EMP-0645,HR,"Designing a new brand logo"
EMP-3423,Customer Support,"Formatting reports"
EMP-0722,HR,"Copy-pasting emails into CRM"
EMP-3295,Customer Support,"Formatting reports"
EMP-2586,Sales,"Interviewing new candidates"
EMP-0416,IT,"Data entry from invoices"
EMP-2813,Sales,"Scheduling calendar invites"
EMP-0849,IT,"Leading a brainstorming session"
EMP-2937,Sales,"Interviewing new candidates"
EMP-3912,Sales,"Copy-pasting emails into CRM"
EMP-3270,Customer Support,"Formatting reports"
EMP-2298,Marketing,"Sorting spreadsheets"
EMP-2152,HR,"Resolving employee conflict"
EMP-2891,Sales,"Negotiating a client contract"
EMP-1256,HR,"Negotiating a client contract"
EMP-3559,Customer Support,"Copy-pasting emails into CRM"
EMP-3657,Marketing,"Negotiating a client contract"
EMP-3017,Marketing,"Negotiating a client contract"
EMP-3706,Customer Support,"Interviewing new candidates"
EMP-0115,Marketing,"Scheduling calendar invites"
EMP-3031,IT,"Leading a brainstorming session"
EMP-2053,Marketing,"Sorting spreadsheets"
EMP-2631,Marketing,"Extracting numbers from PDFs"
EMP-3963,IT,"Leading a brainstorming session"
EMP-0732,HR,"Leading a brainstorming session"
EMP-0570,Customer Support,"Scheduling calendar invites"
EMP-0595,Customer Support,"Data entry from invoices"
EMP-0984,Marketing,"Data entry from invoices"
EMP-3635,HR,"Leading a brainstorming session"
EMP-2455,Customer Support,"Data entry from invoices"
EMP-1700,Sales,"Data entry from invoices"
EMP-0309,IT,"Designing a new brand logo"
EMP-3890,IT,"Resolving employee conflict"
EMP-0367,Marketing,"Negotiating a client contract"
EMP-2452,HR,"Resolving employee conflict"
EMP-1796,HR,"Designing a new brand logo"
EMP-0447,HR,"Designing a new brand logo"
EMP-1929,IT,"Resolving employee conflict"
EMP-2904,Sales,"Data entry from invoices"
EMP-0873,Marketing,"Scheduling calendar invites"
EMP-2088,Customer Support,"Formatting reports"
EMP-2595,Marketing,"Data entry from invoices"
EMP-0437,Sales,"Copy-pasting emails into CRM"
EMP-0912,HR,"Data entry from invoices"
EMP-2230,Marketing,"Negotiating a client contract"
EMP-3612,IT,"Negotiating a client contract"
EMP-2461,Customer Support,"Data entry from invoices"
EMP-2226,HR,"Negotiating a client contract"
EMP-2528,IT,"Resolving employee conflict"
EMP-2803,Customer Support,"Scheduling calendar invites"
EMP-1304,Marketing,"Sorting spreadsheets"
EMP-0515,Marketing,"Formatting reports"
EMP-0012,Customer Support,"Sorting spreadsheets"
EMP-3303,HR,"Resolving employee conflict"
EMP-2662,HR,"Interviewing new candidates"
EMP-3940,Sales,"Interviewing new candidates"
EMP-2418,Customer Support,"Extracting numbers from PDFs"
EMP-0724,Sales,"Copy-pasting emails into CRM"
EMP-1230,Marketing,"Data entry from invoices"
EMP-3044,HR,"Designing a new brand logo"
EMP-2717,HR,"High-level strategy planning"
EMP-0009,Sales,"Scheduling calendar invites"
EMP-2058,Customer Support,"Copy-pasting emails into CRM"
EMP-1470,IT,"Leading a brainstorming session"
EMP-0128,IT,"Interviewing new candidates"
EMP-2201,IT,"Data entry from invoices"
EMP-1216,Marketing,"Formatting reports"
EMP-3157,HR,"Designing a new brand logo"
EMP-1916,IT,"High-level strategy planning"
EMP-2018,IT,"Resolving employee conflict"
EMP-3914,Marketing,"Sorting spreadsheets"
EMP-3872,Customer Support,"Scheduling calendar invites"
EMP-2206,Customer Support,"Data entry from invoices"
EMP-3956,Sales,"Extracting numbers from PDFs"
EMP-3866,Customer Support,"Extracting numbers from PDFs"
EMP-3408,IT,"Resolving employee conflict"
EMP-3357,Sales,"Copy-pasting emails into CRM"
EMP-0778,HR,"Leading a brainstorming session"
EMP-0006,Customer Support,"Scheduling calendar invites"
EMP-1591,HR,"Copy-pasting emails into CRM"
EMP-0133,Customer Support,"Extracting numbers from PDFs"
EMP-0184,Sales,"Sorting spreadsheets"
EMP-1019,HR,"Designing a new brand logo"
EMP-2365,Sales,"Formatting reports"
EMP-1356,Customer Support,"Formatting reports"
EMP-1809,HR,"Designing a new brand logo"
EMP-3119,Sales,"Copy-pasting emails into CRM"
EMP-2356,IT,"High-level strategy planning"
EMP-1402,Sales,"Sorting spreadsheets"
EMP-1717,Customer Support,"Copy-pasting emails into CRM"
EMP-0642,HR,"Copy-pasting emails into CRM"
EMP-3699,IT,"Copy-pasting emails into CRM"
EMP-1845,Customer Support,"Negotiating a client contract"
EMP-3678,Sales,"Data entry from invoices"
EMP-2795,Marketing,"Data entry from invoices"
EMP-1918,HR,"Data entry from invoices"
EMP-0853,Marketing,"Extracting numbers from PDFs"
EMP-3200,IT,"Interviewing new candidates"
EMP-0922,IT,"Interviewing new candidates"
EMP-0190,Customer Support,"Negotiating a client contract"
EMP-2612,Marketing,"Copy-pasting emails into CRM"
EMP-1215,Customer Support,"Data entry from invoices"
EMP-3065,Customer Support,"Formatting reports"
EMP-2123,Customer Support,"Extracting numbers from PDFs"
EMP-3939,HR,"High-level strategy planning"
EMP-0168,IT,"Leading a brainstorming session"
EMP-2091,Sales,"Extracting numbers from PDFs"
EMP-1858,HR,"Leading a brainstorming session"
EMP-2013,Customer Support,"Extracting numbers from PDFs"
EMP-3129,Sales,"Interviewing new candidates"
EMP-0478,Marketing,"Extracting numbers from PDFs"
EMP-1603,HR,"Negotiating a client contract"
EMP-3131,IT,"Data entry from invoices"
EMP-2237,Marketing,"Formatting reports"
EMP-1288,Sales,"Negotiating a client contract"
EMP-2015,Marketing,"Negotiating a client contract"
EMP-2839,Sales,"Data entry from invoices"
EMP-0183,HR,"High-level strategy planning"
EMP-2470,Marketing,"Sorting spreadsheets"
EMP-2994,Marketing,"Extracting numbers from PDFs"
EMP-1907,Marketing,"Scheduling calendar invites"
EMP-3504,IT,"Copy-pasting emails into CRM"
EMP-1620,Marketing,"Formatting reports"
EMP-2963,Marketing,"Sorting spreadsheets"
EMP-3488,HR,"Designing a new brand logo"
EMP-1374,HR,"Copy-pasting emails into CRM"
EMP-1717,Sales,"Data entry from invoices"
EMP-0693,Sales,"Negotiating a client contract"
EMP-0989,Customer Support,"Data entry from invoices"
EMP-1503,Sales,"Data entry from invoices"
EMP-3851,Customer Support,"Extracting numbers from PDFs"
EMP-3066,IT,"Interviewing new candidates"
EMP-0474,Marketing,"Copy-pasting emails into CRM"
EMP-0697,Sales,"Scheduling calendar invites"
EMP-3663,Customer Support,"Copy-pasting emails into CRM"
EMP-3100,Sales,"Extracting numbers from PDFs"
EMP-0664,IT,"Designing a new brand logo"
EMP-1854,IT,"Resolving employee conflict"
EMP-1179,Sales,"Negotiating a client contract"
EMP-3938,Marketing,"Negotiating a client contract"
EMP-1894,Customer Support,"Formatting reports"
EMP-3565,Marketing,"Sorting spreadsheets"
EMP-2730,Customer Support,"Data entry from invoices"
EMP-2279,Marketing,"Formatting reports"
EMP-2578,Marketing,"Data entry from invoices"
EMP-0506,IT,"Copy-pasting emails into CRM"
EMP-1663,Marketing,"Interviewing new candidates"
EMP-0899,HR,"Resolving employee conflict"
EMP-3999,Marketing,"Extracting numbers from PDFs"
EMP-0786,HR,"Data entry from invoices"
EMP-3323,Marketing,"Interviewing new candidates"
EMP-3940,Marketing,"Interviewing new candidates"
EMP-3578,Sales,"Sorting spreadsheets"
EMP-2525,Customer Support,"Interviewing new candidates"
EMP-0116,Customer Support,"Scheduling calendar invites"
EMP-1491,Sales,"Scheduling calendar invites"
EMP-3846,Sales,"Formatting reports"
EMP-1877,Sales,"Scheduling calendar invites"
EMP-3289,Marketing,"Extracting numbers from PDFs"
EMP-0175,HR,"Leading a brainstorming session"
EMP-1064,IT,"Copy-pasting emails into CRM"
EMP-1058,Customer Support,"Sorting spreadsheets"
EMP-3015,Sales,"Sorting spreadsheets"
EMP-1065,Sales,"Scheduling calendar invites"
EMP-1123,Customer Support,"Formatting reports"
EMP-3402,Customer Support,"Extracting numbers from PDFs"
EMP-3302,HR,"Resolving employee conflict"
EMP-0821,HR,"Designing a new brand logo"
EMP-0557,IT,"Data entry from invoices"
EMP-2559,Customer Support,"Extracting numbers from PDFs"
EMP-3754,Marketing,"Negotiating a client contract"
EMP-0822,IT,"Designing a new brand logo"
EMP-3333,HR,"Copy-pasting emails into CRM"
EMP-2808,HR,"Resolving employee conflict"
EMP-0141,Marketing,"Formatting reports"
EMP-1172,Customer Support,"Formatting reports"
EMP-1552,IT,"Copy-pasting emails into CRM"
EMP-3212,HR,"Copy-pasting emails into CRM"
EMP-3585,IT,"Data entry from invoices"
EMP-3897,Marketing,"Copy-pasting emails into CRM"
EMP-3537,HR,"High-level strategy planning"
EMP-1043,HR,"Resolving employee conflict"
EMP-0849,Marketing,"Interviewing new candidates"
EMP-3212,IT,"Designing a new brand logo"
EMP-3831,Marketing,"Negotiating a client contract"
EMP-1883,HR,"High-level strategy planning"
EMP-3316,Marketing,"Sorting spreadsheets"
EMP-1703,Customer Support,"Formatting reports"
EMP-3918,Marketing,"Formatting reports"
EMP-2740,Customer Support,"Data entry from invoices"
EMP-0405,Sales,"Copy-pasting emails into CRM"
EMP-1107,Marketing,"Extracting numbers from PDFs"
EMP-1531,Marketing,"Negotiating a client contract"
EMP-0602,Marketing,"Interviewing new candidates"
EMP-0144,Customer Support,"Sorting spreadsheets"
EMP-3308,Customer Support,"Scheduling calendar invites"
EMP-0090,IT,"Data entry from invoices"
EMP-0507,HR,"Copy-pasting emails into CRM"
EMP-3186,HR,"Copy-pasting emails into CRM"
EMP-0615,IT,"Designing a new brand logo"
EMP-3137,HR,"High-level strategy planning"
EMP-2898,IT,"Data entry from invoices"
EMP-2903,Sales,"Extracting numbers from PDFs"
EMP-0789,HR,"Interviewing new candidates"
EMP-2214,Sales,"Formatting reports"
EMP-0104,IT,"Resolving employee conflict"
EMP-3077,IT,"Copy-pasting emails into CRM"
EMP-2294,Sales,"Sorting spreadsheets"
EMP-3271,IT,"Leading a brainstorming session"
EMP-2778,HR,"Resolving employee conflict"
EMP-0583,Sales,"Sorting spreadsheets"
EMP-0237,Marketing,"Negotiating a client contract"
EMP-2703,HR,"Leading a brainstorming session"
EMP-2730,IT,"Interviewing new candidates"
EMP-3317,HR,"Data entry from invoices"
EMP-2809,Sales,"Scheduling calendar invites"
EMP-3297,HR,"High-level strategy planning"
EMP-1905,Sales,"Sorting spreadsheets"
EMP-3636,IT,"Copy-pasting emails into CRM"
EMP-0203,Customer Support,"Interviewing new candidates"
EMP-2346,Marketing,"Interviewing new candidates"
EMP-2500,IT,"Data entry from invoices"
EMP-3852,Customer Support,"Sorting spreadsheets"
EMP-1161,Marketing,"Sorting spreadsheets"
EMP-3072,Customer Support,"Copy-pasting emails into CRM"
EMP-2228,Customer Support,"Formatting reports"
EMP-3227,Customer Support,"Scheduling calendar invites"
EMP-3469,Marketing,"Data entry from invoices"
EMP-1019,Marketing,"Negotiating a client contract"
EMP-3831,Marketing,"Scheduling calendar invites"
EMP-1966,Marketing,"Copy-pasting emails into CRM"
EMP-2451,Customer Support,"Data entry from invoices"
EMP-1285,Sales,"Formatting reports"
EMP-3535,Marketing,"Data entry from invoices"
EMP-3830,IT,"Data entry from invoices"
EMP-1450,HR,"Data entry from invoices"
EMP-2004,HR,"Resolving employee conflict"
EMP-1163,HR,"Resolving employee conflict"
EMP-2388,IT,"Interviewing new candidates"
EMP-0276,Customer Support,"Copy-pasting emails into CRM"
EMP-0275,HR,"Designing a new brand logo"
EMP-2753,HR,"Negotiating a client contract"
EMP-2586,IT,"Data entry from invoices"
EMP-2423,Sales,"Scheduling calendar invites"
EMP-0015,Customer Support,"Data entry from invoices"
EMP-3100,Sales,"Interviewing new candidates"
EMP-3738,Customer Support,"Data entry from invoices"
EMP-1788,Customer Support,"Sorting spreadsheets"
EMP-3380,Marketing,"Data entry from invoices"
EMP-0990,Marketing,"Extracting numbers from PDFs"
EMP-1814,Sales,"Extracting numbers from PDFs"
EMP-2612,HR,"Leading a brainstorming session"
EMP-2591,HR,"Resolving employee conflict"
EMP-3373,IT,"Data entry from invoices"
EMP-2056,HR,"Copy-pasting emails into CRM"
EMP-0602,HR,"Negotiating a client contract"
EMP-2219,Sales,"Data entry from invoices"
EMP-0296,HR,"High-level strategy planning"
EMP-3818,IT,"Designing a new brand logo"
EMP-0514,Customer Support,"Copy-pasting emails into CRM"
EMP-1436,HR,"Copy-pasting emails into CRM"
EMP-2729,Customer Support,"Negotiating a client contract"
EMP-2570,Marketing,"Sorting spreadsheets"
EMP-1045,HR,"Leading a brainstorming session"
EMP-0313,Sales,"Extracting numbers from PDFs"
EMP-1571,IT,"Interviewing new candidates"
EMP-1071,Sales,"Sorting spreadsheets"
EMP-0997,Customer Support,"Negotiating a client contract"
EMP-2987,Marketing,"Negotiating a client contract"
EMP-0914,HR,"High-level strategy planning"
EMP-0235,IT,"Resolving employee conflict"
EMP-0447,Sales,"Negotiating a client contract"
EMP-0708,Customer Support,"Scheduling calendar invites"
EMP-3149,IT,"Leading a brainstorming session"
EMP-2972,Customer Support,"Interviewing new candidates"
EMP-2124,HR,"Resolving employee conflict"
EMP-3844,Customer Support,"Scheduling calendar invites"
EMP-1294,HR,"Data entry from invoices"
EMP-0265,Customer Support,"Scheduling calendar invites"
EMP-3426,Sales,"Formatting reports"
EMP-0521,HR,"Data entry from invoices"
EMP-1671,Customer Support,"Copy-pasting emails into CRM"
EMP-0282,HR,"High-level strategy planning"
EMP-3024,HR,"Negotiating a client contract"
EMP-2495,Customer Support,"Copy-pasting emails into CRM"
EMP-1369,Customer Support,"Negotiating a client contract"
EMP-2434,IT,"Data entry from invoices"
EMP-3941,IT,"Data entry from invoices"
EMP-0012,IT,"Interviewing new candidates"
EMP-3155,Customer Support,"Negotiating a client contract"
EMP-1307,IT,"Interviewing new candidates"
EMP-1246,Sales,"Copy-pasting emails into CRM"
EMP-0720,Marketing,"Sorting spreadsheets"
EMP-0378,Marketing,"Formatting reports"
EMP-2160,HR,"Negotiating a client contract"
EMP-0022,Customer Support,"Data entry from invoices"
EMP-1290,HR,"Copy-pasting emails into CRM"
EMP-3670,IT,"Leading a brainstorming session"
EMP-3176,Customer Support,"Data entry from invoices"
EMP-2833,Marketing,"Copy-pasting emails into CRM"
EMP-2823,Marketing,"Sorting spreadsheets"
EMP-1448,HR,"High-level strategy planning"
EMP-1257,Customer Support,"Copy-pasting emails into CRM"
EMP-3348,Customer Support,"Sorting spreadsheets"
EMP-0692,Customer Support,"Interviewing new candidates"
EMP-1739,IT,"Negotiating a client contract"
EMP-3274,Marketing,"Copy-pasting emails into CRM"
EMP-0271,IT,"Designing a new brand logo"
EMP-0063,HR,"Leading a brainstorming session"
EMP-0780,IT,"Leading a brainstorming session"
EMP-1630,HR,"Interviewing new candidates"
EMP-0751,Marketing,"Extracting numbers from PDFs"
EMP-0703,HR,"Resolving employee conflict"
EMP-1801,Customer Support,"Scheduling calendar invites"
EMP-2275,Sales,"Sorting spreadsheets"
EMP-0418,IT,"Designing a new brand logo"
EMP-2031,HR,"Data entry from invoices"
EMP-2510,Customer Support,"Scheduling calendar invites"
EMP-0319,Sales,"Copy-pasting emails into CRM"
EMP-1368,Marketing,"Scheduling calendar invites"
EMP-3857,IT,"Copy-pasting emails into CRM"
EMP-1044,IT,"Data entry from invoices"
EMP-2729,HR,"Data entry from invoices"
EMP-2623,Customer Support,"Copy-pasting emails into CRM"
EMP-0101,IT,"Copy-pasting emails into CRM"
EMP-2501,HR,"Designing a new brand logo"
EMP-0059,Sales,"Scheduling calendar invites"
EMP-2608,Marketing,"Extracting numbers from PDFs"
EMP-3614,IT,"Data entry from invoices"
EMP-2845,HR,"Negotiating a client contract"
EMP-3798,Customer Support,"Formatting reports"
EMP-0636,Marketing,"Negotiating a client contract"
EMP-1796,Customer Support,"Extracting numbers from PDFs"
EMP-2817,IT,"Leading a brainstorming session"
EMP-0922,Customer Support,"Sorting spreadsheets"
EMP-0382,Customer Support,"Interviewing new candidates"
EMP-3862,Sales,"Extracting numbers from PDFs"
EMP-2858,Marketing,"Interviewing new candidates"
EMP-3395,Marketing,"Sorting spreadsheets"
EMP-0825,HR,"Data entry from invoices"
EMP-0572,Sales,"Negotiating a client contract"
EMP-3413,Sales,"Extracting numbers from PDFs"
EMP-3785,Customer Support,"Negotiating a client contract"
EMP-2268,IT,"Designing a new brand logo"
EMP-2489,Marketing,"Interviewing new candidates"
EMP-0667,Customer Support,"Copy-pasting emails into CRM"
EMP-3715,Customer Support,"Interviewing new candidates"
EMP-3511,Sales,"Scheduling calendar invites"
EMP-0563,IT,"High-level strategy planning"
EMP-2134,Sales,"Copy-pasting emails into CRM"
EMP-2527,IT,"Leading a brainstorming session"
EMP-2955,Marketing,"Sorting spreadsheets"
EMP-3996,IT,"Resolving employee conflict"
EMP-3496,HR,"Leading a brainstorming session"
EMP-3416,IT,"Copy-pasting emails into CRM"
EMP-3100,Sales,"Extracting numbers from PDFs"
EMP-0947,HR,"High-level strategy planning"
EMP-3606,Sales,"Sorting spreadsheets"
EMP-3160,Marketing,"Copy-pasting emails into CRM"
EMP-3275,Sales,"Formatting reports"
EMP-1814,Marketing,"Copy-pasting emails into CRM"
EMP-3643,IT,"Designing a new brand logo"
EMP-1757,Marketing,"Sorting spreadsheets"
EMP-2220,Customer Support,"Extracting numbers from PDFs"
EMP-1551,Marketing,"Scheduling calendar invites"
EMP-2744,Sales,"Scheduling calendar invites"
EMP-0037,IT,"Copy-pasting emails into CRM"
EMP-0400,IT,"Data entry from invoices"
EMP-3609,Customer Support,"Scheduling calendar invites"
EMP-2621,Customer Support,"Sorting spreadsheets"
EMP-3865,Marketing,"Extracting numbers from PDFs"
EMP-0478,Marketing,"Sorting spreadsheets"
EMP-1872,Customer Support,"Scheduling calendar invites"
EMP-1963,HR,"Copy-pasting emails into CRM"
EMP-2430,HR,"High-level strategy planning"
EMP-3465,Sales,"Extracting numbers from PDFs"
EMP-1521,IT,"Resolving employee conflict"
EMP-2440,HR,"Interviewing new candidates"
EMP-0283,Sales,"Data entry from invoices"
EMP-1878,Sales,"Sorting spreadsheets"
EMP-1274,HR,"Copy-pasting emails into CRM"
EMP-0984,Marketing,"Data entry from invoices"
EMP-0675,Sales,"Copy-pasting emails into CRM"
EMP-3516,Sales,"Copy-pasting emails into CRM"
EMP-2869,Marketing,"Sorting spreadsheets"
EMP-3528,IT,"Negotiating a client contract"
EMP-3777,HR,"Interviewing new candidates"
EMP-2213,Customer Support,"Interviewing new candidates"
EMP-0380,Marketing,"Formatting reports"
EMP-3584,Sales,"Negotiating a client contract"
EMP-1700,Sales,"Copy-pasting emails into CRM"
EMP-0719,HR,"Interviewing new candidates"
EMP-2841,Marketing,"Sorting spreadsheets"
EMP-0744,HR,"Copy-pasting emails into CRM"
EMP-3254,Sales,"Interviewing new candidates"
EMP-0402,Customer Support,"Scheduling calendar invites"
EMP-2161,HR,"Negotiating a client contract"
EMP-1545,Customer Support,"Copy-pasting emails into CRM"
EMP-3661,Customer Support,"Copy-pasting emails into CRM"
EMP-0218,HR,"Copy-pasting emails into CRM"
EMP-1461,Marketing,"Copy-pasting emails into CRM"
EMP-2079,HR,"Resolving employee conflict"
EMP-2813,Sales,"Data entry from invoices"
EMP-3896,Sales,"Formatting reports"
EMP-0263,Marketing,"Interviewing new candidates"
EMP-0330,Sales,"Sorting spreadsheets"
EMP-0796,Customer Support,"Sorting spreadsheets"
EMP-3522,Customer Support,"Copy-pasting emails into CRM"
EMP-3022,Sales,"Data entry from invoices"
EMP-1784,Customer Support,"Extracting numbers from PDFs"
EMP-1349,Sales,"Negotiating a client contract"
EMP-3158,Customer Support,"Extracting numbers from PDFs"
EMP-2044,HR,"Negotiating a client contract"
EMP-3848,Sales,"Interviewing new candidates"
EMP-3959,Marketing,"Copy-pasting emails into CRM"
EMP-0640,Marketing,"Data entry from invoices"
EMP-2312,IT,"Interviewing new candidates"
EMP-1228,Marketing,"Scheduling calendar invites"
EMP-0812,Customer Support,"Extracting numbers from PDFs"
EMP-1588,Sales,"Formatting reports"
EMP-3287,Sales,"Data entry from invoices"
EMP-0242,Customer Support,"Negotiating a client contract"
EMP-1579,Customer Support,"Extracting numbers from PDFs"
EMP-0770,Sales,"Interviewing new candidates"
EMP-2444,HR,"Negotiating a client contract"
EMP-2855,Customer Support,"Interviewing new candidates"
EMP-2410,HR,"Leading a brainstorming session"
EMP-0951,HR,"Designing a new brand logo"
EMP-1666,HR,"Copy-pasting emails into CRM"
EMP-3144,Sales,"Sorting spreadsheets"
EMP-3989,Customer Support,"Sorting spreadsheets"
EMP-2288,Marketing,"Scheduling calendar invites"
EMP-3419,HR,"Designing a new brand logo"
EMP-2513,Marketing,"Sorting spreadsheets"
EMP-0233,Marketing,"Negotiating a client contract"
EMP-3948,Customer Support,"Interviewing new candidates"
EMP-3506,Marketing,"Extracting numbers from PDFs"
EMP-3040,HR,"Data entry from invoices"
EMP-0489,Sales,"Scheduling calendar invites"
EMP-2119,Sales,"Extracting numbers from PDFs"
EMP-3223,HR,"High-level strategy planning"
EMP-3825,Marketing,"Scheduling calendar invites"
EMP-1717,Sales,"Copy-pasting emails into CRM"
EMP-1334,Marketing,"Scheduling calendar invites"
EMP-0054,Sales,"Copy-pasting emails into CRM"
EMP-2739,Sales,"Scheduling calendar invites"
EMP-3569,Sales,"Extracting numbers from PDFs"
EMP-2342,Sales,"Data entry from invoices"
EMP-1186,Marketing,"Interviewing new candidates"
EMP-2062,IT,"Data entry from invoices"
EMP-3285,Sales,"Formatting reports"
EMP-2842,IT,"Data entry from invoices"
EMP-3383,HR,"Interviewing new candidates"
EMP-0175,Marketing,"Scheduling calendar invites"
EMP-3766,IT,"Leading a brainstorming session"
EMP-3852,IT,"Designing a new brand logo"
EMP-3592,Sales,"Scheduling calendar invites"
EMP-3522,HR,"Designing a new brand logo"
EMP-2785,HR,"Copy-pasting emails into CRM"
EMP-1763,Sales,"Sorting spreadsheets"
EMP-2815,Sales,"Data entry from invoices"
EMP-0537,Sales,"Formatting reports"
EMP-1695,Customer Support,"Sorting spreadsheets"
EMP-3214,HR,"Interviewing new candidates"
EMP-3820,HR,"Data entry from invoices"
EMP-0863,Customer Support,"Sorting spreadsheets"
EMP-3911,Customer Support,"Negotiating a client contract"
EMP-0953,HR,"Negotiating a client contract"
EMP-3630,Marketing,"Extracting numbers from PDFs"
EMP-0729,Customer Support,"Formatting reports"
EMP-0555,IT,"Data entry from invoices"
EMP-3019,IT,"High-level strategy planning"
EMP-2421,HR,"Copy-pasting emails into CRM"
EMP-1720,Customer Support,"Formatting reports"
EMP-3453,HR,"Negotiating a client contract"
EMP-0561,HR,"Data entry from invoices"
EMP-1163,Sales,"Data entry from invoices"
EMP-2581,Sales,"Copy-pasting emails into CRM"
EMP-2927,HR,"High-level strategy planning"
EMP-1763,IT,"Data entry from invoices"
EMP-1500,Customer Support,"Interviewing new candidates"
EMP-0756,HR,"High-level strategy planning"
EMP-3222,Sales,"Extracting numbers from PDFs"
EMP-2061,IT,"Copy-pasting emails into CRM"
EMP-1024,IT,"Copy-pasting emails into CRM"
EMP-0162,Sales,"Scheduling calendar invites"
EMP-3229,Marketing,"Formatting reports"
EMP-0988,HR,"Leading a brainstorming session"
EMP-3258,Marketing,"Formatting reports"
EMP-0525,Sales,"Formatting reports"
EMP-0735,Marketing,"Data entry from invoices"
EMP-3488,Sales,"Formatting reports"
EMP-3013,Sales,"Data entry from invoices"
EMP-2970,IT,"Data entry from invoices"
EMP-1328,Marketing,"Sorting spreadsheets"
EMP-1488,HR,"Leading a brainstorming session"
EMP-2398,HR,"Data entry from invoices"
EMP-3357,Sales,"Data entry from invoices"
EMP-0250,Sales,"Formatting reports"
EMP-0782,Marketing,"Copy-pasting emails into CRM"
EMP-3675,Sales,"Interviewing new candidates"
EMP-1213,Sales,"Copy-pasting emails into CRM"
EMP-3397,Sales,"Interviewing new candidates"
EMP-3105,IT,"Designing a new brand logo"
EMP-0966,Sales,"Interviewing new candidates"
EMP-3869,Sales,"Copy-pasting emails into CRM"
EMP-3255,IT,"High-level strategy planning"
EMP-3061,IT,"Resolving employee conflict"
EMP-2018,Marketing,"Sorting spreadsheets"
EMP-2351,HR,"Copy-pasting emails into CRM"
EMP-2822,HR,"Interviewing new candidates"
EMP-1427,Marketing,"Data entry from invoices"
EMP-2921,Customer Support,"Interviewing new candidates"
EMP-3498,HR,"Interviewing new candidates"
EMP-3272,Sales,"Negotiating a client contract"
EMP-3512,Sales,"Data entry from invoices"
EMP-0882,Sales,"Negotiating a client contract"
EMP-3961,IT,"High-level strategy planning"
EMP-3732,IT,"Interviewing new candidates"
EMP-2208,HR,"Interviewing new candidates"
EMP-3750,Sales,"Interviewing new candidates"
EMP-0210,Marketing,"Copy-pasting emails into CRM"
EMP-0520,IT,"Designing a new brand logo"
EMP-1665,IT,"Copy-pasting emails into CRM"
EMP-1086,Sales,"Scheduling calendar invites"
EMP-3006,HR,"Data entry from invoices"
EMP-1770,IT,"Interviewing new candidates"
EMP-3148,IT,"Data entry from invoices"
EMP-3200,IT,"Interviewing new candidates"
EMP-3928,Sales,"Copy-pasting emails into CRM"
EMP-3848,Customer Support,"Data entry from invoices"
EMP-2401,Customer Support,"Negotiating a client contract"
EMP-3765,Sales,"Copy-pasting emails into CRM"
EMP-2487,IT,"Copy-pasting emails into CRM"
EMP-1009,Sales,"Sorting spreadsheets"
EMP-0623,Marketing,"Scheduling calendar invites"
EMP-3080,HR,"Resolving employee conflict"
EMP-2766,Sales,"Copy-pasting emails into CRM"
EMP-3933,Marketing,"Negotiating a client contract"
EMP-1782,Sales,"Interviewing new candidates"
EMP-0374,IT,"Designing a new brand logo"
EMP-2868,IT,"Leading a brainstorming session"
EMP-3967,Marketing,"Extracting numbers from PDFs"
EMP-0207,Marketing,"Scheduling calendar invites"
EMP-3929,IT,"Leading a brainstorming session"
EMP-0304,IT,"Copy-pasting emails into CRM"
EMP-1138,IT,"High-level strategy planning"
EMP-1504,Customer Support,"Extracting numbers from PDFs"
EMP-0821,HR,"Data entry from invoices"
EMP-3357,Marketing,"Scheduling calendar invites"
EMP-0494,Customer Support,"Copy-pasting emails into CRM"
EMP-2414,Customer Support,"Extracting numbers from PDFs"
EMP-1345,Customer Support,"Negotiating a client contract"
EMP-0364,IT,"High-level strategy planning"
EMP-3643,Sales,"Data entry from invoices"
EMP-2500,IT,"Designing a new brand logo"
EMP-1262,Marketing,"Scheduling calendar invites"
EMP-1641,HR,"Data entry from invoices"
EMP-1673,Marketing,"Sorting spreadsheets"
EMP-3237,HR,"Leading a brainstorming session"
EMP-2171,Sales,"Sorting spreadsheets"
EMP-3943,IT,"Interviewing new candidates"
EMP-1392,Marketing,"Formatting reports"
EMP-3780,Marketing,"Copy-pasting emails into CRM"
EMP-0716,Marketing,"Sorting spreadsheets"
EMP-2357,Sales,"Sorting spreadsheets"
EMP-0989,Customer Support,"Copy-pasting emails into CRM"
EMP-3821,Marketing,"Sorting spreadsheets"
EMP-0261,HR,"Leading a brainstorming session"
EMP-3396,Marketing,"Formatting reports"
EMP-1126,Sales,"Interviewing new candidates"
EMP-2911,Customer Support,"Interviewing new candidates"
EMP-0711,HR,"Negotiating a client contract"
EMP-1412,IT,"Copy-pasting emails into CRM"
EMP-1389,Marketing,"Data entry from invoices"
EMP-1103,Customer Support,"Formatting reports"
EMP-1224,Sales,"Extracting numbers from PDFs"
EMP-1187,Marketing,"Copy-pasting emails into CRM"
EMP-1757,Sales,"Formatting reports"
EMP-2740,Customer Support,"Formatting reports"
EMP-1715,HR,"Data entry from invoices"
EMP-0484,IT,"Data entry from invoices"
EMP-2490,HR,"Data entry from invoices"
EMP-3808,Sales,"Extracting numbers from PDFs"
EMP-3793,Marketing,"Sorting spreadsheets"
EMP-0531,Marketing,"Formatting reports"
EMP-1874,Sales,"Copy-pasting emails into CRM"
EMP-4000,Sales,"Data entry from invoices"
EMP-3289,Customer Support,"Negotiating a client contract"
EMP-2479,IT,"Negotiating a client contract"
EMP-3620,IT,"Interviewing new candidates"
EMP-2222,IT,"Copy-pasting emails into CRM"
EMP-2253,HR,"Data entry from invoices"
EMP-0583,Marketing,"Negotiating a client contract"
EMP-3296,HR,"Leading a brainstorming session"
EMP-3002,Sales,"Negotiating a client contract"
EMP-2276,Marketing,"Negotiating a client contract"
EMP-3851,Sales,"Sorting spreadsheets"
EMP-2894,IT,"Copy-pasting emails into CRM"
EMP-3437,Customer Support,"Scheduling calendar invites"
EMP-0067,IT,"Copy-pasting emails into CRM"
EMP-3478,Sales,"Scheduling calendar invites"
EMP-2352,Marketing,"Interviewing new candidates"
EMP-1893,Marketing,"Interviewing new candidates"
EMP-1188,Sales,"Formatting reports"
EMP-2582,Customer Support,"Negotiating a client contract"
EMP-2161,HR,"Interviewing new candidates"
EMP-3534,Sales,"Scheduling calendar invites"
EMP-0576,HR,"Negotiating a client contract"
EMP-1398,Marketing,"Copy-pasting emails into CRM"
EMP-0888,HR,"Designing a new brand logo"
EMP-2258,Sales,"Copy-pasting emails into CRM"
EMP-0993,Customer Support,"Negotiating a client contract"
EMP-2740,IT,"Data entry from invoices"
EMP-2197,Sales,"Scheduling calendar invites"
EMP-0518,IT,"Leading a brainstorming session"
EMP-1468,Marketing,"Extracting numbers from PDFs"
EMP-3785,Sales,"Interviewing new candidates"
EMP-0985,Sales,"Scheduling calendar invites"
EMP-1661,HR,"Resolving employee conflict"
EMP-1101,Sales,"Formatting reports"
EMP-1243,Marketing,"Interviewing new candidates"
EMP-2203,HR,"Copy-pasting emails into CRM"
EMP-2107,Sales,"Copy-pasting emails into CRM"
EMP-1692,Customer Support,"Extracting numbers from PDFs"
EMP-2144,Sales,"Extracting numbers from PDFs"
EMP-0976,IT,"Interviewing new candidates"
EMP-1021,Sales,"Scheduling calendar invites"
EMP-1624,HR,"Interviewing new candidates"
EMP-2044,Customer Support,"Scheduling calendar invites"
EMP-3127,IT,"High-level strategy planning"
EMP-1764,Marketing,"Extracting numbers from PDFs"
EMP-2229,Customer Support,"Extracting numbers from PDFs"
EMP-1858,Marketing,"Scheduling calendar invites"
EMP-2670,HR,"Designing a new brand logo"
EMP-2464,Sales,"Copy-pasting emails into CRM"
EMP-1187,Marketing,"Extracting numbers from PDFs"
EMP-0892,Sales,"Data entry from invoices"
EMP-3702,HR,"High-level strategy planning"
EMP-2049,Sales,"Interviewing new candidates"
EMP-1834,Customer Support,"Sorting spreadsheets"
EMP-3401,IT,"Data entry from invoices"
EMP-3072,Marketing,"Formatting reports"
EMP-1712,Sales,"Extracting numbers from PDFs"
EMP-1331,HR,"Resolving employee conflict"
EMP-3022,IT,"Designing a new brand logo"
EMP-1767,Sales,"Formatting reports"
EMP-0738,Sales,"Extracting numbers from PDFs"
EMP-1945,Marketing,"Interviewing new candidates"
EMP-0279,Sales,"Copy-pasting emails into CRM"
EMP-0462,IT,"Copy-pasting emails into CRM"
EMP-1763,HR,"Leading a brainstorming session"
EMP-1922,IT,"Resolving employee conflict"
EMP-0471,Marketing,"Formatting reports"
EMP-0182,Marketing,"Copy-pasting emails into CRM"
EMP-3586,HR,"Data entry from invoices"
EMP-0971,HR,"Designing a new brand logo"
EMP-2942,IT,"Copy-pasting emails into CRM"
EMP-2193,Customer Support,"Data entry from invoices"
EMP-0763,Customer Support,"Extracting numbers from PDFs"
EMP-2263,Sales,"Extracting numbers from PDFs"
EMP-3229,Sales,"Interviewing new candidates"
EMP-0048,Marketing,"Interviewing new candidates"
EMP-1984,Customer Support,"Scheduling calendar invites"
EMP-1255,HR,"Leading a brainstorming session"
EMP-2840,HR,"Resolving employee conflict"
EMP-0085,Customer Support,"Sorting spreadsheets"
EMP-1005,Marketing,"Extracting numbers from PDFs"
EMP-2682,Customer Support,"Interviewing new candidates"
EMP-0149,IT,"High-level strategy planning"
EMP-1594,HR,"High-level strategy planning"
EMP-3088,Marketing,"Data entry from invoices"
EMP-2508,Marketing,"Negotiating a client contract"
EMP-1313,Sales,"Sorting spreadsheets"
EMP-2909,Sales,"Interviewing new candidates"
EMP-1895,Marketing,"Interviewing new candidates"
EMP-0366,Marketing,"Copy-pasting emails into CRM"
EMP-3417,IT,"High-level strategy planning"
EMP-2949,Customer Support,"Formatting reports"
EMP-3924,Sales,"Interviewing new candidates"
EMP-3026,IT,"Interviewing new candidates"
EMP-2666,HR,"High-level strategy planning"
EMP-1689,HR,"Resolving employee conflict"
EMP-2567,Sales,"Formatting reports"
EMP-3816,IT,"Resolving employee conflict"
EMP-1612,IT,"Negotiating a client contract"
EMP-2294,IT,"Copy-pasting emails into CRM"
EMP-1899,Customer Support,"Copy-pasting emails into CRM"
EMP-0164,Marketing,"Copy-pasting emails into CRM"
EMP-2220,Marketing,"Data entry from invoices"
EMP-3395,IT,"Copy-pasting emails into CRM"
EMP-1722,Sales,"Copy-pasting emails into CRM"
EMP-2609,Sales,"Copy-pasting emails into CRM"
EMP-3908,HR,"Interviewing new candidates"
EMP-1848,Sales,"Extracting numbers from PDFs"
EMP-1451,Marketing,"Extracting numbers from PDFs"
EMP-2152,Sales,"Copy-pasting emails into CRM"
EMP-2227,HR,"Copy-pasting emails into CRM"
EMP-1596,Customer Support,"Scheduling calendar invites"
EMP-1935,Customer Support,"Negotiating a client contract"
EMP-3053,HR,"Negotiating a client contract"
EMP-1038,Sales,"Formatting reports"
EMP-0941,Customer Support,"Interviewing new candidates"
EMP-2364,Customer Support,"Copy-pasting emails into CRM"
EMP-3758,Sales,"Scheduling calendar invites"
EMP-1107,Customer Support,"Interviewing new candidates"
EMP-1320,Customer Support,"Formatting reports"
EMP-3052,IT,"Designing a new brand logo"
EMP-2978,Customer Support,"Copy-pasting emails into CRM"
EMP-2253,Sales,"Extracting numbers from PDFs"
EMP-3405,Customer Support,"Formatting reports"
EMP-1673,Customer Support,"Copy-pasting emails into CRM"
EMP-1431,Sales,"Extracting numbers from PDFs"
EMP-0909,HR,"Negotiating a client contract"
EMP-2402,Marketing,"Extracting numbers from PDFs"
EMP-3097,Customer Support,"Formatting reports"
EMP-1310,Customer Support,"Negotiating a client contract"
EMP-0927,Sales,"Interviewing new candidates"
EMP-1491,HR,"Data entry from invoices"
EMP-3262,Marketing,"Negotiating a client contract"
EMP-2015,Sales,"Negotiating a client contract"
EMP-3255,HR,"High-level strategy planning"
EMP-1883,HR,"Designing a new brand logo"
EMP-3508,Sales,"Copy-pasting emails into CRM"
EMP-2204,IT,"Interviewing new candidates"
EMP-0949,IT,"Data entry from invoices"
EMP-3409,IT,"Leading a brainstorming session"
EMP-2523,HR,"Negotiating a client contract"
EMP-0381,Customer Support,"Data entry from invoices"
EMP-0690,Marketing,"Formatting reports"
EMP-2173,Sales,"Scheduling calendar invites"
EMP-1141,Sales,"Sorting spreadsheets"
EMP-3411,HR,"Interviewing new candidates"
EMP-2729,IT,"Data entry from invoices"
EMP-0342,Customer Support,"Sorting spreadsheets"
EMP-1235,HR,"Resolving employee conflict"
EMP-0040,HR,"Copy-pasting emails into CRM"
EMP-3207,Sales,"Data entry from invoices"
EMP-1556,Marketing,"Formatting reports"
EMP-1021,IT,"Copy-pasting emails into CRM"
EMP-0280,IT,"Designing a new brand logo"
EMP-3225,HR,"Leading a brainstorming session"
EMP-3544,HR,"Resolving employee conflict"
EMP-0525,IT,"Resolving employee conflict"
EMP-3955,IT,"Negotiating a client contract"
EMP-1473,HR,"Designing a new brand logo"
EMP-0058,Customer Support,"Copy-pasting emails into CRM"
EMP-3354,IT,"High-level strategy planning"
EMP-2070,HR,"Interviewing new candidates"
EMP-1937,Customer Support,"Scheduling calendar invites"
EMP-3997,IT,"Copy-pasting emails into CRM"
EMP-1524,Sales,"Interviewing new candidates"
EMP-1968,Marketing,"Scheduling calendar invites"
EMP-2711,Marketing,"Negotiating a client contract"
EMP-0371,Marketing,"Negotiating a client contract"
EMP-1866,IT,"High-level strategy planning"
EMP-1141,IT,"Leading a brainstorming session"
EMP-0978,Sales,"Copy-pasting emails into CRM"
EMP-3080,Customer Support,"Sorting spreadsheets"
EMP-3868,IT,"Interviewing new candidates"
EMP-1936,Sales,"Formatting reports"
EMP-2914,IT,"Designing a new brand logo"
EMP-3985,Customer Support,"Scheduling calendar invites"
EMP-0316,Customer Support,"Formatting reports"
EMP-1267,IT,"Leading a brainstorming session"
EMP-3643,Marketing,"Scheduling calendar invites"
EMP-1447,IT,"Copy-pasting emails into CRM"
EMP-2130,Sales,"Formatting reports"
EMP-1976,Customer Support,"Formatting reports"
EMP-2188,Sales,"Formatting reports"
EMP-3110,Marketing,"Copy-pasting emails into CRM"
EMP-1908,Customer Support,"Scheduling calendar invites"
EMP-2943,Customer Support,"Negotiating a client contract"
EMP-1927,HR,"Interviewing new candidates"
EMP-2718,Customer Support,"Copy-pasting emails into CRM"
EMP-0867,Customer Support,"Copy-pasting emails into CRM"
EMP-2328,IT,"Copy-pasting emails into CRM"
EMP-0333,Marketing,"Formatting reports"
EMP-3210,HR,"Copy-pasting emails into CRM"
EMP-2601,Customer Support,"Interviewing new candidates"
EMP-1706,Marketing,"Data entry from invoices"
EMP-0698,Customer Support,"Data entry from invoices"
EMP-3508,Sales,"Sorting spreadsheets"
EMP-3925,Sales,"Extracting numbers from PDFs"
EMP-0677,Sales,"Data entry from invoices"
EMP-0854,Customer Support,"Scheduling calendar invites"
EMP-3570,Marketing,"Negotiating a client contract"
EMP-0823,IT,"Negotiating a client contract"
EMP-2308,Marketing,"Sorting spreadsheets"
EMP-1522,Customer Support,"Sorting spreadsheets"
EMP-2467,Sales,"Copy-pasting emails into CRM"
EMP-1035,Marketing,"Negotiating a client contract"
EMP-1300,Customer Support,"Sorting spreadsheets"
EMP-2433,Sales,"Extracting numbers from PDFs"
EMP-3435,Marketing,"Extracting numbers from PDFs"
EMP-0320,Sales,"Formatting reports"
EMP-0701,HR,"High-level strategy planning"
EMP-2990,Marketing,"Interviewing new candidates"
EMP-0720,Customer Support,"Formatting reports"
EMP-2066,Sales,"Extracting numbers from PDFs"
EMP-2810,Marketing,"Copy-pasting emails into CRM"
EMP-0715,Sales,"Negotiating a client contract"
EMP-1303,HR,"Leading a brainstorming session"
EMP-2504,Sales,"Formatting reports"
EMP-0575,Marketing,"Interviewing new candidates"
EMP-1952,Customer Support,"Formatting reports"
EMP-1192,HR,"Data entry from invoices"
EMP-1343,IT,"Interviewing new candidates"
EMP-2296,Sales,"Negotiating a client contract"
EMP-2398,HR,"Copy-pasting emails into CRM"
EMP-1538,Sales,"Scheduling calendar invites"
EMP-0210,HR,"Negotiating a client contract"
EMP-1100,Marketing,"Copy-pasting emails into CRM"
EMP-0550,Customer Support,"Sorting spreadsheets"
EMP-3304,HR,"Data entry from invoices"
EMP-0275,IT,"Data entry from invoices"
EMP-0715,Customer Support,"Interviewing new candidates"
EMP-2889,Customer Support,"Data entry from invoices"
EMP-3042,HR,"Interviewing new candidates"
EMP-3324,HR,"Copy-pasting emails into CRM"
EMP-2373,Customer Support,"Negotiating a client contract"
EMP-2358,Sales,"Formatting reports"
EMP-1451,IT,"High-level strategy planning"
EMP-3547,Marketing,"Copy-pasting emails into CRM"
EMP-1181,IT,"Copy-pasting emails into CRM"
EMP-0578,HR,"Interviewing new candidates"
EMP-3539,Customer Support,"Formatting reports"
EMP-3448,Customer Support,"Sorting spreadsheets"
EMP-1718,Sales,"Formatting reports"
EMP-2868,Sales,"Copy-pasting emails into CRM"
EMP-3532,IT,"High-level strategy planning"
EMP-0669,IT,"Designing a new brand logo"
EMP-1364,Sales,"Formatting reports"
EMP-2621,Marketing,"Sorting spreadsheets"
EMP-2691,HR,"Interviewing new candidates"
EMP-2813,Marketing,"Scheduling calendar invites"
EMP-2805,Sales,"Sorting spreadsheets"
EMP-2892,Customer Support,"Interviewing new candidates"
EMP-2856,IT,"High-level strategy planning"
EMP-3616,Sales,"Sorting spreadsheets"
EMP-0458,IT,"Copy-pasting emails into CRM"
EMP-0783,Sales,"Sorting spreadsheets"
EMP-2918,HR,"High-level strategy planning"
EMP-1616,HR,"Leading a brainstorming session"
EMP-1701,Customer Support,"Formatting reports"
EMP-0105,Marketing,"Negotiating a client contract"
EMP-3522,HR,"Interviewing new candidates"
EMP-2972,Sales,"Sorting spreadsheets"
EMP-0070,Marketing,"Interviewing new candidates"
EMP-3691,Marketing,"Formatting reports"
EMP-3634,HR,"Leading a brainstorming session"
EMP-2094,Sales,"Data entry from invoices"
EMP-2714,IT,"Data entry from invoices"
EMP-3455,Customer Support,"Sorting spreadsheets"
EMP-1313,HR,"Copy-pasting emails into CRM"
EMP-0874,Customer Support,"Scheduling calendar invites"
EMP-1004,HR,"Interviewing new candidates"
EMP-1243,IT,"Data entry from invoices"
EMP-1087,Marketing,"Formatting reports"
EMP-3647,Marketing,"Extracting numbers from PDFs"
EMP-0923,HR,"Copy-pasting emails into CRM"
EMP-2838,Sales,"Copy-pasting emails into CRM"
EMP-1685,HR,"Designing a new brand logo"
EMP-0682,Marketing,"Formatting reports"
EMP-1941,IT,"Leading a brainstorming session"
EMP-1542,Sales,"Data entry from invoices"
EMP-0105,Customer Support,"Sorting spreadsheets"
EMP-3072,HR,"High-level strategy planning"
EMP-0591,Marketing,"Interviewing new candidates"
EMP-3439,IT,"Designing a new brand logo"
EMP-1621,IT,"Copy-pasting emails into CRM"
EMP-1202,Customer Support,"Extracting numbers from PDFs"
EMP-2565,Sales,"Sorting spreadsheets"
EMP-1871,HR,"Data entry from invoices"
EMP-1931,Customer Support,"Formatting reports"
EMP-1306,Sales,"Interviewing new candidates"
EMP-0904,Marketing,"Extracting numbers from PDFs"
EMP-2551,Sales,"Extracting numbers from PDFs"
EMP-3856,Marketing,"Scheduling calendar invites"
EMP-1983,IT,"High-level strategy planning"
EMP-3621,HR,"Designing a new brand logo"
EMP-0027,IT,"Designing a new brand logo"
EMP-0377,HR,"Copy-pasting emails into CRM"
EMP-2354,Sales,"Data entry from invoices"
EMP-1097,IT,"Designing a new brand logo"
EMP-3860,Customer Support,"Sorting spreadsheets"
EMP-2303,Sales,"Sorting spreadsheets"
EMP-0780,Sales,"Copy-pasting emails into CRM"
EMP-0859,Marketing,"Copy-pasting emails into CRM"
EMP-1130,Sales,"Formatting reports"
EMP-0300,Sales,"Copy-pasting emails into CRM"
EMP-1931,Customer Support,"Data entry from invoices"
EMP-0401,HR,"Interviewing new candidates"
EMP-0046,HR,"Copy-pasting emails into CRM"
EMP-3449,HR,"Leading a brainstorming session"
EMP-2746,IT,"Negotiating a client contract"
EMP-3373,Customer Support,"Formatting reports"
EMP-2126,Marketing,"Data entry from invoices"
EMP-0991,Sales,"Scheduling calendar invites"
EMP-2185,IT,"Data entry from invoices"
EMP-0947,Sales,"Copy-pasting emails into CRM"
EMP-0480,Sales,"Formatting reports"
EMP-1680,IT,"Copy-pasting emails into CRM"
EMP-0954,Marketing,"Sorting spreadsheets"
EMP-1268,Customer Support,"Formatting reports"
EMP-2397,IT,"Resolving employee conflict"
EMP-3309,Marketing,"Copy-pasting emails into CRM"
EMP-0639,Customer Support,"Extracting numbers from PDFs"
EMP-3128,Sales,"Negotiating a client contract"
EMP-1328,Customer Support,"Scheduling calendar invites"
EMP-0341,Sales,"Sorting spreadsheets"
EMP-0130,Customer Support,"Formatting reports"
EMP-3266,Customer Support,"Negotiating a client contract"
EMP-3649,Sales,"Sorting spreadsheets"
EMP-0861,Customer Support,"Data entry from invoices"
EMP-2949,Sales,"Data entry from invoices"
EMP-0353,Customer Support,"Copy-pasting emails into CRM"
EMP-1121,HR,"Copy-pasting emails into CRM"
EMP-3041,HR,"Copy-pasting emails into CRM"
EMP-0029,Sales,"Formatting reports"
EMP-0760,IT,"Leading a brainstorming session"
EMP-2427,HR,"Interviewing new candidates"
EMP-1799,IT,"High-level strategy planning"
EMP-2960,Sales,"Data entry from invoices"
EMP-0984,Marketing,"Interviewing new candidates"
EMP-1429,Marketing,"Sorting spreadsheets"
EMP-2258,Marketing,"Negotiating a client contract"
EMP-3482,Sales,"Extracting numbers from PDFs"
EMP-1080,Sales,"Interviewing new candidates"
EMP-1535,IT,"Negotiating a client contract"
EMP-3437,IT,"Leading a brainstorming session"
EMP-1520,Marketing,"Scheduling calendar invites"
EMP-1968,Sales,"Extracting numbers from PDFs"
EMP-1875,Sales,"Negotiating a client contract"
EMP-3317,Customer Support,"Interviewing new candidates"
EMP-0484,Customer Support,"Extracting numbers from PDFs"
EMP-2618,Sales,"Formatting reports"
EMP-3025,Marketing,"Negotiating a client contract"
EMP-3221,HR,"Negotiating a client contract"
EMP-2486,Marketing,"Scheduling calendar invites"
EMP-1401,HR,"Designing a new brand logo"
EMP-2048,HR,"Designing a new brand logo"
EMP-3281,HR,"Designing a new brand logo"
EMP-1493,IT,"High-level strategy planning"
EMP-3244,Customer Support,"Negotiating a client contract"
EMP-1020,Sales,"Sorting spreadsheets"
EMP-0372,Customer Support,"Sorting spreadsheets"
EMP-3107,HR,"Negotiating a client contract"
EMP-1164,HR,"High-level strategy planning"
EMP-1845,Marketing,"Scheduling calendar invites"
EMP-2701,Sales,"Copy-pasting emails into CRM"
EMP-1092,IT,"Data entry from invoices"
EMP-2643,IT,"Negotiating a client contract"
EMP-1715,Marketing,"Copy-pasting emails into CRM"
EMP-3315,Customer Support,"Data entry from invoices"
EMP-0847,Marketing,"Scheduling calendar invites"
EMP-0616,Customer Support,"Data entry from invoices"
EMP-3819,Sales,"Data entry from invoices"
EMP-0874,IT,"High-level strategy planning"
EMP-2563,Customer Support,"Negotiating a client contract"
EMP-3190,Sales,"Interviewing new candidates"
EMP-0600,IT,"Resolving employee conflict"
EMP-0570,Customer Support,"Copy-pasting emails into CRM"
EMP-0412,IT,"Data entry from invoices"
EMP-3786,IT,"High-level strategy planning"
EMP-3013,Marketing,"Scheduling calendar invites"
EMP-0108,Sales,"Scheduling calendar invites"
EMP-0714,HR,"Negotiating a client contract"
EMP-2646,Marketing,"Copy-pasting emails into CRM"
EMP-2164,HR,"High-level strategy planning"
EMP-2497,Marketing,"Formatting reports"
EMP-2024,HR,"Copy-pasting emails into CRM"
EMP-1127,IT,"Data entry from invoices"
EMP-1690,HR,"High-level strategy planning"
EMP-1386,Sales,"Sorting spreadsheets"
EMP-2521,IT,"Designing a new brand logo"
EMP-2672,Customer Support,"Extracting numbers from PDFs"
EMP-2497,Marketing,"Formatting reports"
EMP-3798,Customer Support,"Data entry from invoices"
EMP-3137,HR,"Designing a new brand logo"
EMP-0910,Sales,"Copy-pasting emails into CRM"
EMP-2645,HR,"Data entry from invoices"
EMP-2858,Sales,"Formatting reports"
EMP-3026,Marketing,"Negotiating a client contract"
EMP-3610,Sales,"Scheduling calendar invites"
EMP-0257,IT,"Leading a brainstorming session"
EMP-0405,Customer Support,"Negotiating a client contract"
EMP-0882,Marketing,"Data entry from invoices"
EMP-0042,Sales,"Sorting spreadsheets"
EMP-1868,IT,"Negotiating a client contract"
EMP-1992,Marketing,"Data entry from invoices"
EMP-2185,IT,"Copy-pasting emails into CRM"
EMP-0732,Sales,"Sorting spreadsheets"
EMP-2732,IT,"Negotiating a client contract"
EMP-0795,Marketing,"Copy-pasting emails into CRM"
EMP-2147,Customer Support,"Formatting reports"
EMP-2994,Customer Support,"Interviewing new candidates"
EMP-2291,IT,"Data entry from invoices"
EMP-0717,IT,"Data entry from invoices"
EMP-0299,IT,"Interviewing new candidates"
EMP-3824,Sales,"Extracting numbers from PDFs"
EMP-2829,Sales,"Sorting spreadsheets"
EMP-0546,Marketing,"Sorting spreadsheets"
EMP-0956,HR,"Interviewing new candidates"
EMP-2534,Marketing,"Formatting reports"
EMP-0110,Customer Support,"Sorting spreadsheets"
EMP-1716,IT,"Copy-pasting emails into CRM"
EMP-0843,Marketing,"Extracting numbers from PDFs"
EMP-0190,Marketing,"Interviewing new candidates"
EMP-3502,HR,"Data entry from invoices"
EMP-2096,Sales,"Sorting spreadsheets"
EMP-1627,Sales,"Data entry from invoices"
EMP-1629,Marketing,"Extracting numbers from PDFs"
EMP-1741,IT,"Negotiating a client contract"
EMP-3046,IT,"Resolving employee conflict"
EMP-1435,Marketing,"Scheduling calendar invites"
EMP-2703,IT,"Negotiating a client contract"
EMP-2617,HR,"Leading a brainstorming session"
EMP-3032,Customer Support,"Negotiating a client contract"
EMP-0520,Marketing,"Copy-pasting emails into CRM"
EMP-2085,Marketing,"Scheduling calendar invites"
EMP-3267,Sales,"Sorting spreadsheets"
EMP-3277,IT,"Designing a new brand logo"
EMP-0685,IT,"Designing a new brand logo"
EMP-1690,Sales,"Negotiating a client contract"
EMP-1225,Marketing,"Copy-pasting emails into CRM"
EMP-0332,HR,"Designing a new brand logo"
EMP-1854,Customer Support,"Data entry from invoices"
EMP-1224,HR,"Copy-pasting emails into CRM"
EMP-3574,Customer Support,"Extracting numbers from PDFs"
EMP-3833,HR,"High-level strategy planning"
EMP-1886,HR,"Designing a new brand logo"
EMP-0676,Customer Support,"Scheduling calendar invites"
EMP-3745,HR,"Designing a new brand logo"
EMP-1680,IT,"Negotiating a client contract"
EMP-2950,Customer Support,"Negotiating a client contract"
EMP-3847,Customer Support,"Data entry from invoices"
EMP-2761,IT,"Copy-pasting emails into CRM"
EMP-0842,Marketing,"Copy-pasting emails into CRM"
EMP-2230,Customer Support,"Formatting reports"
EMP-1779,Customer Support,"Negotiating a client contract"
EMP-2502,IT,"High-level strategy planning"
EMP-0278,HR,"Copy-pasting emails into CRM"
EMP-1836,Customer Support,"Interviewing new candidates"
EMP-2719,Sales,"Negotiating a client contract"
EMP-0807,HR,"Negotiating a client contract"
EMP-3321,HR,"Negotiating a client contract"
EMP-0149,Customer Support,"Formatting reports"
EMP-0943,Customer Support,"Data entry from invoices"
EMP-1752,Marketing,"Copy-pasting emails into CRM"
EMP-2753,Marketing,"Negotiating a client contract"
EMP-2002,Marketing,"Sorting spreadsheets"
EMP-2350,HR,"Data entry from invoices"
EMP-1427,Customer Support,"Sorting spreadsheets"
EMP-3614,HR,"Designing a new brand logo"
EMP-0164,Marketing,"Data entry from invoices"
EMP-3674,Sales,"Scheduling calendar invites"
EMP-2356,Sales,"Scheduling calendar invites"
EMP-3167,Sales,"Scheduling calendar invites"
EMP-3128,HR,"Resolving employee conflict"
EMP-0693,HR,"Copy-pasting emails into CRM"
EMP-0401,Sales,"Data entry from invoices"
EMP-3909,Customer Support,"Formatting reports"
EMP-3846,HR,"Leading a brainstorming session"
EMP-3077,Sales,"Formatting reports"
EMP-3804,Customer Support,"Extracting numbers from PDFs"
EMP-1129,Marketing,"Interviewing new candidates"
EMP-3850,Marketing,"Scheduling calendar invites"
EMP-1363,Customer Support,"Extracting numbers from PDFs"
EMP-1822,HR,"Leading a brainstorming session"
EMP-1724,Customer Support,"Negotiating a client contract"
EMP-3374,IT,"Negotiating a client contract"
EMP-2721,Customer Support,"Sorting spreadsheets"
EMP-1107,IT,"High-level strategy planning"
EMP-0084,Customer Support,"Extracting numbers from PDFs"
EMP-0998,HR,"Resolving employee conflict"
EMP-2130,Customer Support,"Formatting reports"
EMP-0822,Customer Support,"Scheduling calendar invites"
EMP-1657,Customer Support,"Sorting spreadsheets"
EMP-1358,Sales,"Formatting reports"
EMP-2726,Marketing,"Copy-pasting emails into CRM"
EMP-3111,HR,"High-level strategy planning"
EMP-3239,HR,"Interviewing new candidates"
EMP-1133,Sales,"Sorting spreadsheets"
EMP-0750,Marketing,"Copy-pasting emails into CRM"
EMP-1554,Customer Support,"Scheduling calendar invites"
EMP-0170,Sales,"Copy-pasting emails into CRM"
EMP-2692,Sales,"Sorting spreadsheets"
EMP-1481,Marketing,"Interviewing new candidates"
EMP-1250,Sales,"Formatting reports"
EMP-3041,IT,"Leading a brainstorming session"
EMP-1004,Sales,"Sorting spreadsheets"
EMP-2901,Customer Support,"Formatting reports"
EMP-0556,Sales,"Scheduling calendar invites"
EMP-2518,HR,"Interviewing new candidates"
EMP-0182,Marketing,"Scheduling calendar invites"
EMP-2541,IT,"Resolving employee conflict"
EMP-0281,HR,"Designing a new brand logo"
EMP-1350,Marketing,"Formatting reports"
EMP-2012,Customer Support,"Formatting reports"
EMP-1639,IT,"High-level strategy planning"
EMP-1760,HR,"Resolving employee conflict"
EMP-1382,Sales,"Sorting spreadsheets"
EMP-0066,HR,"Copy-pasting emails into CRM"
EMP-3961,IT,"Designing a new brand logo"
EMP-3058,Marketing,"Interviewing new candidates"
EMP-2890,HR,"Resolving employee conflict"
EMP-1833,IT,"Data entry from invoices"
EMP-0471,HR,"Data entry from invoices"
EMP-3989,Customer Support,"Copy-pasting emails into CRM"
EMP-2813,HR,"Negotiating a client contract"
EMP-3897,Customer Support,"Formatting reports"
EMP-0545,HR,"Resolving employee conflict"
EMP-3606,Sales,"Extracting numbers from PDFs"
EMP-2338,IT,"Designing a new brand logo"
EMP-2853,IT,"Designing a new brand logo"
EMP-2287,IT,"Interviewing new candidates"
EMP-1615,HR,"High-level strategy planning"
EMP-1663,Customer Support,"Copy-pasting emails into CRM"
EMP-3758,Sales,"Negotiating a client contract"
EMP-0768,HR,"High-level strategy planning"
EMP-0144,Marketing,"Data entry from invoices"
EMP-3806,Sales,"Data entry from invoices"
EMP-3128,Marketing,"Scheduling calendar invites"
EMP-0526,IT,"Interviewing new candidates"
EMP-0664,Customer Support,"Formatting reports"
EMP-0289,IT,"Designing a new brand logo"
EMP-3777,Customer Support,"Sorting spreadsheets"
EMP-2783,Customer Support,"Data entry from invoices"
EMP-2770,HR,"Designing a new brand logo"
EMP-3600,Marketing,"Data entry from invoices"
EMP-1797,HR,"Leading a brainstorming session"
EMP-3017,Customer Support,"Formatting reports"
EMP-3098,IT,"Interviewing new candidates"
EMP-1550,Customer Support,"Interviewing new candidates"
EMP-0244,Marketing,"Copy-pasting emails into CRM"
EMP-2689,HR,"Interviewing new candidates"
EMP-1671,IT,"Leading a brainstorming session"
EMP-3936,IT,"Leading a brainstorming session"
EMP-1038,Sales,"Copy-pasting emails into CRM"
EMP-1080,Customer Support,"Interviewing new candidates"
EMP-3162,HR,"Leading a brainstorming session"
EMP-3993,Sales,"Formatting reports"
EMP-2741,Customer Support,"Extracting numbers from PDFs"
EMP-0107,HR,"Designing a new brand logo"
EMP-0760,Marketing,"Sorting spreadsheets"
EMP-2751,Customer Support,"Sorting spreadsheets"
EMP-2914,IT,"High-level strategy planning"
EMP-3634,Customer Support,"Scheduling calendar invites"
EMP-3278,HR,"Copy-pasting emails into CRM"
EMP-2743,Customer Support,"Scheduling calendar invites"
EMP-0616,Marketing,"Formatting reports"
EMP-1962,HR,"Negotiating a client contract"
EMP-0514,Sales,"Sorting spreadsheets"
EMP-1937,Marketing,"Extracting numbers from PDFs"
EMP-2337,HR,"High-level strategy planning"
EMP-0963,Marketing,"Extracting numbers from PDFs"
EMP-3841,IT,"High-level strategy planning"
EMP-2646,HR,"Copy-pasting emails into CRM"
EMP-2774,Sales,"Sorting spreadsheets"
EMP-2147,IT,"Leading a brainstorming session"
EMP-0675,Sales,"Scheduling calendar invites"
EMP-3416,Customer Support,"Extracting numbers from PDFs"
EMP-0101,IT,"Negotiating a client contract"
EMP-3087,HR,"Data entry from invoices"
EMP-1206,Marketing,"Sorting spreadsheets"
EMP-1038,Marketing,"Scheduling calendar invites"
EMP-3749,Sales,"Data entry from invoices"
EMP-3226,Marketing,"Formatting reports"
EMP-1627,IT,"Designing a new brand logo"
EMP-2997,Sales,"Scheduling calendar invites"
EMP-3515,HR,"Copy-pasting emails into CRM"
EMP-3601,Customer Support,"Negotiating a client contract"
EMP-3871,Marketing,"Data entry from invoices"
EMP-2619,Sales,"Extracting numbers from PDFs"
EMP-2747,IT,"Resolving employee conflict"
EMP-1380,IT,"Data entry from invoices"
EMP-0715,Marketing,"Formatting reports"
EMP-0403,IT,"Negotiating a client contract"
EMP-3637,HR,"Negotiating a client contract"
EMP-1688,IT,"Copy-pasting emails into CRM"
EMP-0514,Sales,"Formatting reports"
EMP-3556,Sales,"Formatting reports"
EMP-1932,HR,"High-level strategy planning"
EMP-0994,HR,"Leading a brainstorming session"
EMP-0327,Sales,"Sorting spreadsheets"
EMP-0122,HR,"Data entry from invoices"
EMP-2034,IT,"Interviewing new candidates"
EMP-0346,IT,"Negotiating a client contract"
EMP-0358,Marketing,"Negotiating a client contract"
EMP-3278,Marketing,"Formatting reports"
EMP-2741,HR,"Leading a brainstorming session"
EMP-0669,Marketing,"Formatting reports"
EMP-0562,Marketing,"Negotiating a client contract"
EMP-1741,Sales,"Interviewing new candidates"
EMP-2121,HR,"Resolving employee conflict"
EMP-2435,Marketing,"Data entry from invoices"
EMP-0571,Sales,"Data entry from invoices"
EMP-3024,IT,"Copy-pasting emails into CRM"
EMP-1609,IT,"Resolving employee conflict"
EMP-3240,IT,"Copy-pasting emails into CRM"
EMP-0168,Customer Support,"Sorting spreadsheets"
EMP-0189,Sales,"Sorting spreadsheets"
EMP-3262,Sales,"Negotiating a client contract"
EMP-3447,HR,"Resolving employee conflict"
EMP-1414,HR,"Data entry from invoices"
EMP-1749,Customer Support,"Copy-pasting emails into CRM"
EMP-2593,Sales,"Interviewing new candidates"
EMP-0979,HR,"Designing a new brand logo"
EMP-1050,Customer Support,"Interviewing new candidates"
EMP-3610,HR,"Negotiating a client contract"
EMP-0746,Sales,"Scheduling calendar invites"
EMP-2163,Customer Support,"Interviewing new candidates"
EMP-1022,HR,"Negotiating a client contract"
EMP-0617,Marketing,"Sorting spreadsheets"
EMP-1138,IT,"Designing a new brand logo"
EMP-1588,HR,"Data entry from invoices"
EMP-1909,HR,"Copy-pasting emails into CRM"
EMP-1225,Marketing,"Sorting spreadsheets"
EMP-3415,HR,"High-level strategy planning"
EMP-3632,HR,"Designing a new brand logo"
EMP-0593,Customer Support,"Copy-pasting emails into CRM"
EMP-1743,Marketing,"Sorting spreadsheets"
EMP-2233,Customer Support,"Formatting reports"
EMP-2154,Customer Support,"Interviewing new candidates"
EMP-0783,HR,"Interviewing new candidates"
EMP-3836,Customer Support,"Formatting reports"
EMP-3295,Customer Support,"Negotiating a client contract"
EMP-0948,IT,"Designing a new brand logo"
EMP-2578,Marketing,"Negotiating a client contract"
EMP-3396,Sales,"Interviewing new candidates"
EMP-1562,Marketing,"Sorting spreadsheets"
EMP-2231,Marketing,"Interviewing new candidates"
EMP-3689,Sales,"Copy-pasting emails into CRM"
EMP-0121,IT,"Data entry from invoices"
EMP-1536,IT,"Negotiating a client contract"
EMP-2199,Customer Support,"Negotiating a client contract"
EMP-2888,IT,"Copy-pasting emails into CRM"
EMP-2918,Customer Support,"Sorting spreadsheets"
EMP-2022,HR,"Interviewing new candidates"
EMP-1260,IT,"Copy-pasting emails into CRM"
EMP-0182,Marketing,"Scheduling calendar invites"
EMP-3630,Sales,"Formatting reports"
EMP-0600,Customer Support,"Scheduling calendar invites"
EMP-3423,IT,"Interviewing new candidates"
EMP-0232,IT,"Copy-pasting emails into CRM"
EMP-3301,IT,"Interviewing new candidates"
EMP-3456,HR,"Copy-pasting emails into CRM"
EMP-2418,Customer Support,"Copy-pasting emails into CRM"
EMP-0977,IT,"Designing a new brand logo"
EMP-1444,IT,"Designing a new brand logo"
EMP-0219,Customer Support,"Scheduling calendar invites"
EMP-0068,Sales,"Negotiating a client contract"
EMP-0374,HR,"Copy-pasting emails into CRM"
EMP-2855,IT,"Interviewing new candidates"
EMP-2827,Marketing,"Copy-pasting emails into CRM"
EMP-3945,Sales,"Copy-pasting emails into CRM"
EMP-2104,Marketing,"Data entry from invoices"
EMP-2505,Customer Support,"Copy-pasting emails into CRM"
EMP-0994,Customer Support,"Scheduling calendar invites"
EMP-2167,IT,"Interviewing new candidates"
EMP-2167,Marketing,"Scheduling calendar invites"
EMP-2768,Customer Support,"Extracting numbers from PDFs"
EMP-3829,Customer Support,"Extracting numbers from PDFs"
EMP-0774,Sales,"Extracting numbers from PDFs"
EMP-0574,Customer Support,"Scheduling calendar invites"
EMP-2889,Customer Support,"Extracting numbers from PDFs"
EMP-3120,HR,"Copy-pasting emails into CRM"
EMP-0420,Sales,"Sorting spreadsheets"
EMP-0469,IT,"High-level strategy planning"
EMP-3206,HR,"Interviewing new candidates"
EMP-2269,Marketing,"Extracting numbers from PDFs"
EMP-3854,Sales,"Scheduling calendar invites"
EMP-3546,Customer Support,"Sorting spreadsheets"
EMP-2695,Marketing,"Data entry from invoices"
EMP-0374,Marketing,"Formatting reports"
EMP-1915,Marketing,"Scheduling calendar invites"
EMP-0750,HR,"Leading a brainstorming session"
EMP-0628,Marketing,"Formatting reports"
EMP-1060,Customer Support,"Data entry from invoices"
EMP-3453,Sales,"Sorting spreadsheets"
EMP-1004,Customer Support,"Data entry from invoices"
EMP-0824,HR,"Resolving employee conflict"
EMP-3930,Customer Support,"Copy-pasting emails into CRM"
EMP-1704,IT,"High-level strategy planning"
EMP-0110,Sales,"Extracting numbers from PDFs"
EMP-0657,Customer Support,"Sorting spreadsheets"
EMP-3392,IT,"Resolving employee conflict"
EMP-1099,Marketing,"Copy-pasting emails into CRM"
EMP-3507,IT,"Resolving employee conflict"
EMP-1268,Marketing,"Copy-pasting emails into CRM"
EMP-2181,Customer Support,"Copy-pasting emails into CRM"
EMP-1354,Customer Support,"Data entry from invoices"
EMP-1340,Marketing,"Copy-pasting emails into CRM"
EMP-3339,IT,"Data entry from invoices"
EMP-0377,Customer Support,"Negotiating a client contract"
EMP-2870,IT,"Copy-pasting emails into CRM"
EMP-2040,Marketing,"Extracting numbers from PDFs"
EMP-2764,Sales,"Extracting numbers from PDFs"
EMP-1188,Marketing,"Copy-pasting emails into CRM"
EMP-2106,Marketing,"Negotiating a client contract"
EMP-1296,IT,"Data entry from invoices"
EMP-3704,Sales,"Scheduling calendar invites"
EMP-2789,Sales,"Interviewing new candidates"
EMP-2877,IT,"Negotiating a client contract"
EMP-3502,Customer Support,"Copy-pasting emails into CRM"
EMP-2562,Customer Support,"Data entry from invoices"
EMP-1986,Marketing,"Copy-pasting emails into CRM"
EMP-2632,Customer Support,"Data entry from invoices"
EMP-3009,HR,"Copy-pasting emails into CRM"
EMP-0816,Marketing,"Formatting reports"
EMP-0377,Marketing,"Sorting spreadsheets"
EMP-2575,Customer Support,"Copy-pasting emails into CRM"
EMP-0185,Customer Support,"Copy-pasting emails into CRM"
EMP-3110,IT,"Leading a brainstorming session"
EMP-2452,Sales,"Scheduling calendar invites"
EMP-1912,Customer Support,"Negotiating a client contract"
EMP-3038,Sales,"Extracting numbers from PDFs"
EMP-1421,Customer Support,"Scheduling calendar invites"
EMP-0354,IT,"Designing a new brand logo"
EMP-2683,Sales,"Data entry from invoices"
EMP-0810,HR,"Resolving employee conflict"
EMP-2394,HR,"Copy-pasting emails into CRM"
EMP-0474,HR,"Interviewing new candidates"
EMP-2778,IT,"High-level strategy planning"
EMP-0263,HR,"Leading a brainstorming session"
EMP-1864,Sales,"Sorting spreadsheets"
EMP-3422,Marketing,"Sorting spreadsheets"
EMP-3549,IT,"Data entry from invoices"
EMP-2107,Sales,"Sorting spreadsheets"
EMP-0522,Sales,"Sorting spreadsheets"
EMP-0585,Sales,"Scheduling calendar invites"
EMP-3413,HR,"Leading a brainstorming session"
EMP-3108,Customer Support,"Copy-pasting emails into CRM"
EMP-1976,HR,"Resolving employee conflict"
EMP-0249,Marketing,"Negotiating a client contract"
EMP-1586,Sales,"Negotiating a client contract"
EMP-2220,HR,"Leading a brainstorming session"
EMP-3863,HR,"Negotiating a client contract"
EMP-3838,Marketing,"Interviewing new candidates"
EMP-2996,Sales,"Copy-pasting emails into CRM"
EMP-2226,Customer Support,"Extracting numbers from PDFs"
EMP-3044,IT,"Designing a new brand logo"
EMP-1877,HR,"Leading a brainstorming session"
EMP-3010,HR,"Designing a new brand logo"
EMP-3956,HR,"Resolving employee conflict"
EMP-0559,Customer Support,"Extracting numbers from PDFs"
EMP-0706,IT,"Interviewing new candidates"
EMP-1107,IT,"Copy-pasting emails into CRM"
EMP-2975,Sales,"Scheduling calendar invites"
EMP-0247,Customer Support,"Interviewing new candidates"
EMP-1983,HR,"Leading a brainstorming session"
EMP-1472,HR,"Copy-pasting emails into CRM"
EMP-1435,Customer Support,"Copy-pasting emails into CRM"
EMP-1265,IT,"Designing a new brand logo"
EMP-3608,Sales,"Sorting spreadsheets"
EMP-3850,Customer Support,"Copy-pasting emails into CRM"
EMP-1984,Customer Support,"Interviewing new candidates"
EMP-2889,Sales,"Negotiating a client contract"
EMP-2807,Sales,"Data entry from invoices"
EMP-2282,IT,"Negotiating a client contract"
EMP-0106,HR,"Negotiating a client contract"
EMP-2895,Customer Support,"Extracting numbers from PDFs"
EMP-3960,HR,"Leading a brainstorming session"
EMP-1707,Customer Support,"Negotiating a client contract"
EMP-2020,HR,"Leading a brainstorming session"
EMP-0826,HR,"Leading a brainstorming session"
EMP-1620,IT,"Data entry from invoices"
EMP-0527,Marketing,"Sorting spreadsheets"
EMP-1374,IT,"Designing a new brand logo"
EMP-3832,HR,"Leading a brainstorming session"
EMP-1230,Marketing,"Copy-pasting emails into CRM"
EMP-0047,Sales,"Extracting numbers from PDFs"
EMP-0406,Customer Support,"Negotiating a client contract"
EMP-1878,HR,"Interviewing new candidates"
EMP-2887,Sales,"Data entry from invoices"
EMP-3400,Marketing,"Negotiating a client contract"
EMP-0180,Marketing,"Data entry from invoices"
EMP-1505,HR,"High-level strategy planning"
EMP-1106,Sales,"Copy-pasting emails into CRM"
EMP-3588,Sales,"Sorting spreadsheets"
EMP-0755,Marketing,"Extracting numbers from PDFs"
EMP-0118,HR,"Negotiating a client contract"
EMP-3405,Customer Support,"Scheduling calendar invites"
EMP-0674,HR,"Negotiating a client contract"
EMP-3701,IT,"Negotiating a client contract"
EMP-0877,Customer Support,"Sorting spreadsheets"
EMP-1713,Sales,"Negotiating a client contract"
EMP-2420,IT,"Negotiating a client contract"
EMP-0728,Marketing,"Scheduling calendar invites"
EMP-0153,Marketing,"Interviewing new candidates"
EMP-0930,Marketing,"Scheduling calendar invites"
EMP-1707,Marketing,"Formatting reports"
EMP-3923,Sales,"Copy-pasting emails into CRM"
EMP-2365,Customer Support,"Scheduling calendar invites"
EMP-2676,Marketing,"Formatting reports"
EMP-0419,Sales,"Copy-pasting emails into CRM"
EMP-1837,Customer Support,"Copy-pasting emails into CRM"
EMP-2104,Customer Support,"Sorting spreadsheets"
EMP-1390,Marketing,"Sorting spreadsheets"
EMP-3110,IT,"Designing a new brand logo"
EMP-0212,HR,"Copy-pasting emails into CRM"
EMP-0275,Sales,"Sorting spreadsheets"
EMP-3009,IT,"Copy-pasting emails into CRM"
EMP-0462,HR,"Data entry from invoices"
EMP-2362,Customer Support,"Negotiating a client contract"
EMP-0067,Marketing,"Scheduling calendar invites"
EMP-0454,Customer Support,"Data entry from invoices"
EMP-1229,HR,"Negotiating a client contract"
EMP-0169,Sales,"Copy-pasting emails into CRM"
EMP-0544,Sales,"Scheduling calendar invites"
EMP-0855,Sales,"Copy-pasting emails into CRM"
EMP-0235,Customer Support,"Formatting reports"
EMP-1902,IT,"Data entry from invoices"
EMP-0875,Marketing,"Negotiating a client contract"
EMP-1312,Marketing,"Formatting reports"
EMP-0420,Marketing,"Copy-pasting emails into CRM"
EMP-2693,Customer Support,"Data entry from invoices"
EMP-3240,IT,"High-level strategy planning"
EMP-0944,IT,"Designing a new brand logo"
EMP-0465,HR,"Data entry from invoices"
EMP-1239,Marketing,"Formatting reports"
EMP-0418,IT,"Leading a brainstorming session"
EMP-1085,HR,"Leading a brainstorming session"
EMP-0452,IT,"Leading a brainstorming session"
EMP-2450,Sales,"Copy-pasting emails into CRM"
EMP-3249,Sales,"Extracting numbers from PDFs"
EMP-1496,Marketing,"Extracting numbers from PDFs"
EMP-0927,Marketing,"Interviewing new candidates"
EMP-3985,IT,"Data entry from invoices"
EMP-0817,HR,"Designing a new brand logo"
EMP-0612,IT,"Interviewing new candidates"
EMP-3028,Customer Support,"Sorting spreadsheets"
EMP-1609,IT,"Resolving employee conflict"
EMP-2969,Customer Support,"Data entry from invoices"
EMP-0296,Sales,"Negotiating a client contract"
EMP-1932,Customer Support,"Interviewing new candidates"
EMP-1194,HR,"High-level strategy planning"
EMP-0320,Sales,"Formatting reports"
EMP-3118,Marketing,"Formatting reports"
EMP-3959,Customer Support,"Copy-pasting emails into CRM"
EMP-3883,HR,"High-level strategy planning"
EMP-1117,Customer Support,"Extracting numbers from PDFs"
EMP-2935,HR,"Interviewing new candidates"
EMP-2264,HR,"Copy-pasting emails into CRM"
EMP-0477,Sales,"Negotiating a client contract"
EMP-2489,IT,"High-level strategy planning"
EMP-2019,Customer Support,"Formatting reports"
EMP-3334,Sales,"Copy-pasting emails into CRM"
EMP-3501,Sales,"Extracting numbers from PDFs"
EMP-1976,HR,"Negotiating a client contract"
EMP-2417,HR,"High-level strategy planning"
EMP-1513,IT,"Copy-pasting emails into CRM"
EMP-2255,Marketing,"Scheduling calendar invites"
EMP-2359,Marketing,"Extracting numbers from PDFs"
EMP-2738,Customer Support,"Data entry from invoices"
EMP-0170,IT,"High-level strategy planning"
EMP-2154,HR,"High-level strategy planning"
EMP-0649,Marketing,"Extracting numbers from PDFs"
EMP-3908,Marketing,"Extracting numbers from PDFs"
EMP-3177,IT,"Copy-pasting emails into CRM"
EMP-1302,Customer Support,"Scheduling calendar invites"
EMP-3490,Sales,"Sorting spreadsheets"
EMP-0238,Sales,"Scheduling calendar invites"
EMP-3686,Customer Support,"Data entry from invoices"
EMP-2663,Sales,"Formatting reports"
EMP-1564,HR,"Resolving employee conflict"
EMP-0133,Marketing,"Copy-pasting emails into CRM"
EMP-3661,IT,"Leading a brainstorming session"
EMP-1171,Customer Support,"Data entry from invoices"
EMP-0016,Marketing,"Sorting spreadsheets"
EMP-2762,IT,"Resolving employee conflict"
EMP-0123,Sales,"Negotiating a client contract"
EMP-3689,IT,"Data entry from invoices"
EMP-0013,IT,"High-level strategy planning"
EMP-1414,Customer Support,"Copy-pasting emails into CRM"
EMP-0107,Sales,"Data entry from invoices"
EMP-0310,Marketing,"Negotiating a client contract"
EMP-0961,IT,"Negotiating a client contract"
EMP-3217,HR,"Designing a new brand logo"
EMP-3385,HR,"Leading a brainstorming session"
EMP-2694,Sales,"Scheduling calendar invites"
EMP-1536,Sales,"Extracting numbers from PDFs"
EMP-0480,Sales,"Scheduling calendar invites"
EMP-0945,HR,"High-level strategy planning"
EMP-3722,Customer Support,"Negotiating a client contract"
EMP-1539,Sales,"Data entry from invoices"
EMP-3142,Customer Support,"Extracting numbers from PDFs"
EMP-2725,IT,"Leading a brainstorming session"
EMP-3464,Customer Support,"Interviewing new candidates"
EMP-2069,IT,"High-level strategy planning"
EMP-0855,Customer Support,"Data entry from invoices"
EMP-2694,Customer Support,"Copy-pasting emails into CRM"
EMP-0014,Customer Support,"Negotiating a client contract"
EMP-1966,Marketing,"Extracting numbers from PDFs"
EMP-0950,Sales,"Negotiating a client contract"
EMP-2120,Marketing,"Sorting spreadsheets"
EMP-2439,Marketing,"Negotiating a client contract"
EMP-2681,HR,"Copy-pasting emails into CRM"
EMP-1721,Marketing,"Formatting reports"
EMP-1133,Marketing,"Formatting reports"
EMP-1597,Sales,"Scheduling calendar invites"
EMP-3550,Marketing,"Negotiating a client contract"
EMP-0707,Sales,"Data entry from invoices"
EMP-3129,Customer Support,"Data entry from invoices"
EMP-3983,Sales,"Copy-pasting emails into CRM"
EMP-1156,Marketing,"Interviewing new candidates"
EMP-2917,Sales,"Scheduling calendar invites"
EMP-3459,Sales,"Extracting numbers from PDFs"
EMP-3582,Customer Support,"Sorting spreadsheets"
EMP-2610,HR,"Negotiating a client contract"
EMP-2137,Customer Support,"Copy-pasting emails into CRM"
EMP-2667,HR,"Negotiating a client contract"
EMP-0434,Marketing,"Interviewing new candidates"
EMP-1558,Marketing,"Extracting numbers from PDFs"
EMP-0982,IT,"Negotiating a client contract"
EMP-1675,IT,"Interviewing new candidates"
EMP-2506,HR,"Resolving employee conflict"
EMP-0344,IT,"Copy-pasting emails into CRM"
EMP-1147,IT,"Interviewing new candidates"
EMP-2760,Marketing,"Sorting spreadsheets"
EMP-1796,HR,"Negotiating a client contract"
EMP-3222,Sales,"Negotiating a client contract"
EMP-1947,Customer Support,"Negotiating a client contract"
EMP-2039,Sales,"Data entry from invoices"
EMP-0230,IT,"Data entry from invoices"
EMP-2958,Sales,"Extracting numbers from PDFs"
EMP-1912,HR,"Designing a new brand logo"
EMP-3223,Marketing,"Interviewing new candidates"
EMP-0340,IT,"Data entry from invoices"
EMP-0301,Customer Support,"Scheduling calendar invites"
EMP-0985,Customer Support,"Negotiating a client contract"
EMP-3118,Sales,"Formatting reports"
EMP-0838,Customer Support,"Interviewing new candidates"
EMP-0375,Marketing,"Sorting spreadsheets"
EMP-3593,Marketing,"Interviewing new candidates"
EMP-0908,HR,"Leading a brainstorming session"
EMP-3965,Customer Support,"Copy-pasting emails into CRM"
EMP-2747,Customer Support,"Data entry from invoices"
EMP-0579,Marketing,"Interviewing new candidates"
EMP-1949,Customer Support,"Sorting spreadsheets"
EMP-2775,HR,"Resolving employee conflict"
EMP-3522,Marketing,"Negotiating a client contract"
EMP-1395,Customer Support,"Formatting reports"
EMP-2843,HR,"Designing a new brand logo"
EMP-0054,Marketing,"Data entry from invoices"
EMP-0432,HR,"Leading a brainstorming session"
EMP-2317,Customer Support,"Extracting numbers from PDFs"
EMP-1761,HR,"Copy-pasting emails into CRM"
EMP-1484,HR,"Designing a new brand logo"
EMP-2722,HR,"Resolving employee conflict"
EMP-0438,Sales,"Data entry from invoices"
EMP-2581,Customer Support,"Copy-pasting emails into CRM"
EMP-1331,Customer Support,"Extracting numbers from PDFs"
EMP-1518,Sales,"Data entry from invoices"
EMP-0243,IT,"Interviewing new candidates"
EMP-0496,Customer Support,"Sorting spreadsheets"
EMP-2320,Customer Support,"Formatting reports"
EMP-3336,IT,"Interviewing new candidates"
EMP-2159,Marketing,"Copy-pasting emails into CRM"
EMP-3662,Marketing,"Copy-pasting emails into CRM"
EMP-0013,IT,"Leading a brainstorming session"
EMP-3975,IT,"Leading a brainstorming session"
EMP-0339,Sales,"Copy-pasting emails into CRM"
EMP-3024,Customer Support,"Formatting reports"
EMP-3789,Marketing,"Copy-pasting emails into CRM"
EMP-0785,Sales,"Formatting reports"
EMP-3336,Sales,"Interviewing new candidates"
EMP-0469,HR,"Designing a new brand logo"
EMP-3778,Customer Support,"Interviewing new candidates"
EMP-1238,Sales,"Interviewing new candidates"
EMP-2380,HR,"Copy-pasting emails into CRM"
EMP-0615,Customer Support,"Data entry from invoices"
EMP-0901,IT,"Leading a brainstorming session"
EMP-0854,HR,"Copy-pasting emails into CRM"
EMP-0343,HR,"Data entry from invoices"
EMP-2801,Sales,"Copy-pasting emails into CRM"
EMP-2055,Customer Support,"Extracting numbers from PDFs"
EMP-1045,Marketing,"Interviewing new candidates"
EMP-0353,Sales,"Interviewing new candidates"
EMP-1106,IT,"Leading a brainstorming session"
EMP-2472,HR,"Negotiating a client contract"
EMP-2002,Marketing,"Scheduling calendar invites"
EMP-2045,Marketing,"Copy-pasting emails into CRM"
EMP-1247,IT,"Designing a new brand logo"
EMP-2867,Marketing,"Data entry from invoices"
EMP-3075,Customer Support,"Data entry from invoices"
EMP-2510,HR,"Copy-pasting emails into CRM"
EMP-1762,IT,"Copy-pasting emails into CRM"
EMP-0041,Marketing,"Scheduling calendar invites"
EMP-2832,Customer Support,"Data entry from invoices"
EMP-3329,Sales,"Sorting spreadsheets"
EMP-3335,Marketing,"Extracting numbers from PDFs"
EMP-0914,Customer Support,"Extracting numbers from PDFs"
EMP-3689,Customer Support,"Scheduling calendar invites"
EMP-3393,HR,"Interviewing new candidates"
EMP-0863,Customer Support,"Scheduling calendar invites"
EMP-1344,Customer Support,"Sorting spreadsheets"
EMP-3422,Sales,"Negotiating a client contract"
EMP-1706,IT,"Leading a brainstorming session"
EMP-3268,Sales,"Scheduling calendar invites"
EMP-0440,IT,"Interviewing new candidates"
EMP-0441,Marketing,"Formatting reports"
EMP-2796,Marketing,"Extracting numbers from PDFs"
EMP-3393,Sales,"Formatting reports"
EMP-0758,Customer Support,"Scheduling calendar invites"
EMP-2960,Customer Support,"Extracting numbers from PDFs"
EMP-1824,HR,"Interviewing new candidates"
EMP-0677,Marketing,"Scheduling calendar invites"
EMP-0239,IT,"Data entry from invoices"
EMP-3855,Customer Support,"Scheduling calendar invites"
EMP-0446,Marketing,"Sorting spreadsheets"
EMP-0860,Customer Support,"Extracting numbers from PDFs"
EMP-0491,Marketing,"Formatting reports"
EMP-3562,Sales,"Interviewing new candidates"
EMP-2621,IT,"Copy-pasting emails into CRM"
EMP-1001,Marketing,"Extracting numbers from PDFs"
EMP-2578,Sales,"Copy-pasting emails into CRM"
EMP-3966,Sales,"Extracting numbers from PDFs"
EMP-0861,IT,"Designing a new brand logo"
EMP-1318,HR,"Negotiating a client contract"
EMP-1598,HR,"Resolving employee conflict"
EMP-2793,Marketing,"Scheduling calendar invites"
EMP-0310,HR,"Negotiating a client contract"
EMP-1549,Sales,"Scheduling calendar invites"
EMP-3099,Marketing,"Copy-pasting emails into CRM"
EMP-0200,Marketing,"Formatting reports"
EMP-2098,Marketing,"Formatting reports"
EMP-0769,HR,"Negotiating a client contract"
EMP-3530,IT,"Data entry from invoices"
EMP-1713,Marketing,"Negotiating a client contract"
EMP-3011,Sales,"Formatting reports"
EMP-0424,Marketing,"Copy-pasting emails into CRM"
EMP-3969,Customer Support,"Sorting spreadsheets"
EMP-0558,Sales,"Data entry from invoices"
EMP-1775,Customer Support,"Sorting spreadsheets"
EMP-2686,HR,"Negotiating a client contract"
EMP-0083,IT,"Negotiating a client contract"
EMP-0087,IT,"Data entry from invoices"
EMP-2895,Marketing,"Negotiating a client contract"
EMP-2960,HR,"Resolving employee conflict"
EMP-1318,Marketing,"Data entry from invoices"
EMP-0194,IT,"Copy-pasting emails into CRM"
EMP-2629,Customer Support,"Negotiating a client contract"
EMP-1678,Customer Support,"Sorting spreadsheets"
EMP-2970,IT,"Leading a brainstorming session"
EMP-2112,IT,"Designing a new brand logo"
EMP-0489,HR,"High-level strategy planning"
EMP-3935,HR,"Leading a brainstorming session"
EMP-3955,IT,"Leading a brainstorming session"
EMP-0082,IT,"Designing a new brand logo"
EMP-0922,Sales,"Extracting numbers from PDFs"
EMP-0927,Sales,"Interviewing new candidates"
EMP-1623,IT,"Designing a new brand logo"
EMP-0695,HR,"Interviewing new candidates"
EMP-2403,Customer Support,"Negotiating a client contract"
EMP-2168,IT,"Resolving employee conflict"
EMP-3662,IT,"Designing a new brand logo"
EMP-0716,Marketing,"Sorting spreadsheets"
EMP-3447,HR,"Copy-pasting emails into CRM"
EMP-3622,Sales,"Copy-pasting emails into CRM"
EMP-3828,HR,"Data entry from invoices"
EMP-2197,HR,"Interviewing new candidates"
EMP-0982,Customer Support,"Formatting reports"
EMP-0428,Sales,"Interviewing new candidates"
EMP-2598,Sales,"Data entry from invoices"
EMP-1079,Sales,"Sorting spreadsheets"
EMP-1016,IT,"High-level strategy planning"
EMP-0081,HR,"Resolving employee conflict"
EMP-3771,Sales,"Scheduling calendar invites"
EMP-0950,Customer Support,"Copy-pasting emails into CRM"
EMP-3209,HR,"Data entry from invoices"
EMP-0555,Marketing,"Copy-pasting emails into CRM"
EMP-1074,Marketing,"Sorting spreadsheets"
EMP-0877,Customer Support,"Interviewing new candidates"
EMP-1856,HR,"Negotiating a client contract"
EMP-0459,HR,"Data entry from invoices"
EMP-2135,Sales,"Copy-pasting emails into CRM"
EMP-1510,Marketing,"Interviewing new candidates"
EMP-0462,Sales,"Negotiating a client contract"
EMP-0239,HR,"Interviewing new candidates"
EMP-0692,Marketing,"Copy-pasting emails into CRM"
EMP-2914,Marketing,"Formatting reports"
EMP-1020,Sales,"Data entry from invoices"
EMP-1742,Customer Support,"Data entry from invoices"
EMP-1140,Marketing,"Sorting spreadsheets"
EMP-1298,IT,"Designing a new brand logo"
EMP-1015,IT,"Designing a new brand logo"
EMP-1986,HR,"Interviewing new candidates"
EMP-0776,Marketing,"Copy-pasting emails into CRM"
EMP-2979,IT,"Copy-pasting emails into CRM"
EMP-3169,IT,"Designing a new brand logo"
EMP-2412,Sales,"Extracting numbers from PDFs"
EMP-2917,HR,"Negotiating a client contract"
EMP-0683,IT,"Data entry from invoices"
EMP-0368,Marketing,"Scheduling calendar invites"
EMP-1564,IT,"Designing a new brand logo"
EMP-0385,Customer Support,"Scheduling calendar invites"
EMP-2801,HR,"Interviewing new candidates"
EMP-0983,IT,"Data entry from invoices"
EMP-2220,HR,"Leading a brainstorming session"
EMP-2193,Sales,"Scheduling calendar invites"
EMP-2374,Sales,"Extracting numbers from PDFs"
EMP-2698,HR,"High-level strategy planning"
EMP-0710,Sales,"Negotiating a client contract"
EMP-1765,Sales,"Formatting reports"
EMP-2121,HR,"Designing a new brand logo"
EMP-0977,Sales,"Data entry from invoices"
EMP-0865,HR,"High-level strategy planning"
EMP-3369,Customer Support,"Formatting reports"
EMP-0272,Sales,"Copy-pasting emails into CRM"
EMP-1979,HR,"Designing a new brand logo"
EMP-1051,IT,"Interviewing new candidates"
EMP-2844,HR,"Leading a brainstorming session"
EMP-1943,IT,"Designing a new brand logo"
EMP-2686,Sales,"Extracting numbers from PDFs"
EMP-1925,Sales,"Copy-pasting emails into CRM"
EMP-2848,IT,"Copy-pasting emails into CRM"
EMP-3974,Customer Support,"Copy-pasting emails into CRM"
EMP-3959,Marketing,"Formatting reports"
EMP-3729,HR,"Resolving employee conflict"
EMP-0926,Sales,"Interviewing new candidates"
EMP-1371,Customer Support,"Negotiating a client contract"
EMP-3489,HR,"Copy-pasting emails into CRM"
EMP-2807,IT,"Data entry from invoices"
EMP-0408,Sales,"Formatting reports"
EMP-3623,IT,"High-level strategy planning"
EMP-1510,Customer Support,"Interviewing new candidates"
EMP-2705,Marketing,"Copy-pasting emails into CRM"
EMP-2947,Customer Support,"Extracting numbers from PDFs"
EMP-3250,IT,"Negotiating a client contract"
EMP-2491,Marketing,"Interviewing new candidates"
EMP-2454,Sales,"Data entry from invoices"
EMP-2839,Sales,"Data entry from invoices"
EMP-0737,Marketing,"Data entry from invoices"
EMP-2064,Customer Support,"Negotiating a client contract"
EMP-1360,IT,"Designing a new brand logo"
EMP-2904,IT,"Data entry from invoices"
EMP-0669,Sales,"Data entry from invoices"
EMP-3933,Customer Support,"Formatting reports"
EMP-3157,Sales,"Copy-pasting emails into CRM"
EMP-2877,Marketing,"Data entry from invoices"
EMP-0484,Marketing,"Sorting spreadsheets"
EMP-1955,IT,"Negotiating a client contract"
EMP-0067,Marketing,"Sorting spreadsheets"
EMP-0939,HR,"High-level strategy planning"
EMP-2924,Marketing,"Formatting reports"
EMP-2153,IT,"Leading a brainstorming session"
EMP-1752,Sales,"Extracting numbers from PDFs"
EMP-3534,HR,"Resolving employee conflict"
EMP-0351,Marketing,"Sorting spreadsheets"
EMP-1452,IT,"Designing a new brand logo"
EMP-0840,Marketing,"Extracting numbers from PDFs"
EMP-2175,HR,"Resolving employee conflict"
EMP-3171,IT,"Negotiating a client contract"
EMP-2802,IT,"Copy-pasting emails into CRM"
EMP-1776,Customer Support,"Formatting reports"
EMP-1495,HR,"Data entry from invoices"
EMP-0161,IT,"Interviewing new candidates"
EMP-3321,IT,"Copy-pasting emails into CRM"
EMP-2830,HR,"Copy-pasting emails into CRM"
EMP-3116,Sales,"Scheduling calendar invites"
EMP-1665,Marketing,"Scheduling calendar invites"
EMP-1726,Customer Support,"Copy-pasting emails into CRM"
EMP-1608,HR,"Data entry from invoices"
EMP-1502,Sales,"Scheduling calendar invites"
EMP-1598,IT,"Interviewing new candidates"
EMP-0957,Marketing,"Extracting numbers from PDFs"
EMP-3199,Marketing,"Extracting numbers from PDFs"
EMP-2209,Marketing,"Formatting reports"
EMP-2728,Marketing,"Formatting reports"
EMP-1110,Sales,"Copy-pasting emails into CRM"
EMP-2345,Marketing,"Negotiating a client contract"
EMP-3980,Sales,"Formatting reports"
EMP-1118,IT,"Data entry from invoices"
EMP-1447,IT,"Data entry from invoices"
EMP-2460,Sales,"Extracting numbers from PDFs"
EMP-1573,Customer Support,"Extracting numbers from PDFs"
EMP-3717,HR,"High-level strategy planning"
EMP-1382,HR,"Negotiating a client contract"
EMP-0672,Sales,"Data entry from invoices"
EMP-0930,HR,"Resolving employee conflict"
EMP-3072,IT,"Designing a new brand logo"
EMP-1759,Customer Support,"Sorting spreadsheets"
EMP-1503,Marketing,"Sorting spreadsheets"
EMP-2062,IT,"High-level strategy planning"
EMP-0663,HR,"Copy-pasting emails into CRM"
EMP-3929,Marketing,"Copy-pasting emails into CRM"
EMP-2530,Customer Support,"Sorting spreadsheets"
EMP-1929,Marketing,"Formatting reports"
EMP-3567,Marketing,"Formatting reports"
EMP-2899,Sales,"Extracting numbers from PDFs"
EMP-2537,Customer Support,"Formatting reports"
EMP-0290,IT,"Designing a new brand logo"
EMP-3607,Marketing,"Negotiating a client contract"
EMP-2192,HR,"Copy-pasting emails into CRM"
EMP-0659,Sales,"Copy-pasting emails into CRM"
EMP-3644,Customer Support,"Sorting spreadsheets"
EMP-3549,Marketing,"Extracting numbers from PDFs"
EMP-1806,Sales,"Scheduling calendar invites"
EMP-0430,Sales,"Data entry from invoices"
EMP-2969,IT,"Resolving employee conflict"
EMP-0688,Sales,"Copy-pasting emails into CRM"
EMP-1046,IT,"High-level strategy planning"
EMP-3874,Marketing,"Interviewing new candidates"
EMP-3469,Marketing,"Extracting numbers from PDFs"
EMP-0056,Sales,"Interviewing new candidates"
EMP-3556,IT,"High-level strategy planning"
EMP-1479,IT,"Copy-pasting emails into CRM"
EMP-2883,Sales,"Negotiating a client contract"
EMP-0453,Customer Support,"Scheduling calendar invites"
EMP-1630,HR,"Data entry from invoices"
EMP-0326,HR,"Copy-pasting emails into CRM"
EMP-1809,Customer Support,"Data entry from invoices"
EMP-3075,Sales,"Scheduling calendar invites"
EMP-3471,Customer Support,"Data entry from invoices"
EMP-0970,Customer Support,"Copy-pasting emails into CRM"
EMP-1050,HR,"Interviewing new candidates"
EMP-1877,Sales,"Extracting numbers from PDFs"
EMP-1891,Customer Support,"Extracting numbers from PDFs"
EMP-0919,Sales,"Sorting spreadsheets"
EMP-1170,Sales,"Copy-pasting emails into CRM"
EMP-2712,Customer Support,"Data entry from invoices"
EMP-1671,Customer Support,"Extracting numbers from PDFs"
EMP-3639,Sales,"Negotiating a client contract"
EMP-3075,Marketing,"Copy-pasting emails into CRM"
EMP-2075,Customer Support,"Copy-pasting emails into CRM"
EMP-3370,Sales,"Scheduling calendar invites"
EMP-1491,HR,"Designing a new brand logo"
EMP-2420,IT,"High-level strategy planning"
EMP-1984,IT,"Designing a new brand logo"
EMP-0199,Sales,"Scheduling calendar invites"
EMP-2332,Marketing,"Interviewing new candidates"
EMP-1278,Customer Support,"Negotiating a client contract"
EMP-0863,Customer Support,"Scheduling calendar invites"
EMP-2238,Sales,"Interviewing new candidates"
EMP-2305,Sales,"Negotiating a client contract"
EMP-3994,Sales,"Sorting spreadsheets"
EMP-1473,Marketing,"Sorting spreadsheets"
EMP-3278,HR,"Resolving employee conflict"
EMP-1859,Marketing,"Scheduling calendar invites"
EMP-2515,Sales,"Negotiating a client contract"
EMP-0375,IT,"Copy-pasting emails into CRM"
EMP-1577,Marketing,"Formatting reports"
EMP-2302,IT,"Designing a new brand logo"
EMP-1392,Sales,"Formatting reports"
EMP-1601,HR,"Copy-pasting emails into CRM"
EMP-2177,Customer Support,"Interviewing new candidates"
EMP-0310,Sales,"Extracting numbers from PDFs"
EMP-1564,HR,"Data entry from invoices"
EMP-3484,Customer Support,"Formatting reports"
EMP-3455,HR,"High-level strategy planning"
EMP-2366,Sales,"Extracting numbers from PDFs"
EMP-2067,HR,"Designing a new brand logo"
EMP-1369,Marketing,"Scheduling calendar invites"
EMP-2646,Customer Support,"Formatting reports"
EMP-3137,Sales,"Extracting numbers from PDFs"
EMP-2059,Customer Support,"Copy-pasting emails into CRM"
EMP-3594,Customer Support,"Negotiating a client contract"
EMP-2866,IT,"Designing a new brand logo"
EMP-1996,Marketing,"Data entry from invoices"
EMP-0996,Customer Support,"Extracting numbers from PDFs"
EMP-0549,IT,"Data entry from invoices"
EMP-0788,HR,"Data entry from invoices"
EMP-3290,IT,"Copy-pasting emails into CRM"
EMP-3201,Customer Support,"Interviewing new candidates"
EMP-2493,Marketing,"Sorting spreadsheets"
EMP-1222,Customer Support,"Negotiating a client contract"
EMP-2533,Customer Support,"Negotiating a client contract"
EMP-0457,IT,"Leading a brainstorming session"
EMP-1850,Sales,"Scheduling calendar invites"
EMP-2765,Customer Support,"Interviewing new candidates"
EMP-3654,Marketing,"Extracting numbers from PDFs"
EMP-0900,Marketing,"Negotiating a client contract"
EMP-2261,Customer Support,"Copy-pasting emails into CRM"
EMP-0483,HR,"Interviewing new candidates"
EMP-3094,Sales,"Scheduling calendar invites"
EMP-3072,HR,"High-level strategy planning"
EMP-3864,Customer Support,"Data entry from invoices"
EMP-1042,IT,"Copy-pasting emails into CRM"
EMP-1843,Customer Support,"Extracting numbers from PDFs"
EMP-0913,Customer Support,"Sorting spreadsheets"
EMP-3058,Marketing,"Formatting reports"
EMP-0207,Marketing,"Copy-pasting emails into CRM"
EMP-0141,IT,"Leading a brainstorming session"
EMP-1339,HR,"Interviewing new candidates"
EMP-0814,IT,"Leading a brainstorming session"
EMP-2148,Marketing,"Sorting spreadsheets"
EMP-3981,IT,"Resolving employee conflict"
EMP-1261,Customer Support,"Formatting reports"
EMP-3430,IT,"Data entry from invoices"
EMP-2188,HR,"Designing a new brand logo"
EMP-0821,HR,"Data entry from invoices"
EMP-0559,Marketing,"Negotiating a client contract"
EMP-1055,HR,"High-level strategy planning"
EMP-1130,Sales,"Data entry from invoices"
EMP-0068,HR,"Leading a brainstorming session"
EMP-3294,Customer Support,"Copy-pasting emails into CRM"
EMP-1918,IT,"Designing a new brand logo"
EMP-2068,IT,"Data entry from invoices"
EMP-2159,Customer Support,"Extracting numbers from PDFs"
EMP-3864,Customer Support,"Sorting spreadsheets"
EMP-0354,Sales,"Sorting spreadsheets"
EMP-0594,Sales,"Negotiating a client contract"
EMP-1883,HR,"Interviewing new candidates"
EMP-2854,Sales,"Interviewing new candidates"
EMP-2927,Customer Support,"Sorting spreadsheets"
EMP-1267,Marketing,"Extracting numbers from PDFs"
EMP-1569,HR,"Data entry from invoices"
EMP-2929,Customer Support,"Data entry from invoices"
EMP-3631,IT,"Data entry from invoices"
EMP-0245,HR,"Interviewing new candidates"
EMP-0085,Customer Support,"Copy-pasting emails into CRM"
EMP-2401,Sales,"Formatting reports"
EMP-0157,IT,"Data entry from invoices"
EMP-0752,Marketing,"Extracting numbers from PDFs"
EMP-2704,HR,"Designing a new brand logo"
EMP-1008,HR,"Designing a new brand logo"
EMP-0146,Marketing,"Negotiating a client contract"
EMP-1832,Marketing,"Extracting numbers from PDFs"
EMP-3013,Customer Support,"Extracting numbers from PDFs"
EMP-2756,Sales,"Extracting numbers from PDFs"
EMP-3695,Customer Support,"Scheduling calendar invites"
EMP-2537,Customer Support,"Data entry from invoices"
EMP-3644,HR,"Resolving employee conflict"
EMP-1759,Sales,"Negotiating a client contract"
EMP-2085,IT,"Negotiating a client contract"
EMP-1608,Customer Support,"Negotiating a client contract"
EMP-1054,Marketing,"Copy-pasting emails into CRM"
EMP-3067,IT,"Designing a new brand logo"
EMP-0999,Sales,"Negotiating a client contract"
EMP-3598,HR,"Copy-pasting emails into CRM"
EMP-2389,Customer Support,"Negotiating a client contract"
EMP-2034,HR,"Interviewing new candidates"
EMP-1229,Customer Support,"Scheduling calendar invites"
EMP-2004,IT,"Interviewing new candidates"
EMP-3591,Sales,"Negotiating a client contract"
EMP-1038,HR,"Data entry from invoices"
EMP-2420,HR,"Resolving employee conflict"
EMP-2302,IT,"Designing a new brand logo"
EMP-3960,Customer Support,"Copy-pasting emails into CRM"
EMP-3424,IT,"Copy-pasting emails into CRM"
EMP-0391,Customer Support,"Copy-pasting emails into CRM"
EMP-0156,HR,"Designing a new brand logo"
EMP-2571,HR,"High-level strategy planning"
EMP-1580,Sales,"Negotiating a client contract"
EMP-1714,Marketing,"Interviewing new candidates"
EMP-3439,Marketing,"Data entry from invoices"
EMP-3259,Sales,"Negotiating a client contract"
EMP-3479,Marketing,"Negotiating a client contract"
EMP-1869,Sales,"Negotiating a client contract"
EMP-2513,Marketing,"Data entry from invoices"
EMP-0340,IT,"Leading a brainstorming session"
EMP-3239,Sales,"Data entry from invoices"
EMP-0547,Sales,"Formatting reports"
EMP-0918,Sales,"Extracting numbers from PDFs"
EMP-0724,HR,"Designing a new brand logo"
EMP-2718,Sales,"Sorting spreadsheets"
EMP-1023,Customer Support,"Scheduling calendar invites"
EMP-2762,IT,"Interviewing new candidates"
EMP-2509,HR,"Resolving employee conflict"
EMP-3428,HR,"High-level strategy planning"
EMP-3037,HR,"Leading a brainstorming session"
EMP-3501,IT,"Resolving employee conflict"
EMP-0594,Marketing,"Interviewing new candidates"
EMP-2288,Customer Support,"Extracting numbers from PDFs"
EMP-0819,IT,"Leading a brainstorming session"
EMP-3404,IT,"Copy-pasting emails into CRM"
EMP-0645,Customer Support,"Sorting spreadsheets"
EMP-2700,Sales,"Scheduling calendar invites"
EMP-2724,Sales,"Data entry from invoices"
EMP-2748,HR,"Data entry from invoices"
EMP-2063,Sales,"Sorting spreadsheets"
EMP-3146,Marketing,"Extracting numbers from PDFs"
EMP-1631,IT,"Negotiating a client contract"
EMP-0431,Customer Support,"Negotiating a client contract"
EMP-0051,Sales,"Sorting spreadsheets"
EMP-2864,Sales,"Data entry from invoices"
EMP-1256,Customer Support,"Formatting reports"
EMP-3516,HR,"Leading a brainstorming session"
EMP-0765,HR,"Data entry from invoices"
EMP-1515,HR,"Leading a brainstorming session"
EMP-0074,IT,"Data entry from invoices"
EMP-1461,IT,"Copy-pasting emails into CRM"
EMP-2973,Marketing,"Data entry from invoices"
EMP-1867,IT,"Copy-pasting emails into CRM"
EMP-1183,Customer Support,"Scheduling calendar invites"
EMP-2549,HR,"Designing a new brand logo"
EMP-1624,Marketing,"Scheduling calendar invites"
EMP-3487,HR,"Designing a new brand logo"
EMP-1385,IT,"Copy-pasting emails into CRM"
EMP-0467,Customer Support,"Negotiating a client contract"
EMP-1983,IT,"Designing a new brand logo"
EMP-0891,Customer Support,"Formatting reports"
EMP-1429,IT,"Leading a brainstorming session"
EMP-0002,Customer Support,"Formatting reports"
EMP-1384,Customer Support,"Copy-pasting emails into CRM"
EMP-0715,Customer Support,"Formatting reports"
EMP-2447,IT,"Copy-pasting emails into CRM"
EMP-2430,Customer Support,"Scheduling calendar invites"
EMP-1311,HR,"Data entry from invoices"
EMP-3107,IT,"Data entry from invoices"
EMP-3254,Sales,"Formatting reports"
EMP-1314,Customer Support,"Negotiating a client contract"
EMP-3275,Customer Support,"Sorting spreadsheets"
EMP-3574,HR,"High-level strategy planning"
EMP-0532,Customer Support,"Copy-pasting emails into CRM"
EMP-0976,IT,"Leading a brainstorming session"
EMP-2293,Customer Support,"Sorting spreadsheets"
EMP-3501,Sales,"Formatting reports"
EMP-0126,HR,"Data entry from invoices"
EMP-2997,Sales,"Copy-pasting emails into CRM"
EMP-1265,Customer Support,"Formatting reports"
EMP-0824,Sales,"Sorting spreadsheets"
EMP-2404,Customer Support,"Negotiating a client contract"
EMP-3831,Customer Support,"Extracting numbers from PDFs"
EMP-1155,Customer Support,"Copy-pasting emails into CRM"
EMP-2141,Customer Support,"Formatting reports"
EMP-2448,IT,"High-level strategy planning"
EMP-3394,Marketing,"Copy-pasting emails into CRM"
EMP-3845,Marketing,"Copy-pasting emails into CRM"
EMP-1355,Marketing,"Scheduling calendar invites"
EMP-0196,HR,"Copy-pasting emails into CRM"
EMP-0031,Marketing,"Sorting spreadsheets"
EMP-0772,Customer Support,"Extracting numbers from PDFs"
EMP-0896,IT,"Negotiating a client contract"
EMP-2227,Marketing,"Scheduling calendar invites"
EMP-3559,Sales,"Extracting numbers from PDFs"
EMP-3782,HR,"Resolving employee conflict"
EMP-0595,Customer Support,"Negotiating a client contract"
EMP-2982,IT,"Data entry from invoices"
EMP-0136,Customer Support,"Negotiating a client contract"
EMP-2546,IT,"Resolving employee conflict"
EMP-2280,Customer Support,"Scheduling calendar invites"
EMP-0699,IT,"Interviewing new candidates"
EMP-0836,Marketing,"Sorting spreadsheets"
EMP-3808,IT,"Leading a brainstorming session"
EMP-2026,IT,"Data entry from invoices"
EMP-3886,HR,"Resolving employee conflict"
EMP-2536,IT,"Resolving employee conflict"
EMP-0303,Customer Support,"Scheduling calendar invites"
EMP-3461,HR,"Resolving employee conflict"
EMP-3921,IT,"High-level strategy planning"
EMP-2675,Marketing,"Sorting spreadsheets"
EMP-1308,HR,"Leading a brainstorming session"
EMP-3956,Marketing,"Interviewing new candidates"
EMP-3890,Marketing,"Scheduling calendar invites"
EMP-3140,HR,"Leading a brainstorming session"
EMP-1705,Marketing,"Extracting numbers from PDFs"
EMP-3397,Sales,"Scheduling calendar invites"
EMP-1797,Customer Support,"Sorting spreadsheets"
EMP-1322,HR,"Data entry from invoices"
EMP-3321,IT,"Negotiating a client contract"
EMP-2110,HR,"Data entry from invoices"
EMP-0849,Sales,"Data entry from invoices"
EMP-2156,HR,"Designing a new brand logo"
EMP-0606,Marketing,"Sorting spreadsheets"
EMP-2412,Marketing,"Scheduling calendar invites"
EMP-2682,Sales,"Sorting spreadsheets"
EMP-2095,IT,"Designing a new brand logo"
EMP-3609,HR,"Designing a new brand logo"
EMP-0007,IT,"Interviewing new candidates"
EMP-0200,IT,"Leading a brainstorming session"
EMP-3246,Sales,"Data entry from invoices"
EMP-3673,Sales,"Data entry from invoices"
EMP-1019,Customer Support,"Formatting reports"
EMP-3321,IT,"Data entry from invoices"
EMP-2034,IT,"Designing a new brand logo"
EMP-0588,Customer Support,"Sorting spreadsheets"
EMP-3091,IT,"Leading a brainstorming session"
EMP-1447,IT,"Data entry from invoices"
EMP-1488,Marketing,"Sorting spreadsheets"
EMP-3339,IT,"Designing a new brand logo"
EMP-1024,Marketing,"Interviewing new candidates"
EMP-0375,HR,"Data entry from invoices"
EMP-3608,Sales,"Interviewing new candidates"
EMP-0414,Marketing,"Copy-pasting emails into CRM"
EMP-2900,Customer Support,"Sorting spreadsheets"
EMP-3060,Customer Support,"Data entry from invoices"
EMP-2523,HR,"Interviewing new candidates"
EMP-2269,IT,"Designing a new brand logo"
EMP-2615,HR,"High-level strategy planning"
EMP-0337,HR,"High-level strategy planning"
EMP-2471,Customer Support,"Scheduling calendar invites"
EMP-0050,IT,"Resolving employee conflict"
EMP-1251,Sales,"Extracting numbers from PDFs"
EMP-3814,Sales,"Negotiating a client contract"
EMP-2044,IT,"Data entry from invoices"
EMP-3127,Sales,"Sorting spreadsheets"
EMP-0785,Customer Support,"Data entry from invoices"
EMP-2883,IT,"Data entry from invoices"
EMP-1526,IT,"Negotiating a client contract"
EMP-0135,Marketing,"Data entry from invoices"
EMP-0973,IT,"Interviewing new candidates"
EMP-2001,Marketing,"Data entry from invoices"
EMP-2036,Marketing,"Interviewing new candidates"
EMP-1873,HR,"Negotiating a client contract"
EMP-1183,IT,"Copy-pasting emails into CRM"
EMP-3435,HR,"High-level strategy planning"
EMP-3984,IT,"Resolving employee conflict"
EMP-2889,HR,"Designing a new brand logo"
EMP-1884,Customer Support,"Extracting numbers from PDFs"
EMP-3774,Customer Support,"Data entry from invoices"
EMP-2110,Customer Support,"Formatting reports"
EMP-3686,Marketing,"Copy-pasting emails into CRM"
EMP-2202,Sales,"Extracting numbers from PDFs"
EMP-1769,Sales,"Extracting numbers from PDFs"
EMP-2114,Marketing,"Formatting reports"
EMP-3433,HR,"Copy-pasting emails into CRM"
EMP-1419,HR,"Leading a brainstorming session"
EMP-2189,HR,"Designing a new brand logo"
EMP-3282,Customer Support,"Extracting numbers from PDFs"
EMP-1772,IT,"Resolving employee conflict"
EMP-0309,Customer Support,"Formatting reports"
EMP-1958,Sales,"Data entry from invoices"
EMP-1776,IT,"Copy-pasting emails into CRM"
EMP-2566,HR,"Data entry from invoices"
EMP-1050,Customer Support,"Sorting spreadsheets"
EMP-1617,Marketing,"Sorting spreadsheets"
EMP-0085,HR,"Copy-pasting emails into CRM"
EMP-1225,Customer Support,"Sorting spreadsheets"
EMP-3646,Marketing,"Data entry from invoices"
EMP-0058,HR,"Data entry from invoices"
EMP-3170,Marketing,"Formatting reports"
EMP-3933,Customer Support,"Copy-pasting emails into CRM"
EMP-3649,Marketing,"Data entry from invoices"
EMP-0660,Marketing,"Negotiating a client contract"
EMP-0643,HR,"Negotiating a client contract"
EMP-1047,IT,"Negotiating a client contract"
EMP-1993,HR,"High-level strategy planning"
EMP-2352,IT,"Designing a new brand logo"
EMP-3006,HR,"Negotiating a client contract"
EMP-3528,Marketing,"Negotiating a client contract"
EMP-3476,Marketing,"Extracting numbers from PDFs"
EMP-4000,HR,"Resolving employee conflict"
EMP-3686,Sales,"Negotiating a client contract"
EMP-3461,IT,"Designing a new brand logo"
EMP-1143,HR,"Negotiating a client contract"
EMP-2988,Customer Support,"Sorting spreadsheets"
EMP-1527,HR,"Copy-pasting emails into CRM"
EMP-3084,IT,"High-level strategy planning"
EMP-0758,HR,"Designing a new brand logo"
EMP-2837,Sales,"Negotiating a client contract"
EMP-2574,Marketing,"Sorting spreadsheets"
EMP-2158,Customer Support,"Sorting spreadsheets"
EMP-0023,IT,"Data entry from invoices"
EMP-2989,HR,"Copy-pasting emails into CRM"
EMP-3405,HR,"Leading a brainstorming session"
EMP-1942,Sales,"Data entry from invoices"
EMP-2047,IT,"Copy-pasting emails into CRM"
EMP-2592,IT,"Designing a new brand logo"
EMP-1722,IT,"Leading a brainstorming session"
EMP-0678,HR,"Data entry from invoices"
EMP-2074,HR,"Designing a new brand logo"
EMP-2581,Marketing,"Scheduling calendar invites"
EMP-0877,IT,"Negotiating a client contract"
EMP-3984,HR,"High-level strategy planning"
EMP-0189,IT,"Copy-pasting emails into CRM"
EMP-3463,Customer Support,"Interviewing new candidates"
EMP-1033,IT,"Resolving employee conflict"
EMP-2965,IT,"Negotiating a client contract"
EMP-2850,Sales,"Scheduling calendar invites"
EMP-2477,Marketing,"Formatting reports"
EMP-0844,HR,"Copy-pasting emails into CRM"
EMP-1689,Sales,"Sorting spreadsheets"
EMP-3098,HR,"High-level strategy planning"
EMP-2445,HR,"High-level strategy planning"
EMP-3461,Customer Support,"Extracting numbers from PDFs"
EMP-1647,HR,"Resolving employee conflict"
EMP-1729,IT,"High-level strategy planning"
EMP-2469,HR,"Leading a brainstorming session"
EMP-3844,Customer Support,"Interviewing new candidates"
EMP-1976,Sales,"Formatting reports"
EMP-3490,Marketing,"Extracting numbers from PDFs"
EMP-1436,HR,"Copy-pasting emails into CRM"
EMP-1286,Customer Support,"Interviewing new candidates"
EMP-2546,IT,"Leading a brainstorming session"
EMP-0386,HR,"Data entry from invoices"
EMP-3368,HR,"Designing a new brand logo"
EMP-2570,Sales,"Data entry from invoices"
EMP-1720,Customer Support,"Data entry from invoices"
EMP-0541,HR,"Copy-pasting emails into CRM"
EMP-0946,Marketing,"Data entry from invoices"
EMP-2274,Customer Support,"Copy-pasting emails into CRM"
EMP-2556,Customer Support,"Copy-pasting emails into CRM"
EMP-3741,HR,"Leading a brainstorming session"
EMP-3423,Customer Support,"Copy-pasting emails into CRM"
EMP-3505,Customer Support,"Scheduling calendar invites"
EMP-1871,Customer Support,"Data entry from invoices"
EMP-2783,Sales,"Sorting spreadsheets"
EMP-0360,Marketing,"Formatting reports"
EMP-2638,Customer Support,"Extracting numbers from PDFs"
EMP-0318,Sales,"Interviewing new candidates"
EMP-2289,HR,"Data entry from invoices"
EMP-1487,Sales,"Sorting spreadsheets"
EMP-2839,IT,"Copy-pasting emails into CRM"
EMP-3564,Customer Support,"Data entry from invoices"
EMP-2039,Marketing,"Negotiating a client contract"
EMP-0061,Marketing,"Data entry from invoices"
EMP-1578,Marketing,"Copy-pasting emails into CRM"
EMP-3374,Customer Support,"Extracting numbers from PDFs"
EMP-0251,Marketing,"Copy-pasting emails into CRM"
EMP-3463,IT,"Designing a new brand logo"
EMP-1219,Sales,"Negotiating a client contract"
EMP-4001,HR,"Resolving employee conflict"
EMP-3575,HR,"Data entry from invoices"
EMP-3440,Sales,"Data entry from invoices"
EMP-2539,HR,"Data entry from invoices"
EMP-2012,Sales,"Scheduling calendar invites"
EMP-3979,Customer Support,"Scheduling calendar invites"
EMP-1168,IT,"Leading a brainstorming session"
EMP-1432,HR,"Data entry from invoices"
EMP-0318,Sales,"Interviewing new candidates"
EMP-2478,Sales,"Formatting reports"
EMP-1921,Marketing,"Copy-pasting emails into CRM"
EMP-0269,IT,"Data entry from invoices"
EMP-2181,Marketing,"Extracting numbers from PDFs"
EMP-0786,Customer Support,"Sorting spreadsheets"
EMP-3009,Marketing,"Formatting reports"
EMP-3780,HR,"Resolving employee conflict"
EMP-3895,Marketing,"Data entry from invoices"
EMP-3984,Customer Support,"Sorting spreadsheets"
EMP-3053,Customer Support,"Data entry from invoices"
EMP-3729,HR,"High-level strategy planning"
EMP-2965,IT,"Resolving employee conflict"
EMP-0728,Customer Support,"Interviewing new candidates"
EMP-2043,Customer Support,"Negotiating a client contract"
EMP-3475,IT,"Leading a brainstorming session"
EMP-3594,HR,"High-level strategy planning"
EMP-2081,Marketing,"Formatting reports"
EMP-0734,Marketing,"Interviewing new candidates"
EMP-0998,IT,"Negotiating a client contract"
EMP-2614,Customer Support,"Scheduling calendar invites"
EMP-2001,Marketing,"Interviewing new candidates"
EMP-0526,Sales,"Data entry from invoices"
EMP-1177,Sales,"Interviewing new candidates"
EMP-3148,Sales,"Negotiating a client contract"
EMP-2515,Marketing,"Formatting reports"
EMP-0393,IT,"Data entry from invoices"
EMP-0211,HR,"High-level strategy planning"
EMP-3760,IT,"Resolving employee conflict"
EMP-0517,IT,"Resolving employee conflict"
EMP-1193,Marketing,"Formatting reports"
EMP-3827,Marketing,"Interviewing new candidates"
EMP-0518,HR,"Data entry from invoices"
EMP-2203,HR,"Negotiating a client contract"
EMP-1813,Sales,"Interviewing new candidates"
EMP-1584,Customer Support,"Formatting reports"
EMP-1094,Customer Support,"Copy-pasting emails into CRM"
EMP-0534,Customer Support,"Copy-pasting emails into CRM"
EMP-0976,Customer Support,"Scheduling calendar invites"
EMP-2755,Sales,"Scheduling calendar invites"
EMP-0661,Sales,"Copy-pasting emails into CRM"
EMP-3435,HR,"Leading a brainstorming session"
EMP-2680,Customer Support,"Formatting reports"
EMP-1061,Sales,"Scheduling calendar invites"
EMP-2046,Customer Support,"Scheduling calendar invites"
EMP-3322,HR,"Negotiating a client contract"
EMP-3081,Customer Support,"Negotiating a client contract"
EMP-2745,Sales,"Negotiating a client contract"
EMP-1328,HR,"Designing a new brand logo"
EMP-2093,Sales,"Extracting numbers from PDFs"
EMP-3184,Sales,"Formatting reports"
EMP-1663,IT,"Copy-pasting emails into CRM"
EMP-0042,HR,"Data entry from invoices"
EMP-2037,IT,"High-level strategy planning"
EMP-0954,Sales,"Scheduling calendar invites"
EMP-0278,Marketing,"Negotiating a client contract"
EMP-1009,Marketing,"Formatting reports"
EMP-2066,Customer Support,"Data entry from invoices"
EMP-1887,Marketing,"Sorting spreadsheets"
EMP-0319,IT,"Interviewing new candidates"
EMP-1928,Marketing,"Interviewing new candidates"
EMP-0834,Marketing,"Interviewing new candidates"
EMP-1092,Marketing,"Extracting numbers from PDFs"
EMP-0695,Sales,"Negotiating a client contract"
EMP-1247,Marketing,"Data entry from invoices"
EMP-3818,Customer Support,"Interviewing new candidates"
EMP-2629,IT,"Data entry from invoices"
EMP-3827,Sales,"Negotiating a client contract"
EMP-0171,IT,"High-level strategy planning"
EMP-3733,HR,"Designing a new brand logo"
EMP-3206,HR,"Copy-pasting emails into CRM"
EMP-2634,Sales,"Scheduling calendar invites"
EMP-1286,Customer Support,"Copy-pasting emails into CRM"
EMP-1862,Marketing,"Copy-pasting emails into CRM"
EMP-0565,Customer Support,"Data entry from invoices"
EMP-3940,HR,"Data entry from invoices"
EMP-1315,HR,"Negotiating a client contract"
EMP-1587,Customer Support,"Interviewing new candidates"
EMP-2084,Sales,"Interviewing new candidates"
EMP-1767,Sales,"Formatting reports"
EMP-0644,Customer Support,"Extracting numbers from PDFs"
EMP-2861,HR,"Negotiating a client contract"
EMP-2201,IT,"Copy-pasting emails into CRM"
EMP-3947,IT,"Interviewing new candidates"
EMP-3678,Sales,"Interviewing new candidates"
EMP-3504,IT,"Interviewing new candidates"
EMP-2519,IT,"High-level strategy planning"
EMP-2243,IT,"Copy-pasting emails into CRM"
EMP-2349,IT,"Interviewing new candidates"
EMP-3962,Customer Support,"Extracting numbers from PDFs"
EMP-0483,HR,"Negotiating a client contract"
EMP-3048,Customer Support,"Copy-pasting emails into CRM"
EMP-2493,HR,"Copy-pasting emails into CRM"
EMP-3027,IT,"Resolving employee conflict"
EMP-0454,Sales,"Extracting numbers from PDFs"
EMP-2723,Customer Support,"Formatting reports"
EMP-2167,IT,"Leading a brainstorming session"
EMP-3941,IT,"Negotiating a client contract"
EMP-1172,HR,"Interviewing new candidates"
EMP-3851,HR,"Resolving employee conflict"
EMP-3598,Sales,"Formatting reports"
EMP-3340,Customer Support,"Extracting numbers from PDFs"
EMP-3069,Sales,"Scheduling calendar invites"
EMP-3328,Customer Support,"Scheduling calendar invites"
EMP-2691,IT,"Negotiating a client contract"
EMP-2319,HR,"Interviewing new candidates"
EMP-3481,Marketing,"Negotiating a client contract"
EMP-0615,Sales,"Copy-pasting emails into CRM"
EMP-2424,IT,"Resolving employee conflict"
EMP-2558,IT,"Resolving employee conflict"
EMP-2758,Customer Support,"Extracting numbers from PDFs"
EMP-0575,Marketing,"Sorting spreadsheets"
EMP-0169,HR,"Data entry from invoices"
EMP-2108,IT,"Designing a new brand logo"
EMP-3221,HR,"Data entry from invoices"
EMP-2345,Sales,"Formatting reports"
EMP-3761,HR,"Negotiating a client contract"
EMP-0899,HR,"Data entry from invoices"
EMP-2897,HR,"Designing a new brand logo"
EMP-0098,Marketing,"Extracting numbers from PDFs"
EMP-1249,IT,"Copy-pasting emails into CRM"
EMP-3755,IT,"Leading a brainstorming session"
EMP-0044,Sales,"Extracting numbers from PDFs"
EMP-2203,Customer Support,"Data entry from invoices"
EMP-3088,Sales,"Formatting reports"
EMP-1164,Sales,"Copy-pasting emails into CRM"
EMP-3328,Sales,"Extracting numbers from PDFs"
EMP-3588,HR,"Copy-pasting emails into CRM"
EMP-0588,HR,"Resolving employee conflict"
EMP-2077,Customer Support,"Data entry from invoices"
EMP-0175,HR,"Copy-pasting emails into CRM"
EMP-0928,Customer Support,"Extracting numbers from PDFs"
EMP-0440,Sales,"Copy-pasting emails into CRM"
EMP-1997,IT,"Interviewing new candidates"
EMP-3284,Sales,"Scheduling calendar invites"
EMP-3699,Customer Support,"Data entry from invoices"
EMP-1603,HR,"Designing a new brand logo"
EMP-0015,HR,"Designing a new brand logo"
EMP-0493,Sales,"Copy-pasting emails into CRM"
EMP-0138,HR,"Resolving employee conflict"
EMP-1670,IT,"Copy-pasting emails into CRM"
EMP-2805,HR,"Leading a brainstorming session"
EMP-0228,IT,"Leading a brainstorming session"
EMP-3987,IT,"Interviewing new candidates"
EMP-2685,HR,"Copy-pasting emails into CRM"
EMP-2854,Marketing,"Formatting reports"
EMP-0004,Customer Support,"Negotiating a client contract"
EMP-2438,Marketing,"Negotiating a client contract"
EMP-0989,IT,"Copy-pasting emails into CRM"
EMP-2562,Sales,"Interviewing new candidates"
EMP-2076,Marketing,"Data entry from invoices"
EMP-2459,HR,"Interviewing new candidates"
EMP-1401,IT,"Data entry from invoices"
EMP-0685,Sales,"Interviewing new candidates"
EMP-3049,Marketing,"Sorting spreadsheets"
EMP-0437,Marketing,"Formatting reports"
EMP-2580,HR,"Interviewing new candidates"
EMP-1192,Sales,"Scheduling calendar invites"
EMP-1674,Customer Support,"Data entry from invoices"
EMP-1175,Customer Support,"Copy-pasting emails into CRM"
EMP-2618,Marketing,"Negotiating a client contract"
EMP-0609,Marketing,"Negotiating a client contract"
EMP-0427,HR,"High-level strategy planning"
EMP-2011,Sales,"Extracting numbers from PDFs"
EMP-0910,IT,"Resolving employee conflict"
EMP-3504,Sales,"Data entry from invoices"
EMP-0561,Sales,"Interviewing new candidates"
EMP-2613,Customer Support,"Scheduling calendar invites"
EMP-1982,Sales,"Data entry from invoices"
EMP-2339,Sales,"Copy-pasting emails into CRM"
EMP-0981,Customer Support,"Interviewing new candidates"
EMP-3051,Marketing,"Data entry from invoices"
EMP-2873,Customer Support,"Negotiating a client contract"
EMP-3858,HR,"Copy-pasting emails into CRM"
EMP-2844,IT,"Resolving employee conflict"
EMP-1239,HR,"Designing a new brand logo"
EMP-3198,Marketing,"Scheduling calendar invites"
EMP-2079,Sales,"Formatting reports"
EMP-3829,Sales,"Formatting reports"
EMP-1146,Marketing,"Sorting spreadsheets"
EMP-2446,Customer Support,"Negotiating a client contract"
EMP-3300,Customer Support,"Copy-pasting emails into CRM"
EMP-1589,Customer Support,"Sorting spreadsheets"
EMP-1401,HR,"Copy-pasting emails into CRM"
EMP-1272,Customer Support,"Copy-pasting emails into CRM"
EMP-3437,IT,"Interviewing new candidates"
EMP-3906,Sales,"Data entry from invoices"
EMP-3886,Marketing,"Data entry from invoices"
EMP-3449,HR,"Designing a new brand logo"
EMP-1853,HR,"Copy-pasting emails into CRM"
EMP-0643,IT,"Designing a new brand logo"
EMP-0349,Customer Support,"Formatting reports"
EMP-2505,Sales,"Scheduling calendar invites"
EMP-0948,HR,"Data entry from invoices"
EMP-2988,HR,"Data entry from invoices"
EMP-0020,Customer Support,"Scheduling calendar invites"
EMP-2199,HR,"High-level strategy planning"
EMP-0672,HR,"Interviewing new candidates"
EMP-3969,IT,"Interviewing new candidates"
EMP-2316,Marketing,"Copy-pasting emails into CRM"
EMP-1457,HR,"High-level strategy planning"
EMP-1926,Marketing,"Negotiating a client contract"
EMP-1087,Marketing,"Scheduling calendar invites"
EMP-0012,Customer Support,"Sorting spreadsheets"
EMP-1426,Marketing,"Data entry from invoices"
EMP-0570,Sales,"Formatting reports"
EMP-3371,Customer Support,"Data entry from invoices"
EMP-2630,Customer Support,"Interviewing new candidates"
EMP-3054,HR,"Interviewing new candidates"
EMP-3389,Marketing,"Interviewing new candidates"
EMP-3765,Customer Support,"Copy-pasting emails into CRM"
EMP-1521,Marketing,"Sorting spreadsheets"
EMP-0617,IT,"High-level strategy planning"
EMP-0612,HR,"Interviewing new candidates"
EMP-0763,Marketing,"Formatting reports"
EMP-2676,HR,"Interviewing new candidates"
EMP-1874,HR,"Leading a brainstorming session"
EMP-0747,IT,"Negotiating a client contract"
EMP-2238,IT,"Negotiating a client contract"
EMP-2047,Customer Support,"Data entry from invoices"
EMP-2536,Sales,"Sorting spreadsheets"
EMP-1786,HR,"Interviewing new candidates"
EMP-0687,Customer Support,"Scheduling calendar invites"
EMP-3331,Sales,"Formatting reports"
EMP-1163,IT,"High-level strategy planning"
EMP-3330,Sales,"Negotiating a client contract"
EMP-0753,IT,"Data entry from invoices"
EMP-0058,IT,"Interviewing new candidates"
EMP-1898,Sales,"Interviewing new candidates"
EMP-0267,Marketing,"Interviewing new candidates"
EMP-0316,Marketing,"Sorting spreadsheets"
EMP-3973,Customer Support,"Interviewing new candidates"
EMP-2668,Sales,"Data entry from invoices"
EMP-2575,Marketing,"Data entry from invoices"
EMP-1312,Customer Support,"Negotiating a client contract"
EMP-3735,IT,"Resolving employee conflict"
EMP-0480,IT,"Designing a new brand logo"
EMP-2950,Sales,"Negotiating a client contract"
EMP-3202,HR,"Negotiating a client contract"
EMP-2030,Customer Support,"Scheduling calendar invites"
EMP-1022,Sales,"Formatting reports"
EMP-1324,HR,"High-level strategy planning"
EMP-2009,HR,"Designing a new brand logo"
EMP-3050,Sales,"Formatting reports"
EMP-1992,IT,"Data entry from invoices"
EMP-1364,IT,"High-level strategy planning"
EMP-1211,Customer Support,"Negotiating a client contract"
EMP-0442,Sales,"Data entry from invoices"
EMP-1663,Customer Support,"Negotiating a client contract"
EMP-3202,HR,"Interviewing new candidates"
EMP-0245,Customer Support,"Sorting spreadsheets"
EMP-1378,Customer Support,"Scheduling calendar invites"
EMP-2411,HR,"Interviewing new candidates"
EMP-3895,Customer Support,"Formatting reports"
EMP-0728,IT,"Negotiating a client contract"
EMP-1889,HR,"Interviewing new candidates"
EMP-3157,Marketing,"Interviewing new candidates"
EMP-0660,Marketing,"Scheduling calendar invites"
EMP-2751,Sales,"Sorting spreadsheets"
EMP-0796,Sales,"Sorting spreadsheets"
EMP-1264,Sales,"Sorting spreadsheets"
EMP-1982,IT,"Resolving employee conflict"
EMP-0449,HR,"Interviewing new candidates"
EMP-0980,Customer Support,"Copy-pasting emails into CRM"
EMP-0370,Customer Support,"Formatting reports"
EMP-2050,IT,"Copy-pasting emails into CRM"
EMP-3997,Sales,"Interviewing new candidates"
EMP-2649,Marketing,"Negotiating a client contract"
EMP-3389,IT,"Copy-pasting emails into CRM"
EMP-3555,Marketing,"Sorting spreadsheets"
EMP-0737,HR,"Resolving employee conflict"
EMP-1444,IT,"Data entry from invoices"
EMP-3407,Marketing,"Formatting reports"
EMP-2727,IT,"Data entry from invoices"
EMP-1539,IT,"High-level strategy planning"
EMP-2597,IT,"Data entry from invoices"
EMP-1282,HR,"Resolving employee conflict"
EMP-2875,HR,"Resolving employee conflict"
EMP-1269,HR,"Copy-pasting emails into CRM"
EMP-0502,Sales,"Extracting numbers from PDFs"
EMP-0114,Sales,"Copy-pasting emails into CRM"
EMP-3598,Marketing,"Interviewing new candidates"
EMP-1651,Marketing,"Sorting spreadsheets"
EMP-0920,IT,"Data entry from invoices"
EMP-2671,IT,"Negotiating a client contract"
EMP-0910,Customer Support,"Data entry from invoices"
EMP-3691,IT,"Interviewing new candidates"
EMP-2739,Marketing,"Sorting spreadsheets"
EMP-3094,Customer Support,"Sorting spreadsheets"
EMP-2660,Customer Support,"Sorting spreadsheets"
EMP-3122,IT,"Data entry from invoices"
EMP-3344,Sales,"Copy-pasting emails into CRM"
EMP-0767,IT,"Copy-pasting emails into CRM"
EMP-2333,Customer Support,"Interviewing new candidates"
EMP-3515,HR,"Negotiating a client contract"
EMP-2396,HR,"Copy-pasting emails into CRM"
EMP-0825,Marketing,"Interviewing new candidates"
EMP-1334,Customer Support,"Interviewing new candidates"
EMP-0080,Marketing,"Formatting reports"
EMP-3328,HR,"Resolving employee conflict"
EMP-1731,IT,"Data entry from invoices"
EMP-3709,Marketing,"Copy-pasting emails into CRM"
EMP-2894,Marketing,"Extracting numbers from PDFs"
EMP-2897,Sales,"Formatting reports"
EMP-2392,Marketing,"Interviewing new candidates"
EMP-2775,Sales,"Copy-pasting emails into CRM"
EMP-0343,HR,"Resolving employee conflict"
EMP-0152,Marketing,"Scheduling calendar invites"
EMP-3421,Marketing,"Formatting reports"
EMP-0761,Marketing,"Copy-pasting emails into CRM"
EMP-3119,IT,"Copy-pasting emails into CRM"
EMP-0927,Sales,"Data entry from invoices"
EMP-3058,Marketing,"Extracting numbers from PDFs"
EMP-0402,Marketing,"Formatting reports"
EMP-2279,Sales,"Extracting numbers from PDFs"
EMP-3820,HR,"Resolving employee conflict"
EMP-2532,HR,"Copy-pasting emails into CRM"
EMP-0604,HR,"Designing a new brand logo"
EMP-3125,HR,"Interviewing new candidates"
EMP-1568,Marketing,"Negotiating a client contract"
EMP-1472,IT,"Copy-pasting emails into CRM"
EMP-2401,Marketing,"Extracting numbers from PDFs"
EMP-2346,Sales,"Negotiating a client contract"
EMP-2462,Customer Support,"Scheduling calendar invites"
EMP-0364,Customer Support,"Scheduling calendar invites"
EMP-1600,HR,"Data entry from invoices"
EMP-1717,Customer Support,"Data entry from invoices"
EMP-1941,Customer Support,"Scheduling calendar invites"
EMP-2000,IT,"Leading a brainstorming session"
EMP-3933,HR,"Data entry from invoices"
EMP-0521,Sales,"Extracting numbers from PDFs"
EMP-2926,HR,"Data entry from invoices"
EMP-3138,Sales,"Extracting numbers from PDFs"
EMP-1671,Customer Support,"Copy-pasting emails into CRM"
EMP-3663,IT,"Designing a new brand logo"
EMP-1345,Sales,"Scheduling calendar invites"
EMP-0918,IT,"Copy-pasting emails into CRM"
EMP-2867,HR,"Designing a new brand logo"
EMP-3759,HR,"Interviewing new candidates"
EMP-1003,HR,"Negotiating a client contract"
EMP-3929,IT,"Leading a brainstorming session"
EMP-1171,Marketing,"Negotiating a client contract"
EMP-1149,Marketing,"Data entry from invoices"
EMP-1159,IT,"Data entry from invoices"
EMP-1745,Sales,"Copy-pasting emails into CRM"
EMP-3153,Sales,"Sorting spreadsheets"
EMP-3678,IT,"Resolving employee conflict"
EMP-1703,Marketing,"Data entry from invoices"
EMP-1675,HR,"Negotiating a client contract"
EMP-0364,HR,"Copy-pasting emails into CRM"
EMP-2094,HR,"Leading a brainstorming session"
EMP-0270,Sales,"Formatting reports"
EMP-2775,HR,"Leading a brainstorming session"
EMP-1934,Sales,"Interviewing new candidates"
EMP-3095,Customer Support,"Formatting reports"
EMP-0575,Marketing,"Sorting spreadsheets"
EMP-1483,IT,"Copy-pasting emails into CRM"
EMP-2688,HR,"Negotiating a client contract"
EMP-3494,Customer Support,"Scheduling calendar invites"
EMP-1246,IT,"High-level strategy planning"
EMP-1921,Marketing,"Data entry from invoices"
EMP-3497,HR,"Leading a brainstorming session"
EMP-1594,IT,"High-level strategy planning"
EMP-3080,IT,"Negotiating a client contract"
EMP-3648,HR,"Resolving employee conflict"
EMP-3818,Sales,"Scheduling calendar invites"
EMP-0436,Sales,"Data entry from invoices"
EMP-1875,Customer Support,"Sorting spreadsheets"
EMP-0733,IT,"High-level strategy planning"
EMP-3802,IT,"Resolving employee conflict"
EMP-0120,HR,"Resolving employee conflict"
EMP-0475,HR,"Leading a brainstorming session"
EMP-2326,IT,"Designing a new brand logo"
EMP-1621,Marketing,"Formatting reports"
EMP-3986,Customer Support,"Data entry from invoices"
EMP-3276,Customer Support,"Formatting reports"
EMP-0032,Sales,"Negotiating a client contract"
EMP-0344,Customer Support,"Sorting spreadsheets"
EMP-3114,Customer Support,"Copy-pasting emails into CRM"
EMP-3768,HR,"Negotiating a client contract"
EMP-1102,Customer Support,"Negotiating a client contract"
EMP-2700,HR,"Interviewing new candidates"
EMP-1195,Marketing,"Scheduling calendar invites"
EMP-3700,Marketing,"Negotiating a client contract"
EMP-2891,Marketing,"Data entry from invoices"
EMP-0261,HR,"High-level strategy planning"
EMP-3382,Sales,"Copy-pasting emails into CRM"
EMP-0366,Marketing,"Extracting numbers from PDFs"
EMP-0430,Customer Support,"Sorting spreadsheets"
EMP-0007,Sales,"Scheduling calendar invites"
EMP-2730,IT,"Interviewing new candidates"
EMP-3904,IT,"Leading a brainstorming session"
EMP-3998,Customer Support,"Scheduling calendar invites"
EMP-3829,HR,"Data entry from invoices"
EMP-1801,Marketing,"Sorting spreadsheets"
EMP-1678,Marketing,"Formatting reports"
EMP-3433,Customer Support,"Interviewing new candidates"
EMP-2293,HR,"Leading a brainstorming session"
EMP-0537,Sales,"Scheduling calendar invites"
EMP-0004,Customer Support,"Negotiating a client contract"
EMP-3530,HR,"Leading a brainstorming session"
EMP-0317,Marketing,"Extracting numbers from PDFs"
EMP-3750,HR,"Designing a new brand logo"
EMP-1140,Marketing,"Copy-pasting emails into CRM"
EMP-2049,IT,"Designing a new brand logo"
EMP-3278,Sales,"Data entry from invoices"
EMP-1480,IT,"Negotiating a client contract"
EMP-0712,Sales,"Interviewing new candidates"
EMP-0454,IT,"Negotiating a client contract"
EMP-1330,Sales,"Scheduling calendar invites"
EMP-0260,HR,"High-level strategy planning"
EMP-3639,Sales,"Extracting numbers from PDFs"
EMP-2805,IT,"Negotiating a client contract"
EMP-1216,HR,"Copy-pasting emails into CRM"
EMP-0280,IT,"High-level strategy planning"
EMP-1230,IT,"Interviewing new candidates"
EMP-1903,Sales,"Extracting numbers from PDFs"
EMP-2157,Sales,"Negotiating a client contract"
EMP-0045,IT,"Negotiating a client contract"
EMP-0087,IT,"Designing a new brand logo"
EMP-3158,HR,"High-level strategy planning"
EMP-3127,Sales,"Data entry from invoices"
EMP-2477,HR,"Negotiating a client contract"
EMP-2222,Marketing,"Copy-pasting emails into CRM"
EMP-0777,IT,"Designing a new brand logo"
EMP-1100,Marketing,"Copy-pasting emails into CRM"
EMP-0224,Customer Support,"Sorting spreadsheets"
EMP-3408,Sales,"Sorting spreadsheets"
EMP-3113,Marketing,"Extracting numbers from PDFs"
EMP-0606,Customer Support,"Data entry from invoices"
EMP-3076,Marketing,"Scheduling calendar invites"
EMP-3591,Marketing,"Formatting reports"
EMP-0541,Marketing,"Data entry from invoices"
EMP-1746,IT,"Copy-pasting emails into CRM"
EMP-2403,HR,"Data entry from invoices"
EMP-0863,Sales,"Sorting spreadsheets"
EMP-1008,IT,"Negotiating a client contract"
EMP-1104,IT,"Interviewing new candidates"
EMP-0909,Sales,"Copy-pasting emails into CRM"
EMP-0009,Customer Support,"Formatting reports"
EMP-3030,Marketing,"Formatting reports"
EMP-3115,HR,"Data entry from invoices"
EMP-0193,Sales,"Copy-pasting emails into CRM"
EMP-0700,IT,"Resolving employee conflict"
EMP-0746,Customer Support,"Interviewing new candidates"
EMP-3999,Marketing,"Extracting numbers from PDFs"
EMP-1272,Customer Support,"Sorting spreadsheets"
EMP-2380,Customer Support,"Data entry from invoices"
EMP-3513,IT,"High-level strategy planning"
EMP-0792,Marketing,"Extracting numbers from PDFs"
EMP-2150,IT,"High-level strategy planning"
EMP-1163,Customer Support,"Interviewing new candidates"
EMP-0363,Sales,"Scheduling calendar invites"
EMP-1842,Sales,"Formatting reports"
EMP-2876,HR,"Leading a brainstorming session"
EMP-1875,IT,"Copy-pasting emails into CRM"
EMP-1232,Customer Support,"Scheduling calendar invites"
EMP-3085,Sales,"Negotiating a client contract"
EMP-0688,Sales,"Data entry from invoices"
EMP-0452,Marketing,"Negotiating a client contract"
EMP-1349,IT,"Designing a new brand logo"
EMP-3168,Sales,"Copy-pasting emails into CRM"
EMP-0703,Marketing,"Copy-pasting emails into CRM"
EMP-0766,Marketing,"Formatting reports"
EMP-2568,Customer Support,"Sorting spreadsheets"
EMP-1273,Customer Support,"Sorting spreadsheets"
EMP-0382,HR,"Leading a brainstorming session"
EMP-3000,HR,"Negotiating a client contract"
EMP-2977,Customer Support,"Data entry from invoices"
EMP-1161,HR,"Leading a brainstorming session"
EMP-2297,Sales,"Formatting reports"
EMP-3100,Customer Support,"Formatting reports"
EMP-0966,Marketing,"Data entry from invoices"
EMP-2085,IT,"Copy-pasting emails into CRM"
EMP-3593,IT,"Leading a brainstorming session"
EMP-1384,HR,"Copy-pasting emails into CRM"
EMP-3721,Sales,"Data entry from invoices"
EMP-0016,Customer Support,"Sorting spreadsheets"
EMP-3039,HR,"Negotiating a client contract"
EMP-3387,Customer Support,"Sorting spreadsheets"
EMP-2379,Customer Support,"Negotiating a client contract"
EMP-2990,Sales,"Data entry from invoices"
EMP-1355,Marketing,"Sorting spreadsheets"
EMP-1569,Marketing,"Extracting numbers from PDFs"
EMP-2408,Customer Support,"Extracting numbers from PDFs"
EMP-0701,IT,"Leading a brainstorming session"
EMP-0955,IT,"Data entry from invoices"
EMP-2643,Sales,"Extracting numbers from PDFs"
EMP-3619,HR,"Resolving employee conflict"
EMP-3094,IT,"Copy-pasting emails into CRM"
EMP-0302,HR,"High-level strategy planning"
EMP-1613,HR,"Leading a brainstorming session"
EMP-2262,Sales,"Copy-pasting emails into CRM"
EMP-3563,Sales,"Negotiating a client contract"
EMP-3945,IT,"Leading a brainstorming session"
EMP-0133,Customer Support,"Data entry from invoices"
EMP-3792,Marketing,"Copy-pasting emails into CRM"
EMP-3519,Sales,"Copy-pasting emails into CRM"
EMP-1302,Customer Support,"Sorting spreadsheets"
EMP-3121,Marketing,"Copy-pasting emails into CRM"
EMP-0487,Customer Support,"Scheduling calendar invites"
EMP-1999,HR,"High-level strategy planning"
EMP-3280,Marketing,"Sorting spreadsheets"
EMP-0266,HR,"Interviewing new candidates"
EMP-3877,Sales,"Sorting spreadsheets"
EMP-1644,HR,"Copy-pasting emails into CRM"
EMP-1201,HR,"Resolving employee conflict"
EMP-2489,HR,"Designing a new brand logo"
EMP-1615,HR,"Designing a new brand logo"
EMP-1677,IT,"Copy-pasting emails into CRM"
EMP-2913,HR,"Interviewing new candidates"
EMP-3570,IT,"Data entry from invoices"
EMP-1433,Customer Support,"Formatting reports"
EMP-0820,HR,"Copy-pasting emails into CRM"
EMP-0957,HR,"Negotiating a client contract"
EMP-3420,Sales,"Data entry from invoices"
EMP-2542,HR,"Leading a brainstorming session"
EMP-0152,Marketing,"Scheduling calendar invites"
EMP-0939,Marketing,"Scheduling calendar invites"
EMP-2152,HR,"High-level strategy planning"
EMP-3223,IT,"Leading a brainstorming session"
EMP-2689,HR,"Interviewing new candidates"
EMP-2852,Customer Support,"Data entry from invoices"
EMP-3715,Sales,"Sorting spreadsheets"
EMP-3366,Customer Support,"Formatting reports"
EMP-3541,Marketing,"Scheduling calendar invites"
EMP-2985,Customer Support,"Interviewing new candidates"
EMP-0778,Sales,"Extracting numbers from PDFs"
EMP-0235,IT,"Interviewing new candidates"
EMP-0076,Customer Support,"Scheduling calendar invites"
EMP-3457,HR,"Interviewing new candidates"
EMP-1587,Customer Support,"Copy-pasting emails into CRM"
EMP-2391,Sales,"Negotiating a client contract"
EMP-2932,IT,"Designing a new brand logo"
EMP-1999,HR,"Designing a new brand logo"
EMP-1777,Customer Support,"Sorting spreadsheets"
EMP-2068,Customer Support,"Formatting reports"
EMP-3544,IT,"Data entry from invoices"
EMP-1953,Marketing,"Formatting reports"
EMP-1404,Customer Support,"Negotiating a client contract"
EMP-3427,Sales,"Interviewing new candidates"
EMP-2625,HR,"Resolving employee conflict"
EMP-3308,IT,"Interviewing new candidates"
EMP-1958,Customer Support,"Interviewing new candidates"
EMP-3280,Marketing,"Data entry from invoices"
EMP-2499,Customer Support,"Copy-pasting emails into CRM"
EMP-0684,Marketing,"Copy-pasting emails into CRM"
EMP-2080,Marketing,"Formatting reports"
EMP-0050,Customer Support,"Formatting reports"
EMP-2029,IT,"Leading a brainstorming session"
EMP-3629,HR,"Designing a new brand logo"
EMP-1963,Customer Support,"Negotiating a client contract"
EMP-3970,Customer Support,"Extracting numbers from PDFs"
EMP-2680,Customer Support,"Scheduling calendar invites"
EMP-3233,HR,"Negotiating a client contract"
EMP-1099,Sales,"Negotiating a client contract"
EMP-1066,Marketing,"Extracting numbers from PDFs"
EMP-3666,Sales,"Data entry from invoices"
EMP-2748,Customer Support,"Interviewing new candidates"
EMP-0096,HR,"High-level strategy planning"
EMP-1117,Sales,"Formatting reports"
EMP-0824,HR,"Leading a brainstorming session"
EMP-3315,HR,"Resolving employee conflict"
EMP-3798,Marketing,"Interviewing new candidates"
EMP-1440,Sales,"Interviewing new candidates"
EMP-1125,Marketing,"Extracting numbers from PDFs"
EMP-3412,Customer Support,"Copy-pasting emails into CRM"
EMP-3412,Customer Support,"Data entry from invoices"
EMP-1186,IT,"Data entry from invoices"
EMP-3394,Marketing,"Scheduling calendar invites"
EMP-2717,Sales,"Data entry from invoices"
EMP-2356,HR,"Resolving employee conflict"
EMP-0128,Customer Support,"Formatting reports"
EMP-3495,HR,"Leading a brainstorming session"
EMP-2249,Sales,"Scheduling calendar invites"
EMP-0479,Sales,"Scheduling calendar invites"
EMP-1871,IT,"Designing a new brand logo"
EMP-0631,Marketing,"Data entry from invoices"
EMP-0853,Customer Support,"Data entry from invoices"
EMP-3667,Marketing,"Copy-pasting emails into CRM"
EMP-1335,HR,"Designing a new brand logo"
EMP-1791,Sales,"Interviewing new candidates"
EMP-0245,Customer Support,"Sorting spreadsheets"
EMP-0712,IT,"Negotiating a client contract"
EMP-3072,IT,"Data entry from invoices"
EMP-3753,HR,"Data entry from invoices"
EMP-1895,Sales,"Copy-pasting emails into CRM"
EMP-1294,IT,"Copy-pasting emails into CRM"
EMP-0537,Sales,"Extracting numbers from PDFs"
EMP-2440,Marketing,"Copy-pasting emails into CRM"
EMP-2774,IT,"Data entry from invoices"
EMP-2506,IT,"High-level strategy planning"
EMP-1492,Customer Support,"Data entry from invoices"
EMP-2939,Sales,"Sorting spreadsheets"
EMP-2563,IT,"Resolving employee conflict"
EMP-3928,HR,"High-level strategy planning"
EMP-2179,Sales,"Sorting spreadsheets"
EMP-2888,Sales,"Extracting numbers from PDFs"
EMP-2844,HR,"Designing a new brand logo"
EMP-3460,Sales,"Sorting spreadsheets"
EMP-2755,Marketing,"Copy-pasting emails into CRM"
EMP-2917,IT,"Interviewing new candidates"
EMP-2754,HR,"Interviewing new candidates"
EMP-2804,Marketing,"Interviewing new candidates"
EMP-1158,Customer Support,"Formatting reports"
EMP-0776,HR,"Leading a brainstorming session"
EMP-3851,HR,"Copy-pasting emails into CRM"
EMP-0601,IT,"Resolving employee conflict"
EMP-0932,IT,"Data entry from invoices"
EMP-3761,Customer Support,"Negotiating a client contract"
EMP-0114,IT,"High-level strategy planning"
EMP-3648,IT,"Data entry from invoices"
EMP-3187,Marketing,"Formatting reports"
EMP-0915,Sales,"Scheduling calendar invites"
EMP-1126,HR,"Data entry from invoices"
EMP-2350,Marketing,"Negotiating a client contract"
EMP-2161,IT,"Data entry from invoices"
EMP-0950,Marketing,"Interviewing new candidates"
EMP-1579,HR,"Interviewing new candidates"
EMP-0348,Sales,"Data entry from invoices"
EMP-0555,Sales,"Scheduling calendar invites"
EMP-1428,Sales,"Data entry from invoices"
EMP-0850,Sales,"Sorting spreadsheets"
EMP-1274,Sales,"Formatting reports"
EMP-3676,Sales,"Interviewing new candidates"
EMP-0318,Sales,"Interviewing new candidates"
EMP-1292,Marketing,"Extracting numbers from PDFs"
EMP-3399,Marketing,"Copy-pasting emails into CRM"
EMP-2264,Customer Support,"Extracting numbers from PDFs"
EMP-0942,Sales,"Copy-pasting emails into CRM"
EMP-1883,Marketing,"Scheduling calendar invites"
EMP-1529,Marketing,"Copy-pasting emails into CRM"
EMP-1774,Marketing,"Data entry from invoices"
EMP-2167,Sales,"Copy-pasting emails into CRM"
EMP-3441,HR,"Resolving employee conflict"
EMP-3742,Marketing,"Data entry from invoices"
EMP-0718,Customer Support,"Sorting spreadsheets"
EMP-2889,Marketing,"Interviewing new candidates"
EMP-3399,Marketing,"Extracting numbers from PDFs"
EMP-0782,IT,"Data entry from invoices"
EMP-1821,Customer Support,"Sorting spreadsheets"
EMP-1541,Customer Support,"Negotiating a client contract"
EMP-1599,IT,"Interviewing new candidates"
EMP-0957,IT,"Leading a brainstorming session"
EMP-1398,Sales,"Interviewing new candidates"
EMP-0614,Customer Support,"Data entry from invoices"
EMP-0749,IT,"Interviewing new candidates"
EMP-1752,IT,"Negotiating a client contract"
EMP-0127,Sales,"Sorting spreadsheets"
EMP-0102,Sales,"Data entry from invoices"
EMP-1598,Sales,"Sorting spreadsheets"
EMP-2715,HR,"Designing a new brand logo"
EMP-0151,Customer Support,"Copy-pasting emails into CRM"
EMP-0132,HR,"Data entry from invoices"
EMP-2367,HR,"Data entry from invoices"
EMP-2735,Sales,"Formatting reports"
EMP-1413,Customer Support,"Scheduling calendar invites"
EMP-3413,Sales,"Negotiating a client contract"
EMP-2814,Marketing,"Sorting spreadsheets"
EMP-2944,Sales,"Interviewing new candidates"
EMP-2702,Marketing,"Sorting spreadsheets"
EMP-1979,Customer Support,"Negotiating a client contract"
EMP-2400,Sales,"Scheduling calendar invites"
EMP-3896,Sales,"Scheduling calendar invites"
EMP-0329,Customer Support,"Formatting reports"
EMP-3074,IT,"Resolving employee conflict"
EMP-2550,HR,"Designing a new brand logo"
EMP-2103,IT,"Designing a new brand logo"
EMP-3810,Customer Support,"Sorting spreadsheets"
EMP-1022,Marketing,"Data entry from invoices"
EMP-0137,IT,"Designing a new brand logo"
EMP-1041,Customer Support,"Interviewing new candidates"
EMP-0151,IT,"Negotiating a client contract"
EMP-0072,Sales,"Copy-pasting emails into CRM"
EMP-3760,Sales,"Copy-pasting emails into CRM"
EMP-1516,HR,"Designing a new brand logo"
EMP-2436,Sales,"Negotiating a client contract"
EMP-3136,HR,"High-level strategy planning"
EMP-1441,Marketing,"Scheduling calendar invites"
EMP-0034,HR,"Leading a brainstorming session"
EMP-1769,Marketing,"Sorting spreadsheets"
EMP-1745,Marketing,"Scheduling calendar invites"
EMP-2427,Customer Support,"Copy-pasting emails into CRM"
EMP-0255,Marketing,"Copy-pasting emails into CRM"
EMP-3045,IT,"Negotiating a client contract"
EMP-2381,HR,"Resolving employee conflict"
EMP-1034,IT,"Resolving employee conflict"
EMP-3061,IT,"Copy-pasting emails into CRM"
EMP-1281,Marketing,"Extracting numbers from PDFs"
EMP-0481,HR,"Data entry from invoices"
EMP-1010,Sales,"Extracting numbers from PDFs"
EMP-1888,IT,"Resolving employee conflict"
EMP-1459,HR,"Designing a new brand logo"
EMP-3681,Customer Support,"Data entry from invoices"
EMP-1101,Marketing,"Interviewing new candidates"
EMP-2954,HR,"Leading a brainstorming session"
EMP-0405,Marketing,"Extracting numbers from PDFs"
EMP-1330,Customer Support,"Sorting spreadsheets"
EMP-2520,Marketing,"Negotiating a client contract"
EMP-3599,Sales,"Copy-pasting emails into CRM"
EMP-1259,Marketing,"Data entry from invoices"
EMP-0441,Customer Support,"Formatting reports"
EMP-0508,Customer Support,"Negotiating a client contract"
EMP-0764,Sales,"Sorting spreadsheets"
EMP-2852,Sales,"Sorting spreadsheets"
EMP-3032,HR,"Leading a brainstorming session"
EMP-2981,Customer Support,"Copy-pasting emails into CRM"
EMP-1937,Marketing,"Formatting reports"
EMP-3546,Sales,"Formatting reports"
EMP-3483,HR,"Resolving employee conflict"
EMP-0626,Customer Support,"Interviewing new candidates"
EMP-2416,IT,"Resolving employee conflict"
EMP-2138,HR,"Copy-pasting emails into CRM"
EMP-3051,Sales,"Copy-pasting emails into CRM"
EMP-2074,HR,"Leading a brainstorming session"
EMP-1861,IT,"Interviewing new candidates"
EMP-3676,Marketing,"Data entry from invoices"
EMP-1687,IT,"Interviewing new candidates"
EMP-0029,IT,"Copy-pasting emails into CRM"
EMP-1947,Marketing,"Copy-pasting emails into CRM"
EMP-3394,IT,"Copy-pasting emails into CRM"
EMP-3671,IT,"Copy-pasting emails into CRM"
EMP-2753,Sales,"Extracting numbers from PDFs"
EMP-1049,HR,"Negotiating a client contract"
EMP-2765,Sales,"Scheduling calendar invites"
EMP-3418,IT,"Resolving employee conflict"
EMP-2509,IT,"Copy-pasting emails into CRM"
EMP-2175,Marketing,"Extracting numbers from PDFs"
EMP-1970,Sales,"Scheduling calendar invites"
EMP-2361,Customer Support,"Copy-pasting emails into CRM"
EMP-2812,Sales,"Extracting numbers from PDFs"
EMP-1443,Customer Support,"Negotiating a client contract"
EMP-2719,Customer Support,"Copy-pasting emails into CRM"
EMP-3873,Marketing,"Extracting numbers from PDFs"
EMP-0073,IT,"Leading a brainstorming session"
EMP-2994,Sales,"Scheduling calendar invites"
EMP-0095,IT,"Data entry from invoices"
EMP-2688,Marketing,"Scheduling calendar invites"
EMP-2715,Marketing,"Formatting reports"
EMP-2463,Customer Support,"Copy-pasting emails into CRM"
EMP-2094,Customer Support,"Data entry from invoices"
EMP-0502,IT,"Copy-pasting emails into CRM"
EMP-2430,Sales,"Scheduling calendar invites"
EMP-3071,IT,"Copy-pasting emails into CRM"
EMP-2025,HR,"Designing a new brand logo"
EMP-0608,Customer Support,"Copy-pasting emails into CRM"
EMP-1970,Sales,"Copy-pasting emails into CRM"
EMP-2371,IT,"Leading a brainstorming session"
EMP-3944,Marketing,"Scheduling calendar invites"
EMP-0478,HR,"Interviewing new candidates"
EMP-2730,Sales,"Negotiating a client contract"
EMP-3423,IT,"Copy-pasting emails into CRM"
EMP-0591,Marketing,"Data entry from invoices"
EMP-2019,HR,"High-level strategy planning"
EMP-1465,Sales,"Copy-pasting emails into CRM"
EMP-3232,Marketing,"Sorting spreadsheets"
EMP-1041,IT,"Data entry from invoices"
EMP-0967,IT,"Copy-pasting emails into CRM"
EMP-3998,HR,"Leading a brainstorming session"
EMP-0103,HR,"High-level strategy planning"
EMP-3608,IT,"High-level strategy planning"
EMP-3190,Sales,"Sorting spreadsheets"
EMP-3152,IT,"Leading a brainstorming session"
EMP-0426,Sales,"Data entry from invoices"
EMP-1537,Sales,"Data entry from invoices"
EMP-1629,Sales,"Scheduling calendar invites"
EMP-1410,Sales,"Negotiating a client contract"
EMP-1956,Marketing,"Copy-pasting emails into CRM"
EMP-2951,Marketing,"Copy-pasting emails into CRM"
EMP-0775,IT,"Resolving employee conflict"
EMP-1512,Customer Support,"Extracting numbers from PDFs"
EMP-3945,Marketing,"Data entry from invoices"
EMP-1057,Customer Support,"Interviewing new candidates"
EMP-0900,HR,"Negotiating a client contract"
EMP-2933,Sales,"Extracting numbers from PDFs"
EMP-1039,Marketing,"Copy-pasting emails into CRM"
EMP-1075,Customer Support,"Data entry from invoices"
EMP-0890,Customer Support,"Formatting reports"
EMP-3685,Marketing,"Extracting numbers from PDFs"
EMP-0179,HR,"Copy-pasting emails into CRM"
EMP-2202,Sales,"Extracting numbers from PDFs"
EMP-0782,Customer Support,"Interviewing new candidates"
EMP-1614,IT,"Data entry from invoices"
EMP-2831,Sales,"Negotiating a client contract"
EMP-3773,Marketing,"Scheduling calendar invites"
EMP-3381,Marketing,"Sorting spreadsheets"
EMP-3486,IT,"Copy-pasting emails into CRM"
EMP-2036,Customer Support,"Copy-pasting emails into CRM"
EMP-3934,Marketing,"Sorting spreadsheets"
EMP-2884,Customer Support,"Sorting spreadsheets"
EMP-1895,IT,"Copy-pasting emails into CRM"
EMP-0068,HR,"Copy-pasting emails into CRM"
EMP-0608,Sales,"Sorting spreadsheets"
EMP-0896,Marketing,"Sorting spreadsheets"
EMP-0647,Marketing,"Extracting numbers from PDFs"
EMP-1864,HR,"Leading a brainstorming session"
EMP-3283,Customer Support,"Copy-pasting emails into CRM"
EMP-1651,HR,"Copy-pasting emails into CRM"
EMP-2496,IT,"High-level strategy planning"
EMP-1922,Sales,"Sorting spreadsheets"
EMP-2713,Marketing,"Sorting spreadsheets"
EMP-1046,Customer Support,"Extracting numbers from PDFs"
EMP-0542,Customer Support,"Sorting spreadsheets"
EMP-2321,IT,"Leading a brainstorming session"
EMP-3238,IT,"High-level strategy planning"
EMP-3555,HR,"Resolving employee conflict"
EMP-2086,HR,"Copy-pasting emails into CRM"
EMP-3706,Sales,"Sorting spreadsheets"
EMP-2999,Marketing,"Interviewing new candidates"
EMP-2045,Sales,"Sorting spreadsheets"
EMP-0222,Customer Support,"Copy-pasting emails into CRM"
EMP-1289,Marketing,"Formatting reports"
EMP-0714,IT,"Copy-pasting emails into CRM"
EMP-2827,Marketing,"Copy-pasting emails into CRM"
EMP-2468,Customer Support,"Data entry from invoices"
EMP-3102,HR,"Resolving employee conflict"
EMP-0614,Marketing,"Extracting numbers from PDFs"
EMP-2619,Customer Support,"Formatting reports"
EMP-0293,IT,"Copy-pasting emails into CRM"
EMP-3923,IT,"Copy-pasting emails into CRM"
EMP-3698,Customer Support,"Interviewing new candidates"
EMP-0328,Sales,"Data entry from invoices"
EMP-3190,IT,"Data entry from invoices"
EMP-0098,HR,"Leading a brainstorming session"
EMP-2561,IT,"Resolving employee conflict"
EMP-3911,Marketing,"Extracting numbers from PDFs"
EMP-3851,HR,"Leading a brainstorming session"
EMP-0333,Marketing,"Scheduling calendar invites"
EMP-0400,Marketing,"Sorting spreadsheets"
EMP-2915,Marketing,"Extracting numbers from PDFs"
EMP-0825,Customer Support,"Formatting reports"
EMP-0904,Customer Support,"Scheduling calendar invites"
EMP-3471,Sales,"Formatting reports"
EMP-0389,Customer Support,"Extracting numbers from PDFs"
EMP-0723,Customer Support,"Copy-pasting emails into CRM"
EMP-2058,IT,"High-level strategy planning"
EMP-1237,HR,"Copy-pasting emails into CRM"
EMP-2507,IT,"Resolving employee conflict"
EMP-2082,Marketing,"Interviewing new candidates"
EMP-1318,Customer Support,"Data entry from invoices"
EMP-0544,HR,"Copy-pasting emails into CRM"
EMP-2689,HR,"Data entry from invoices"
EMP-2516,Marketing,"Scheduling calendar invites"
EMP-2772,HR,"Interviewing new candidates"
EMP-3336,Marketing,"Sorting spreadsheets"
EMP-1228,IT,"Copy-pasting emails into CRM"
EMP-0296,Customer Support,"Negotiating a client contract"
EMP-2278,Sales,"Sorting spreadsheets"
EMP-1382,Sales,"Data entry from invoices"
EMP-1182,Customer Support,"Scheduling calendar invites"
EMP-0161,HR,"Leading a brainstorming session"
EMP-1706,Marketing,"Data entry from invoices"
EMP-3021,Sales,"Formatting reports"
EMP-2577,Customer Support,"Copy-pasting emails into CRM"
EMP-2066,Sales,"Data entry from invoices"
EMP-2862,Customer Support,"Data entry from invoices"
EMP-1704,IT,"Leading a brainstorming session"
EMP-0222,Sales,"Scheduling calendar invites"
EMP-0379,Customer Support,"Sorting spreadsheets"
EMP-3969,Marketing,"Sorting spreadsheets"
EMP-3005,Customer Support,"Sorting spreadsheets"
EMP-0784,Customer Support,"Sorting spreadsheets"
EMP-2361,Customer Support,"Copy-pasting emails into CRM"
EMP-3345,Sales,"Interviewing new candidates"
EMP-0177,IT,"High-level strategy planning"
EMP-2428,Marketing,"Copy-pasting emails into CRM"
EMP-0885,Sales,"Scheduling calendar invites"
EMP-1034,Customer Support,"Data entry from invoices"
EMP-3638,Marketing,"Formatting reports"
EMP-0896,Customer Support,"Sorting spreadsheets"
EMP-0129,Customer Support,"Sorting spreadsheets"
EMP-2010,Marketing,"Formatting reports"
EMP-1314,HR,"Data entry from invoices"
EMP-0360,IT,"Leading a brainstorming session"
EMP-3499,IT,"Designing a new brand logo"
EMP-0499,Sales,"Negotiating a client contract"
EMP-3575,IT,"Negotiating a client contract"
EMP-3677,Sales,"Negotiating a client contract"
EMP-0269,IT,"Leading a brainstorming session"
EMP-2972,HR,"Designing a new brand logo"
EMP-0963,Customer Support,"Data entry from invoices"
EMP-1020,HR,"Leading a brainstorming session"
EMP-2626,IT,"Resolving employee conflict"
EMP-3883,Sales,"Scheduling calendar invites"
EMP-3295,Sales,"Negotiating a client contract"
EMP-1669,HR,"Copy-pasting emails into CRM"
EMP-3034,HR,"Designing a new brand logo"
EMP-2331,HR,"Resolving employee conflict"
EMP-2262,Customer Support,"Interviewing new candidates"
EMP-2184,Customer Support,"Data entry from invoices"
EMP-0813,HR,"Designing a new brand logo"
EMP-0568,IT,"Designing a new brand logo"
EMP-0312,Customer Support,"Scheduling calendar invites"
EMP-0374,Customer Support,"Data entry from invoices"
EMP-0148,IT,"Data entry from invoices"
EMP-0427,Marketing,"Formatting reports"
EMP-2255,Sales,"Sorting spreadsheets"
EMP-1966,Sales,"Interviewing new candidates"
EMP-3195,Customer Support,"Data entry from invoices"
EMP-0784,Customer Support,"Data entry from invoices"
EMP-3399,IT,"Copy-pasting emails into CRM"
EMP-0144,Marketing,"Scheduling calendar invites"
EMP-2439,HR,"Resolving employee conflict"
EMP-2421,IT,"Interviewing new candidates"
EMP-3167,Customer Support,"Formatting reports"
EMP-3094,Sales,"Data entry from invoices"
EMP-0246,HR,"Data entry from invoices"
EMP-0252,HR,"Interviewing new candidates"
EMP-2962,HR,"Copy-pasting emails into CRM"
EMP-0753,HR,"Copy-pasting emails into CRM"
EMP-2043,IT,"High-level strategy planning"
EMP-0331,HR,"Negotiating a client contract"
EMP-2513,IT,"Leading a brainstorming session"
EMP-3217,Customer Support,"Extracting numbers from PDFs"
EMP-1865,IT,"Resolving employee conflict"
EMP-0488,Sales,"Data entry from invoices"
EMP-3877,Sales,"Formatting reports"
EMP-1198,Customer Support,"Interviewing new candidates"
EMP-1839,Marketing,"Scheduling calendar invites"
EMP-3861,Customer Support,"Copy-pasting emails into CRM"
EMP-3059,Sales,"Extracting numbers from PDFs"
EMP-2216,IT,"High-level strategy planning"
EMP-0826,IT,"Leading a brainstorming session"
EMP-0627,Sales,"Negotiating a client contract"
EMP-3541,Sales,"Data entry from invoices"
EMP-0750,Customer Support,"Data entry from invoices"
EMP-3954,Marketing,"Data entry from invoices"
EMP-2757,HR,"High-level strategy planning"
EMP-3626,HR,"Copy-pasting emails into CRM"
EMP-2604,Customer Support,"Scheduling calendar invites"
EMP-0084,HR,"High-level strategy planning"
EMP-3633,Customer Support,"Scheduling calendar invites"
EMP-0441,Customer Support,"Extracting numbers from PDFs"
EMP-3376,IT,"Leading a brainstorming session"
EMP-1196,HR,"Data entry from invoices"
EMP-1363,HR,"Leading a brainstorming session"
EMP-0709,Sales,"Data entry from invoices"
EMP-1749,HR,"Data entry from invoices"
EMP-3395,HR,"Data entry from invoices"
EMP-0173,Marketing,"Formatting reports"
EMP-2013,IT,"Interviewing new candidates"
EMP-1492,HR,"Data entry from invoices"
EMP-3888,HR,"High-level strategy planning"
EMP-0410,Marketing,"Copy-pasting emails into CRM"
EMP-1812,Marketing,"Scheduling calendar invites"
EMP-0722,HR,"Interviewing new candidates"
EMP-3093,HR,"Resolving employee conflict"
EMP-3945,Marketing,"Negotiating a client contract"
EMP-3727,Marketing,"Interviewing new candidates"
EMP-3682,Customer Support,"Extracting numbers from PDFs"
EMP-3847,HR,"Copy-pasting emails into CRM"
EMP-1497,HR,"Copy-pasting emails into CRM"
EMP-3353,Customer Support,"Sorting spreadsheets"
EMP-3963,Customer Support,"Sorting spreadsheets"
EMP-1870,HR,"Data entry from invoices"
EMP-0533,Marketing,"Sorting spreadsheets"
EMP-3433,Sales,"Formatting reports"
EMP-0977,Sales,"Formatting reports"
EMP-2563,Marketing,"Sorting spreadsheets"
EMP-3685,HR,"Copy-pasting emails into CRM"
EMP-1802,Sales,"Copy-pasting emails into CRM"
EMP-2115,HR,"Resolving employee conflict"
EMP-2261,IT,"Interviewing new candidates"
EMP-3520,Sales,"Negotiating a client contract"
EMP-2058,HR,"High-level strategy planning"
EMP-3454,Marketing,"Negotiating a client contract"
EMP-2916,IT,"Negotiating a client contract"
EMP-0303,Marketing,"Data entry from invoices"
EMP-3251,Customer Support,"Sorting spreadsheets"
EMP-1708,Sales,"Sorting spreadsheets"
EMP-2923,HR,"Designing a new brand logo"
EMP-0416,IT,"Copy-pasting emails into CRM"
EMP-0035,Customer Support,"Extracting numbers from PDFs"
EMP-1536,IT,"Interviewing new candidates"
EMP-2227,IT,"Designing a new brand logo"
EMP-2000,Sales,"Sorting spreadsheets"
EMP-1650,IT,"Interviewing new candidates"
EMP-2055,HR,"Leading a brainstorming session"
EMP-3499,IT,"Negotiating a client contract"
EMP-1701,IT,"Copy-pasting emails into CRM"
EMP-1453,Marketing,"Extracting numbers from PDFs"
EMP-1236,Sales,"Data entry from invoices"
EMP-1569,Customer Support,"Interviewing new candidates"
EMP-2002,Customer Support,"Extracting numbers from PDFs"
EMP-0459,Customer Support,"Copy-pasting emails into CRM"
EMP-2367,IT,"Copy-pasting emails into CRM"
EMP-0314,Marketing,"Extracting numbers from PDFs"
EMP-0339,HR,"Copy-pasting emails into CRM"
EMP-0930,Customer Support,"Extracting numbers from PDFs"
EMP-0887,Sales,"Copy-pasting emails into CRM"
EMP-1525,Customer Support,"Formatting reports"
EMP-2056,Customer Support,"Formatting reports"
EMP-1458,IT,"Interviewing new candidates"
EMP-3105,HR,"Copy-pasting emails into CRM"
EMP-0234,IT,"Data entry from invoices"
EMP-0158,Marketing,"Scheduling calendar invites"
EMP-3427,Customer Support,"Interviewing new candidates"
EMP-2817,Customer Support,"Sorting spreadsheets"
EMP-3784,Marketing,"Copy-pasting emails into CRM"
EMP-3420,Marketing,"Sorting spreadsheets"
EMP-1584,Marketing,"Formatting reports"
EMP-1896,Customer Support,"Formatting reports"
EMP-1767,HR,"Negotiating a client contract"
EMP-1438,HR,"Designing a new brand logo"
EMP-0438,HR,"Resolving employee conflict"
EMP-2461,Customer Support,"Extracting numbers from PDFs"
EMP-3548,Customer Support,"Sorting spreadsheets"
EMP-3204,HR,"Resolving employee conflict"
EMP-1708,IT,"Designing a new brand logo"
EMP-0646,Marketing,"Negotiating a client contract"
EMP-0186,Sales,"Sorting spreadsheets"
EMP-1850,IT,"High-level strategy planning"
EMP-3199,Customer Support,"Extracting numbers from PDFs"
EMP-3498,IT,"Copy-pasting emails into CRM"
EMP-1875,HR,"Resolving employee conflict"
EMP-1331,Marketing,"Scheduling calendar invites"
EMP-1577,Sales,"Formatting reports"
EMP-2485,HR,"Copy-pasting emails into CRM"
EMP-0579,HR,"Designing a new brand logo"
EMP-3218,HR,"Interviewing new candidates"
EMP-0182,Customer Support,"Scheduling calendar invites"
EMP-1988,Sales,"Scheduling calendar invites"
EMP-3038,Customer Support,"Sorting spreadsheets"
EMP-0104,Sales,"Extracting numbers from PDFs"
EMP-2871,IT,"Interviewing new candidates"
EMP-0737,Customer Support,"Copy-pasting emails into CRM"
EMP-2153,Marketing,"Sorting spreadsheets"
EMP-1083,HR,"Copy-pasting emails into CRM"
EMP-3171,HR,"Leading a brainstorming session"
EMP-0050,Customer Support,"Scheduling calendar invites"
EMP-0632,HR,"Designing a new brand logo"
EMP-1950,HR,"Interviewing new candidates"
EMP-3229,Marketing,"Scheduling calendar invites"
EMP-3969,IT,"Designing a new brand logo"
EMP-1957,Marketing,"Scheduling calendar invites"
EMP-3041,Marketing,"Data entry from invoices"
EMP-3570,Marketing,"Data entry from invoices"
EMP-0913,Marketing,"Sorting spreadsheets"
EMP-2476,HR,"Data entry from invoices"
EMP-2323,Marketing,"Negotiating a client contract"
EMP-1278,IT,"High-level strategy planning"
EMP-1012,HR,"Copy-pasting emails into CRM"
EMP-1918,HR,"Interviewing new candidates"
EMP-3781,IT,"High-level strategy planning"
EMP-0039,Marketing,"Sorting spreadsheets"
EMP-3436,IT,"Resolving employee conflict"
EMP-2215,Customer Support,"Formatting reports"
EMP-3830,Sales,"Data entry from invoices"
EMP-0337,Customer Support,"Scheduling calendar invites"
EMP-3375,HR,"Designing a new brand logo"
EMP-3023,Sales,"Sorting spreadsheets"
EMP-3535,HR,"Interviewing new candidates"
EMP-2014,Marketing,"Formatting reports"
EMP-1768,Marketing,"Scheduling calendar invites"
EMP-2749,Sales,"Extracting numbers from PDFs"
EMP-3682,Marketing,"Data entry from invoices"
EMP-2780,Customer Support,"Sorting spreadsheets"
EMP-0272,Marketing,"Copy-pasting emails into CRM"
EMP-0443,Marketing,"Extracting numbers from PDFs"
EMP-3124,Marketing,"Extracting numbers from PDFs"
EMP-0390,IT,"Designing a new brand logo"
EMP-3599,HR,"Interviewing new candidates"
EMP-2293,Sales,"Scheduling calendar invites"
EMP-1755,Sales,"Copy-pasting emails into CRM"
EMP-2991,IT,"Data entry from invoices"
EMP-2713,HR,"Leading a brainstorming session"
EMP-2843,HR,"Data entry from invoices"
EMP-1479,Sales,"Data entry from invoices"
EMP-3696,Sales,"Extracting numbers from PDFs"
EMP-2991,Marketing,"Formatting reports"
EMP-1473,HR,"Interviewing new candidates"
EMP-2002,IT,"Copy-pasting emails into CRM"
EMP-1096,HR,"Negotiating a client contract"
EMP-0164,Sales,"Extracting numbers from PDFs"
EMP-0582,Customer Support,"Scheduling calendar invites"
EMP-2768,Marketing,"Extracting numbers from PDFs"
EMP-1206,Marketing,"Data entry from invoices"
EMP-3993,HR,"Resolving employee conflict"
EMP-3592,Customer Support,"Formatting reports"
EMP-0900,HR,"Leading a brainstorming session"
EMP-1878,Customer Support,"Extracting numbers from PDFs"
EMP-2567,Sales,"Copy-pasting emails into CRM"
EMP-1316,IT,"Resolving employee conflict"
EMP-2169,IT,"Data entry from invoices"
EMP-2639,HR,"Interviewing new candidates"
EMP-2993,Sales,"Sorting spreadsheets"
EMP-1829,Sales,"Copy-pasting emails into CRM"
EMP-2274,Customer Support,"Sorting spreadsheets"
EMP-1172,Customer Support,"Sorting spreadsheets"
EMP-1397,HR,"Interviewing new candidates"
EMP-1595,Sales,"Formatting reports"
EMP-1737,Marketing,"Copy-pasting emails into CRM"
EMP-2889,Sales,"Extracting numbers from PDFs"
EMP-0679,Marketing,"Negotiating a client contract"
EMP-0147,HR,"Data entry from invoices"
EMP-0372,HR,"Leading a brainstorming session"
EMP-2963,Marketing,"Negotiating a client contract"
EMP-1529,Marketing,"Formatting reports"
EMP-0756,Sales,"Scheduling calendar invites"
EMP-0941,Marketing,"Scheduling calendar invites"
EMP-0970,HR,"Negotiating a client contract"
EMP-3167,Marketing,"Scheduling calendar invites"
EMP-2749,IT,"Interviewing new candidates"
EMP-3091,Customer Support,"Interviewing new candidates"
EMP-3669,Sales,"Copy-pasting emails into CRM"
EMP-3404,IT,"Designing a new brand logo"
EMP-3343,IT,"Designing a new brand logo"
EMP-1034,Sales,"Copy-pasting emails into CRM"
EMP-0278,IT,"Negotiating a client contract"
EMP-1106,Marketing,"Negotiating a client contract"
EMP-1510,Sales,"Negotiating a client contract"
EMP-0015,Sales,"Sorting spreadsheets"
EMP-0605,HR,"Negotiating a client contract"
EMP-1500,Sales,"Sorting spreadsheets"
EMP-1939,Marketing,"Copy-pasting emails into CRM"
EMP-3736,HR,"Interviewing new candidates"
EMP-0657,Customer Support,"Scheduling calendar invites"
EMP-3799,HR,"Resolving employee conflict"
EMP-0187,Marketing,"Negotiating a client contract"
EMP-0824,Marketing,"Sorting spreadsheets"
EMP-0510,IT,"Leading a brainstorming session"
EMP-3940,Customer Support,"Negotiating a client contract"
EMP-3801,Marketing,"Sorting spreadsheets"
EMP-3893,Customer Support,"Data entry from invoices"
EMP-2781,Marketing,"Copy-pasting emails into CRM"
EMP-2706,HR,"Interviewing new candidates"
EMP-2949,Sales,"Copy-pasting emails into CRM"
EMP-0491,IT,"Resolving employee conflict"
EMP-0493,Sales,"Copy-pasting emails into CRM"
EMP-2707,IT,"Designing a new brand logo"
EMP-2218,HR,"High-level strategy planning"
EMP-2068,Marketing,"Formatting reports"
EMP-2862,HR,"Interviewing new candidates"
EMP-1853,Customer Support,"Formatting reports"
EMP-0507,Sales,"Formatting reports"
EMP-3324,Marketing,"Extracting numbers from PDFs"
EMP-1590,IT,"Designing a new brand logo"
EMP-2585,IT,"Copy-pasting emails into CRM"
EMP-3386,HR,"Data entry from invoices"
EMP-2477,Marketing,"Scheduling calendar invites"
EMP-0762,Customer Support,"Interviewing new candidates"
EMP-0744,Marketing,"Interviewing new candidates"
EMP-2038,Marketing,"Sorting spreadsheets"
EMP-1826,Marketing,"Negotiating a client contract"
EMP-3761,Marketing,"Negotiating a client contract"
EMP-2144,Sales,"Scheduling calendar invites"
EMP-0509,Sales,"Formatting reports"
EMP-1767,Customer Support,"Negotiating a client contract"
EMP-0456,Customer Support,"Scheduling calendar invites"
EMP-0139,Sales,"Negotiating a client contract"
EMP-3668,IT,"Negotiating a client contract"
EMP-1236,IT,"Resolving employee conflict"
EMP-1360,Sales,"Negotiating a client contract"
EMP-3921,Customer Support,"Copy-pasting emails into CRM"
EMP-0852,Customer Support,"Extracting numbers from PDFs"
EMP-0508,Sales,"Interviewing new candidates"
EMP-2280,IT,"Data entry from invoices"
EMP-0626,Sales,"Extracting numbers from PDFs"
EMP-2600,Sales,"Copy-pasting emails into CRM"
EMP-1473,Marketing,"Extracting numbers from PDFs"
EMP-0987,Marketing,"Negotiating a client contract"
EMP-3551,IT,"Data entry from invoices"
EMP-1038,IT,"Data entry from invoices"
EMP-0625,HR,"Interviewing new candidates"
EMP-0452,Sales,"Copy-pasting emails into CRM"
EMP-1531,Customer Support,"Formatting reports"
EMP-0565,Marketing,"Negotiating a client contract"
EMP-1821,Marketing,"Sorting spreadsheets"
EMP-0020,Sales,"Interviewing new candidates"
EMP-1926,HR,"Data entry from invoices"
EMP-3963,Customer Support,"Formatting reports"
EMP-2488,HR,"Leading a brainstorming session"
EMP-3072,IT,"Resolving employee conflict"
EMP-3936,Marketing,"Scheduling calendar invites"
EMP-3774,IT,"High-level strategy planning"
EMP-3061,Marketing,"Copy-pasting emails into CRM"
EMP-1802,Sales,"Data entry from invoices"
EMP-0973,HR,"Data entry from invoices"
EMP-3083,Sales,"Scheduling calendar invites"
EMP-3412,Sales,"Data entry from invoices"
EMP-0409,Customer Support,"Copy-pasting emails into CRM"
EMP-1512,HR,"Interviewing new candidates"
EMP-1065,Marketing,"Sorting spreadsheets"
EMP-2418,Sales,"Copy-pasting emails into CRM"
EMP-0856,HR,"Data entry from invoices"
EMP-0466,Sales,"Data entry from invoices"
EMP-1892,Customer Support,"Copy-pasting emails into CRM"
EMP-1923,Customer Support,"Extracting numbers from PDFs"
EMP-0539,HR,"Resolving employee conflict"
EMP-2462,HR,"Resolving employee conflict"
EMP-1506,Marketing,"Copy-pasting emails into CRM"
EMP-2483,Marketing,"Scheduling calendar invites"
EMP-0989,Marketing,"Formatting reports"
EMP-3016,Sales,"Scheduling calendar invites"
EMP-1038,IT,"Leading a brainstorming session"
EMP-1488,Customer Support,"Sorting spreadsheets"
EMP-2583,Marketing,"Formatting reports"
EMP-0030,Marketing,"Scheduling calendar invites"
EMP-0247,IT,"Data entry from invoices"
EMP-1859,Customer Support,"Data entry from invoices"
EMP-0609,Marketing,"Sorting spreadsheets"
EMP-2279,Sales,"Scheduling calendar invites"
EMP-0421,Marketing,"Formatting reports"
EMP-3035,HR,"Data entry from invoices"
EMP-3944,Marketing,"Data entry from invoices"
EMP-2556,Customer Support,"Formatting reports"
EMP-3241,IT,"Negotiating a client contract"
EMP-2487,Marketing,"Negotiating a client contract"
EMP-0829,Marketing,"Interviewing new candidates"
EMP-0033,HR,"Interviewing new candidates"
EMP-1644,Sales,"Extracting numbers from PDFs"
EMP-3143,Customer Support,"Extracting numbers from PDFs"
EMP-1313,Sales,"Extracting numbers from PDFs"
EMP-0462,HR,"Interviewing new candidates"
EMP-0795,IT,"Interviewing new candidates"
EMP-2325,HR,"Copy-pasting emails into CRM"
EMP-0570,HR,"Negotiating a client contract"
EMP-1792,Customer Support,"Formatting reports"
EMP-0069,Customer Support,"Data entry from invoices"
EMP-3161,IT,"Resolving employee conflict"
EMP-2285,IT,"Data entry from invoices"
EMP-0666,Marketing,"Interviewing new candidates"
EMP-2828,Customer Support,"Copy-pasting emails into CRM"
EMP-0350,Sales,"Sorting spreadsheets"
EMP-3239,Customer Support,"Scheduling calendar invites"
EMP-1294,Customer Support,"Scheduling calendar invites"
EMP-3545,Marketing,"Data entry from invoices"
EMP-1416,Marketing,"Extracting numbers from PDFs"
EMP-1226,Sales,"Interviewing new candidates"
EMP-0852,Customer Support,"Copy-pasting emails into CRM"
EMP-1253,HR,"Negotiating a client contract"
EMP-1415,IT,"Data entry from invoices"
EMP-3049,Marketing,"Extracting numbers from PDFs"
EMP-2244,HR,"Copy-pasting emails into CRM"
EMP-1400,IT,"Leading a brainstorming session"
EMP-2834,Sales,"Negotiating a client contract"
EMP-0980,Sales,"Extracting numbers from PDFs"
EMP-1489,HR,"Copy-pasting emails into CRM"
EMP-2126,IT,"High-level strategy planning"
EMP-3820,Marketing,"Scheduling calendar invites"
EMP-2158,Sales,"Copy-pasting emails into CRM"
EMP-3664,Marketing,"Sorting spreadsheets"
EMP-2724,HR,"Interviewing new candidates"
EMP-1653,Customer Support,"Interviewing new candidates"
EMP-0337,IT,"Interviewing new candidates"
EMP-0686,HR,"Designing a new brand logo"
EMP-0300,Marketing,"Extracting numbers from PDFs"
EMP-2467,Sales,"Scheduling calendar invites"
EMP-3801,Sales,"Interviewing new candidates"
EMP-2962,IT,"Negotiating a client contract"
EMP-2226,Customer Support,"Scheduling calendar invites"
EMP-2293,HR,"Copy-pasting emails into CRM"
EMP-3353,IT,"Data entry from invoices"
EMP-3881,Marketing,"Formatting reports"
EMP-2278,HR,"Resolving employee conflict"
EMP-3555,IT,"Resolving employee conflict"
EMP-1952,IT,"Resolving employee conflict"
EMP-1723,IT,"Resolving employee conflict"
EMP-3817,Customer Support,"Extracting numbers from PDFs"
EMP-2697,Customer Support,"Sorting spreadsheets"
EMP-1365,HR,"High-level strategy planning"
EMP-1324,Customer Support,"Data entry from invoices"
EMP-0457,Customer Support,"Formatting reports"
EMP-2914,IT,"Resolving employee conflict"
EMP-2811,HR,"Resolving employee conflict"
EMP-0424,IT,"Negotiating a client contract"
EMP-1009,Marketing,"Formatting reports"
EMP-1864,IT,"Designing a new brand logo"
EMP-3456,HR,"Interviewing new candidates"
EMP-3695,Customer Support,"Copy-pasting emails into CRM"
EMP-3509,Customer Support,"Sorting spreadsheets"
EMP-0304,Sales,"Formatting reports"
EMP-2859,IT,"Negotiating a client contract"
EMP-2202,IT,"Copy-pasting emails into CRM"
EMP-3947,Customer Support,"Sorting spreadsheets"
EMP-2981,Sales,"Data entry from invoices"
EMP-2708,Sales,"Scheduling calendar invites"
EMP-1252,HR,"High-level strategy planning"
EMP-3769,Customer Support,"Scheduling calendar invites"
EMP-0856,Sales,"Interviewing new candidates"
EMP-1474,Sales,"Extracting numbers from PDFs"
EMP-3958,Marketing,"Extracting numbers from PDFs"
EMP-1266,Marketing,"Extracting numbers from PDFs"
EMP-2420,HR,"Negotiating a client contract"
EMP-3156,Sales,"Sorting spreadsheets"
EMP-2026,HR,"Negotiating a client contract"
EMP-0551,Customer Support,"Scheduling calendar invites"
EMP-1018,IT,"Designing a new brand logo"
EMP-3166,Sales,"Extracting numbers from PDFs"
EMP-0042,HR,"Negotiating a client contract"
EMP-0175,Customer Support,"Formatting reports"
EMP-0934,Marketing,"Negotiating a client contract"
EMP-3828,Marketing,"Data entry from invoices"
EMP-1956,Marketing,"Scheduling calendar invites"
EMP-1695,Customer Support,"Extracting numbers from PDFs"
EMP-1587,IT,"Resolving employee conflict"
EMP-3463,HR,"Data entry from invoices"
EMP-1463,HR,"Copy-pasting emails into CRM"
EMP-0932,IT,"Copy-pasting emails into CRM"
EMP-2795,Marketing,"Sorting spreadsheets"
EMP-1276,Sales,"Scheduling calendar invites"
EMP-3055,Customer Support,"Scheduling calendar invites"
EMP-3028,IT,"Data entry from invoices"
EMP-1755,Marketing,"Data entry from invoices"
EMP-3670,Marketing,"Copy-pasting emails into CRM"
EMP-1478,IT,"Copy-pasting emails into CRM"
EMP-1485,Sales,"Extracting numbers from PDFs"
EMP-0289,Customer Support,"Copy-pasting emails into CRM"
EMP-2372,Sales,"Data entry from invoices"
EMP-2148,Customer Support,"Negotiating a client contract"
EMP-0975,HR,"Designing a new brand logo"
EMP-0170,HR,"Negotiating a client contract"
EMP-2301,Customer Support,"Formatting reports"
EMP-0879,Sales,"Interviewing new candidates"
EMP-1079,IT,"High-level strategy planning"
EMP-3851,Marketing,"Negotiating a client contract"
EMP-3757,Sales,"Sorting spreadsheets"
EMP-0762,Customer Support,"Sorting spreadsheets"
EMP-0805,Marketing,"Data entry from invoices"
EMP-1162,Sales,"Copy-pasting emails into CRM"
EMP-2762,HR,"Copy-pasting emails into CRM"
EMP-3230,Customer Support,"Formatting reports"
EMP-3450,IT,"Copy-pasting emails into CRM"
EMP-2313,Sales,"Data entry from invoices"
EMP-3438,HR,"High-level strategy planning"
EMP-3153,IT,"Designing a new brand logo"
EMP-0073,Marketing,"Interviewing new candidates"
EMP-3118,IT,"Interviewing new candidates"
EMP-1542,Sales,"Data entry from invoices"
EMP-3141,Sales,"Data entry from invoices"
EMP-2498,Marketing,"Formatting reports"
EMP-1058,IT,"High-level strategy planning"
EMP-2175,Customer Support,"Negotiating a client contract"
EMP-2635,Customer Support,"Sorting spreadsheets"
EMP-1379,HR,"Designing a new brand logo"
EMP-0853,Marketing,"Extracting numbers from PDFs"
EMP-2153,HR,"Resolving employee conflict"
EMP-0819,HR,"Designing a new brand logo"
EMP-1101,Sales,"Extracting numbers from PDFs"
EMP-1561,Sales,"Extracting numbers from PDFs"
EMP-2490,Customer Support,"Formatting reports"
EMP-1229,Marketing,"Scheduling calendar invites"
EMP-3017,Customer Support,"Interviewing new candidates"
EMP-0008,Customer Support,"Extracting numbers from PDFs"
EMP-3818,Sales,"Formatting reports"
EMP-2498,Sales,"Negotiating a client contract"
EMP-1016,HR,"Designing a new brand logo"
EMP-3265,Sales,"Formatting reports"
EMP-1792,Sales,"Negotiating a client contract"
EMP-2682,Sales,"Interviewing new candidates"
EMP-2787,Sales,"Interviewing new candidates"
EMP-2058,HR,"Copy-pasting emails into CRM"
EMP-3343,Marketing,"Copy-pasting emails into CRM"
EMP-1028,Customer Support,"Copy-pasting emails into CRM"
EMP-2454,Customer Support,"Extracting numbers from PDFs"
EMP-3603,Sales,"Formatting reports"
EMP-3683,HR,"Interviewing new candidates"
EMP-0780,Sales,"Sorting spreadsheets"
EMP-2980,Sales,"Sorting spreadsheets"
EMP-1303,Customer Support,"Extracting numbers from PDFs"
EMP-3674,HR,"Interviewing new candidates"
EMP-1394,Sales,"Formatting reports"
EMP-3455,Marketing,"Sorting spreadsheets"
EMP-0797,Sales,"Data entry from invoices"
EMP-0014,HR,"High-level strategy planning"
EMP-2941,Sales,"Extracting numbers from PDFs"
EMP-1369,HR,"Data entry from invoices"
EMP-1010,IT,"Interviewing new candidates"
EMP-2920,IT,"Interviewing new candidates"
EMP-0373,HR,"Data entry from invoices"
EMP-2242,Customer Support,"Data entry from invoices"
EMP-0433,Customer Support,"Formatting reports"
EMP-2258,Sales,"Extracting numbers from PDFs"
EMP-3334,Sales,"Interviewing new candidates"
EMP-3832,Customer Support,"Extracting numbers from PDFs"
EMP-1252,HR,"Designing a new brand logo"
EMP-0863,IT,"High-level strategy planning"
EMP-1876,Marketing,"Negotiating a client contract"
EMP-1220,Sales,"Sorting spreadsheets"
EMP-3819,HR,"Negotiating a client contract"
EMP-0463,Sales,"Interviewing new candidates"
EMP-2849,Sales,"Scheduling calendar invites"
EMP-3145,Marketing,"Data entry from invoices"
EMP-0543,Sales,"Data entry from invoices"
EMP-3211,Sales,"Sorting spreadsheets"
EMP-3554,Sales,"Scheduling calendar invites"
EMP-3320,Customer Support,"Extracting numbers from PDFs"
EMP-1400,Sales,"Extracting numbers from PDFs"
EMP-3682,Marketing,"Data entry from invoices"
EMP-2183,HR,"Resolving employee conflict"
EMP-2028,Marketing,"Copy-pasting emails into CRM"
EMP-2631,Marketing,"Copy-pasting emails into CRM"
EMP-1619,Customer Support,"Scheduling calendar invites"
EMP-2407,HR,"Interviewing new candidates"
EMP-1722,Sales,"Sorting spreadsheets"
EMP-2329,Sales,"Scheduling calendar invites"
EMP-2719,IT,"Negotiating a client contract"
EMP-1575,IT,"Data entry from invoices"
EMP-3876,IT,"Designing a new brand logo"
EMP-3982,IT,"Leading a brainstorming session"
EMP-2160,Customer Support,"Extracting numbers from PDFs"
EMP-2668,Marketing,"Data entry from invoices"
EMP-1978,Marketing,"Formatting reports"
EMP-0020,HR,"Interviewing new candidates"
EMP-3567,Sales,"Data entry from invoices"
EMP-0225,HR,"Interviewing new candidates"
EMP-3203,IT,"Interviewing new candidates"
EMP-2334,Sales,"Copy-pasting emails into CRM"
EMP-1427,Marketing,"Scheduling calendar invites"
EMP-3106,IT,"Leading a brainstorming session"
EMP-0228,Sales,"Formatting reports"
EMP-0244,HR,"High-level strategy planning"
EMP-0768,HR,"Designing a new brand logo"
EMP-1099,IT,"Designing a new brand logo"
EMP-3111,Sales,"Data entry from invoices"
EMP-1306,IT,"Interviewing new candidates"
EMP-0361,Customer Support,"Formatting reports"
EMP-3840,HR,"Copy-pasting emails into CRM"
EMP-2347,HR,"Interviewing new candidates"
EMP-2245,Customer Support,"Sorting spreadsheets"
EMP-2824,IT,"Data entry from invoices"
EMP-0889,Sales,"Scheduling calendar invites"
EMP-0502,Customer Support,"Extracting numbers from PDFs"
EMP-1544,IT,"Resolving employee conflict"
EMP-0288,Marketing,"Copy-pasting emails into CRM"
EMP-1735,Sales,"Sorting spreadsheets"
EMP-0918,HR,"Leading a brainstorming session"
EMP-1789,Sales,"Negotiating a client contract"
EMP-3627,Customer Support,"Extracting numbers from PDFs"
EMP-1416,IT,"Designing a new brand logo"
EMP-1845,IT,"Negotiating a client contract"
EMP-0196,HR,"Data entry from invoices"
EMP-1741,HR,"Resolving employee conflict"
EMP-3665,HR,"Negotiating a client contract"
EMP-1840,IT,"Leading a brainstorming session"
EMP-2565,Sales,"Data entry from invoices"
EMP-0724,HR,"Designing a new brand logo"
EMP-2102,Customer Support,"Sorting spreadsheets"
EMP-2849,Marketing,"Scheduling calendar invites"
EMP-3911,HR,"High-level strategy planning"
EMP-1177,IT,"Designing a new brand logo"
EMP-0666,Sales,"Extracting numbers from PDFs"
EMP-2635,IT,"Leading a brainstorming session"
EMP-1080,Marketing,"Formatting reports"
EMP-3828,Marketing,"Negotiating a client contract"
EMP-0616,Sales,"Extracting numbers from PDFs"
EMP-3785,Sales,"Scheduling calendar invites"
EMP-3237,HR,"Data entry from invoices"
EMP-0618,HR,"Resolving employee conflict"
EMP-3506,Marketing,"Copy-pasting emails into CRM"
EMP-0858,Sales,"Copy-pasting emails into CRM"
EMP-1339,HR,"Designing a new brand logo"
EMP-2916,Sales,"Data entry from invoices"
EMP-3723,Sales,"Data entry from invoices"
EMP-3980,Sales,"Copy-pasting emails into CRM"
EMP-1993,IT,"Resolving employee conflict"
EMP-2696,Marketing,"Extracting numbers from PDFs"
EMP-3235,Marketing,"Negotiating a client contract"
EMP-3056,Customer Support,"Extracting numbers from PDFs"
EMP-0928,Sales,"Extracting numbers from PDFs"
EMP-0314,HR,"Designing a new brand logo"
EMP-2132,HR,"High-level strategy planning"
EMP-0270,Marketing,"Formatting reports"
EMP-0425,HR,"Designing a new brand logo"
EMP-1228,Customer Support,"Scheduling calendar invites"
EMP-3605,Customer Support,"Sorting spreadsheets"
EMP-2137,Customer Support,"Sorting spreadsheets"
EMP-2038,Marketing,"Extracting numbers from PDFs"
EMP-2977,IT,"Copy-pasting emails into CRM"
EMP-3725,Sales,"Data entry from invoices"
EMP-0668,Sales,"Interviewing new candidates"
EMP-3964,Sales,"Scheduling calendar invites"
EMP-2084,Sales,"Extracting numbers from PDFs"
EMP-3423,Sales,"Sorting spreadsheets"
EMP-0145,HR,"Data entry from invoices"
EMP-0629,Sales,"Data entry from invoices"
EMP-3405,Marketing,"Scheduling calendar invites"
EMP-1391,HR,"Resolving employee conflict"
EMP-3444,Customer Support,"Scheduling calendar invites"
EMP-3898,Sales,"Extracting numbers from PDFs"
EMP-3493,Marketing,"Data entry from invoices"
EMP-1676,IT,"Data entry from invoices"
EMP-1246,Customer Support,"Copy-pasting emails into CRM"
EMP-3453,Sales,"Copy-pasting emails into CRM"
EMP-2165,IT,"Copy-pasting emails into CRM"
EMP-0441,IT,"Resolving employee conflict"
EMP-1301,Sales,"Data entry from invoices"
EMP-2003,IT,"Interviewing new candidates"
EMP-3951,Customer Support,"Negotiating a client contract"
EMP-1129,Marketing,"Negotiating a client contract"
EMP-2798,Sales,"Negotiating a client contract"
EMP-1811,HR,"Leading a brainstorming session"
EMP-1524,IT,"Copy-pasting emails into CRM"
EMP-3795,Sales,"Extracting numbers from PDFs"
EMP-2157,IT,"Negotiating a client contract"
EMP-2222,HR,"Interviewing new candidates"
EMP-2934,Marketing,"Copy-pasting emails into CRM"
EMP-0671,Sales,"Data entry from invoices"
EMP-2124,Customer Support,"Formatting reports"
EMP-1017,Sales,"Scheduling calendar invites"
EMP-0473,Customer Support,"Copy-pasting emails into CRM"
EMP-3661,IT,"Leading a brainstorming session"
EMP-0600,Customer Support,"Sorting spreadsheets"
EMP-3348,Marketing,"Scheduling calendar invites"
EMP-2941,IT,"Designing a new brand logo"
EMP-1900,HR,"Copy-pasting emails into CRM"
EMP-2842,HR,"Copy-pasting emails into CRM"
EMP-1237,Customer Support,"Data entry from invoices"
EMP-2866,Sales,"Data entry from invoices"
EMP-0711,Marketing,"Formatting reports"
EMP-1600,IT,"Leading a brainstorming session"
EMP-3104,Customer Support,"Extracting numbers from PDFs"
EMP-2618,IT,"High-level strategy planning"
EMP-3465,Sales,"Data entry from invoices"
EMP-1007,HR,"Data entry from invoices"
EMP-3302,Sales,"Sorting spreadsheets"
EMP-0952,Customer Support,"Data entry from invoices"
EMP-3063,IT,"Interviewing new candidates"
EMP-0598,Sales,"Extracting numbers from PDFs"
EMP-0180,Sales,"Sorting spreadsheets"
EMP-0342,IT,"Copy-pasting emails into CRM"
EMP-0251,Marketing,"Data entry from invoices"
EMP-0686,HR,"Designing a new brand logo"
EMP-3521,HR,"Data entry from invoices"
EMP-3603,HR,"High-level strategy planning"
EMP-0076,IT,"Resolving employee conflict"
EMP-0674,Sales,"Formatting reports"
EMP-2249,Customer Support,"Data entry from invoices"
EMP-1381,IT,"Leading a brainstorming session"
EMP-3983,Marketing,"Scheduling calendar invites"
EMP-0001,Sales,"Negotiating a client contract"
EMP-3867,Customer Support,"Negotiating a client contract"
EMP-2140,HR,"Interviewing new candidates"
EMP-1649,Marketing,"Negotiating a client contract"
EMP-1056,Customer Support,"Extracting numbers from PDFs"
EMP-0961,Customer Support,"Extracting numbers from PDFs"
EMP-3547,Sales,"Copy-pasting emails into CRM"
EMP-3946,IT,"Copy-pasting emails into CRM"
EMP-2618,HR,"Designing a new brand logo"
EMP-0251,Sales,"Copy-pasting emails into CRM"
EMP-0880,HR,"Copy-pasting emails into CRM"
EMP-3673,Sales,"Copy-pasting emails into CRM"
EMP-3927,IT,"Designing a new brand logo"
EMP-3642,Marketing,"Interviewing new candidates"
EMP-0567,IT,"Resolving employee conflict"
EMP-3615,Customer Support,"Data entry from invoices"
EMP-0761,Customer Support,"Negotiating a client contract"
EMP-1650,Sales,"Extracting numbers from PDFs"
EMP-0052,HR,"High-level strategy planning"
EMP-1280,IT,"Copy-pasting emails into CRM"
EMP-0539,IT,"Designing a new brand logo"
EMP-0778,Customer Support,"Sorting spreadsheets"
EMP-2191,Customer Support,"Formatting reports"
EMP-0788,Marketing,"Sorting spreadsheets"
EMP-2178,IT,"Leading a brainstorming session"
EMP-0738,Sales,"Interviewing new candidates"
EMP-2110,Customer Support,"Formatting reports"
EMP-1837,IT,"Negotiating a client contract"
EMP-0345,IT,"Designing a new brand logo"
EMP-0638,HR,"Designing a new brand logo"
EMP-2099,Marketing,"Scheduling calendar invites"
EMP-1423,HR,"Copy-pasting emails into CRM"
EMP-0389,Customer Support,"Interviewing new candidates"
EMP-3412,Marketing,"Sorting spreadsheets"
EMP-2490,Sales,"Negotiating a client contract"
EMP-1910,Marketing,"Negotiating a client contract"
EMP-3524,HR,"Resolving employee conflict"
EMP-2587,Marketing,"Sorting spreadsheets"
EMP-3410,Sales,"Sorting spreadsheets"
EMP-1836,Customer Support,"Data entry from invoices"
EMP-1109,Customer Support,"Sorting spreadsheets"
EMP-1519,IT,"Designing a new brand logo"
EMP-3739,Marketing,"Extracting numbers from PDFs"
EMP-0787,HR,"Copy-pasting emails into CRM"
EMP-0505,Customer Support,"Sorting spreadsheets"
EMP-0359,Marketing,"Copy-pasting emails into CRM"
EMP-2082,Sales,"Negotiating a client contract"
EMP-2557,Customer Support,"Extracting numbers from PDFs"
EMP-2096,Marketing,"Scheduling calendar invites"
EMP-2205,HR,"Data entry from invoices"
EMP-3873,Customer Support,"Formatting reports"
EMP-1548,Sales,"Formatting reports"
EMP-2974,Sales,"Interviewing new candidates"
EMP-0548,Sales,"Scheduling calendar invites"
EMP-0411,Sales,"Copy-pasting emails into CRM"
EMP-0924,IT,"Copy-pasting emails into CRM"
EMP-3191,HR,"Resolving employee conflict"
EMP-0459,Customer Support,"Copy-pasting emails into CRM"
EMP-1746,HR,"Data entry from invoices"
EMP-0644,HR,"Data entry from invoices"
EMP-3718,IT,"Copy-pasting emails into CRM"
EMP-3769,Customer Support,"Formatting reports"
EMP-3882,Sales,"Data entry from invoices"
EMP-2798,HR,"High-level strategy planning"
EMP-1887,Sales,"Sorting spreadsheets"
EMP-1099,Customer Support,"Copy-pasting emails into CRM"
EMP-3299,Customer Support,"Extracting numbers from PDFs"
EMP-2570,HR,"Leading a brainstorming session"
EMP-2694,Sales,"Scheduling calendar invites"
EMP-2961,HR,"High-level strategy planning"
EMP-3234,HR,"Data entry from invoices"
EMP-3360,Customer Support,"Interviewing new candidates"
EMP-2000,Sales,"Extracting numbers from PDFs"
EMP-2252,IT,"Copy-pasting emails into CRM"
EMP-3453,Customer Support,"Formatting reports"
EMP-3173,Customer Support,"Sorting spreadsheets"
EMP-1894,Customer Support,"Scheduling calendar invites"
EMP-2766,Sales,"Sorting spreadsheets"
EMP-0869,Marketing,"Formatting reports"
EMP-2435,IT,"Leading a brainstorming session"
EMP-2232,Marketing,"Extracting numbers from PDFs"
EMP-1892,Marketing,"Scheduling calendar invites"
EMP-1614,Customer Support,"Negotiating a client contract"
EMP-2512,IT,"Copy-pasting emails into CRM"
EMP-1524,HR,"Copy-pasting emails into CRM"
EMP-1122,Marketing,"Sorting spreadsheets"
EMP-0885,IT,"Copy-pasting emails into CRM"
EMP-0117,IT,"Negotiating a client contract"
EMP-1829,IT,"Copy-pasting emails into CRM"
EMP-3373,Sales,"Data entry from invoices"
EMP-1583,Sales,"Interviewing new candidates"
EMP-2274,Customer Support,"Data entry from invoices"
EMP-2429,IT,"Copy-pasting emails into CRM"
EMP-0719,Customer Support,"Extracting numbers from PDFs"
EMP-0668,Marketing,"Extracting numbers from PDFs"
EMP-0504,IT,"Resolving employee conflict"
EMP-3642,Customer Support,"Interviewing new candidates"
EMP-2334,Customer Support,"Sorting spreadsheets"
EMP-3164,Marketing,"Sorting spreadsheets"
EMP-3448,IT,"Data entry from invoices"
EMP-2540,Sales,"Interviewing new candidates"
EMP-2166,HR,"Interviewing new candidates"
EMP-0918,IT,"Negotiating a client contract"
EMP-2630,IT,"Leading a brainstorming session"
EMP-0434,HR,"Data entry from invoices"
EMP-0329,IT,"Leading a brainstorming session"
EMP-1363,HR,"Resolving employee conflict"
EMP-2451,Sales,"Copy-pasting emails into CRM"
EMP-1649,IT,"Leading a brainstorming session"
EMP-1089,HR,"Interviewing new candidates"
EMP-2664,IT,"High-level strategy planning"
EMP-1071,IT,"Copy-pasting emails into CRM"
EMP-1025,Sales,"Sorting spreadsheets"
EMP-3535,Marketing,"Copy-pasting emails into CRM"
EMP-3604,Sales,"Formatting reports"
EMP-2416,HR,"Resolving employee conflict"
EMP-0124,Marketing,"Copy-pasting emails into CRM"
EMP-2882,Sales,"Formatting reports"
EMP-3153,Customer Support,"Formatting reports"
EMP-0557,IT,"Negotiating a client contract"
EMP-3381,IT,"Resolving employee conflict"
EMP-3565,IT,"Designing a new brand logo"
EMP-1863,Sales,"Negotiating a client contract"
EMP-1580,Customer Support,"Interviewing new candidates"
EMP-2967,HR,"High-level strategy planning"
EMP-2771,Customer Support,"Sorting spreadsheets"
EMP-0780,Customer Support,"Copy-pasting emails into CRM"
EMP-1515,IT,"Leading a brainstorming session"
EMP-2015,IT,"Designing a new brand logo"
EMP-2123,Marketing,"Copy-pasting emails into CRM"
EMP-3930,Customer Support,"Scheduling calendar invites"
EMP-0752,Marketing,"Data entry from invoices"
EMP-1869,Marketing,"Extracting numbers from PDFs"
EMP-0339,Customer Support,"Extracting numbers from PDFs"
EMP-1008,Customer Support,"Data entry from invoices"
EMP-0582,HR,"Resolving employee conflict"
EMP-3935,Marketing,"Negotiating a client contract"
EMP-1084,Marketing,"Interviewing new candidates"
EMP-1537,HR,"Resolving employee conflict"
EMP-2405,Customer Support,"Sorting spreadsheets"
EMP-1184,Marketing,"Copy-pasting emails into CRM"
EMP-3052,Marketing,"Data entry from invoices"
EMP-2562,Sales,"Interviewing new candidates"
EMP-0498,IT,"Data entry from invoices"
EMP-1147,Marketing,"Formatting reports"
EMP-0188,Sales,"Extracting numbers from PDFs"
EMP-2842,IT,"Interviewing new candidates"
EMP-2474,IT,"Negotiating a client contract"
EMP-2523,Customer Support,"Formatting reports"
EMP-3859,Sales,"Negotiating a client contract"
EMP-2646,Customer Support,"Data entry from invoices"
EMP-1117,HR,"Interviewing new candidates"
EMP-3849,IT,"Copy-pasting emails into CRM"
EMP-2951,Marketing,"Formatting reports"
EMP-1629,Marketing,"Copy-pasting emails into CRM"
EMP-3823,HR,"Data entry from invoices"
EMP-3593,IT,"Resolving employee conflict"
EMP-3448,Marketing,"Formatting reports"
EMP-2317,HR,"Designing a new brand logo"
EMP-0469,Marketing,"Data entry from invoices"
EMP-0683,HR,"Data entry from invoices"
EMP-3062,Marketing,"Formatting reports"
EMP-1697,HR,"Designing a new brand logo"
EMP-3151,IT,"Data entry from invoices"
EMP-2051,Marketing,"Negotiating a client contract"
EMP-2470,HR,"Resolving employee conflict"
EMP-3201,HR,"Interviewing new candidates"
EMP-2970,Customer Support,"Interviewing new candidates"
EMP-1286,Sales,"Negotiating a client contract"
EMP-1364,HR,"Data entry from invoices"
EMP-0352,Customer Support,"Sorting spreadsheets"
EMP-3974,Customer Support,"Scheduling calendar invites"
EMP-1254,Customer Support,"Sorting spreadsheets"
EMP-3601,HR,"Data entry from invoices"
EMP-0122,Customer Support,"Copy-pasting emails into CRM"
EMP-3349,Customer Support,"Scheduling calendar invites"
EMP-1210,IT,"Negotiating a client contract"
EMP-2530,Marketing,"Sorting spreadsheets"
EMP-0312,Marketing,"Data entry from invoices"
EMP-0180,Sales,"Negotiating a client contract"
EMP-1643,HR,"Interviewing new candidates"
EMP-1656,Sales,"Copy-pasting emails into CRM"
EMP-0569,HR,"Interviewing new candidates"
EMP-2667,Sales,"Interviewing new candidates"
EMP-3326,Customer Support,"Negotiating a client contract"
EMP-1955,IT,"Negotiating a client contract"
EMP-1050,Customer Support,"Data entry from invoices"
EMP-3157,HR,"Resolving employee conflict"
EMP-3266,Sales,"Negotiating a client contract"
EMP-3894,HR,"Negotiating a client contract"
EMP-1678,Marketing,"Extracting numbers from PDFs"
EMP-1445,Sales,"Copy-pasting emails into CRM"
EMP-3095,Sales,"Sorting spreadsheets"
EMP-1699,Sales,"Interviewing new candidates"
EMP-1515,Customer Support,"Extracting numbers from PDFs"
EMP-0870,Customer Support,"Interviewing new candidates"
EMP-2984,Customer Support,"Sorting spreadsheets"
EMP-2453,Marketing,"Extracting numbers from PDFs"
EMP-2974,HR,"Negotiating a client contract"
EMP-3218,Customer Support,"Negotiating a client contract"
EMP-2122,Marketing,"Sorting spreadsheets"
EMP-0646,IT,"Resolving employee conflict"
EMP-0297,Marketing,"Formatting reports"
EMP-3385,IT,"Designing a new brand logo"
EMP-0678,IT,"High-level strategy planning"
EMP-3751,HR,"Designing a new brand logo"
EMP-2245,Sales,"Sorting spreadsheets"
EMP-3712,Customer Support,"Interviewing new candidates"
EMP-0707,IT,"Copy-pasting emails into CRM"
EMP-2071,Sales,"Sorting spreadsheets"
EMP-1524,HR,"Resolving employee conflict"
EMP-2703,Sales,"Sorting spreadsheets"
EMP-0039,HR,"Designing a new brand logo"
EMP-1989,Customer Support,"Copy-pasting emails into CRM"
EMP-2488,HR,"Leading a brainstorming session"
EMP-0255,Sales,"Interviewing new candidates"
EMP-2358,Sales,"Data entry from invoices"
EMP-0653,Sales,"Formatting reports"
EMP-2842,Sales,"Formatting reports"
EMP-2028,IT,"High-level strategy planning"
EMP-2889,Sales,"Extracting numbers from PDFs"
EMP-1583,HR,"Leading a brainstorming session"
EMP-3009,Sales,"Negotiating a client contract"
EMP-1258,HR,"Interviewing new candidates"
EMP-2050,IT,"High-level strategy planning"
EMP-0749,Sales,"Data entry from invoices"
EMP-2311,IT,"Leading a brainstorming session"
EMP-0824,HR,"Resolving employee conflict"
EMP-3115,Sales,"Data entry from invoices"
EMP-0536,Marketing,"Extracting numbers from PDFs"
EMP-2286,HR,"Interviewing new candidates"
EMP-0253,Sales,"Extracting numbers from PDFs"
EMP-0134,HR,"Leading a brainstorming session"
EMP-0001,Marketing,"Formatting reports"
EMP-3474,HR,"Resolving employee conflict"
EMP-1813,Marketing,"Formatting reports"
EMP-0930,Sales,"Sorting spreadsheets"
EMP-0381,Customer Support,"Sorting spreadsheets"
EMP-3968,Marketing,"Scheduling calendar invites"
EMP-0057,Sales,"Sorting spreadsheets"
EMP-3518,Marketing,"Data entry from invoices"
EMP-2437,Customer Support,"Negotiating a client contract"
EMP-2971,IT,"Copy-pasting emails into CRM"
EMP-2972,Marketing,"Interviewing new candidates"
EMP-1193,Marketing,"Formatting reports"
EMP-0925,Customer Support,"Data entry from invoices"
EMP-0383,Marketing,"Extracting numbers from PDFs"
EMP-2869,Customer Support,"Negotiating a client contract"
EMP-3563,Marketing,"Interviewing new candidates"
EMP-1577,Marketing,"Scheduling calendar invites"
EMP-0566,HR,"Leading a brainstorming session"
EMP-0259,Sales,"Data entry from invoices"
EMP-1807,Sales,"Extracting numbers from PDFs"
EMP-0198,Marketing,"Scheduling calendar invites"
EMP-1728,Customer Support,"Extracting numbers from PDFs"
EMP-0364,Customer Support,"Extracting numbers from PDFs"
EMP-2200,Marketing,"Formatting reports"
EMP-3743,Customer Support,"Interviewing new candidates"
EMP-2177,HR,"Designing a new brand logo"
EMP-0840,HR,"Resolving employee conflict"
EMP-3188,IT,"Copy-pasting emails into CRM"
EMP-0813,Sales,"Extracting numbers from PDFs"
EMP-1207,HR,"High-level strategy planning"
EMP-1643,Marketing,"Negotiating a client contract"
EMP-1065,Customer Support,"Scheduling calendar invites"
EMP-2255,Customer Support,"Data entry from invoices"
EMP-0581,IT,"High-level strategy planning"
EMP-0160,IT,"Designing a new brand logo"
EMP-2499,IT,"Resolving employee conflict"
EMP-0286,HR,"Data entry from invoices"
EMP-1832,Sales,"Sorting spreadsheets"
EMP-2184,Customer Support,"Extracting numbers from PDFs"
EMP-1694,IT,"Data entry from invoices"
EMP-1661,Sales,"Negotiating a client contract"
EMP-2130,HR,"Data entry from invoices"
EMP-0581,Customer Support,"Data entry from invoices"
EMP-2226,Marketing,"Negotiating a client contract"
EMP-0668,HR,"Data entry from invoices"
EMP-1812,IT,"High-level strategy planning"
EMP-3653,Marketing,"Formatting reports"
EMP-2882,Customer Support,"Formatting reports"
EMP-1875,Sales,"Formatting reports"
EMP-0238,Customer Support,"Formatting reports"
EMP-3229,HR,"Data entry from invoices"
EMP-2042,Sales,"Data entry from invoices"
EMP-0718,IT,"High-level strategy planning"
EMP-0755,IT,"Resolving employee conflict"
EMP-2565,Marketing,"Sorting spreadsheets"
EMP-3415,Sales,"Formatting reports"
EMP-1705,HR,"High-level strategy planning"
EMP-0025,Sales,"Data entry from invoices"
EMP-3993,Customer Support,"Extracting numbers from PDFs"
EMP-2569,IT,"High-level strategy planning"
EMP-0610,HR,"High-level strategy planning"
EMP-1499,HR,"Leading a brainstorming session"
EMP-2969,Sales,"Copy-pasting emails into CRM"
EMP-3788,Marketing,"Sorting spreadsheets"
EMP-3840,IT,"Designing a new brand logo"
EMP-0832,IT,"Designing a new brand logo"
EMP-0845,IT,"Designing a new brand logo"
EMP-2543,Customer Support,"Data entry from invoices"
EMP-3292,HR,"Leading a brainstorming session"
EMP-3484,IT,"Data entry from invoices"
EMP-0147,Sales,"Sorting spreadsheets"
EMP-2882,Marketing,"Extracting numbers from PDFs"
EMP-0068,HR,"Designing a new brand logo"
EMP-2650,Sales,"Negotiating a client contract"
EMP-3466,Sales,"Negotiating a client contract"
EMP-3281,Customer Support,"Sorting spreadsheets"
EMP-3642,IT,"Negotiating a client contract"
EMP-2844,Customer Support,"Interviewing new candidates"
EMP-2209,HR,"High-level strategy planning"
EMP-2967,Marketing,"Extracting numbers from PDFs"
EMP-3430,Marketing,"Extracting numbers from PDFs"
EMP-2395,HR,"Resolving employee conflict"
EMP-0367,Marketing,"Interviewing new candidates"
EMP-2742,Marketing,"Data entry from invoices"
EMP-3567,Marketing,"Interviewing new candidates"
EMP-1233,Sales,"Scheduling calendar invites"
EMP-2401,Sales,"Scheduling calendar invites"
EMP-1628,Sales,"Data entry from invoices"
EMP-0908,Sales,"Formatting reports"
EMP-1865,IT,"Leading a brainstorming session"
EMP-3838,Customer Support,"Extracting numbers from PDFs"
EMP-1538,Customer Support,"Scheduling calendar invites"
EMP-1584,HR,"Leading a brainstorming session"
EMP-2799,Marketing,"Scheduling calendar invites"
EMP-2806,Marketing,"Extracting numbers from PDFs"
EMP-2310,HR,"Designing a new brand logo"
EMP-2656,Marketing,"Extracting numbers from PDFs"
EMP-1662,IT,"High-level strategy planning"
EMP-3305,Marketing,"Copy-pasting emails into CRM"
EMP-1425,HR,"Data entry from invoices"
EMP-3094,Marketing,"Scheduling calendar invites"
EMP-0919,Customer Support,"Sorting spreadsheets"
EMP-2677,IT,"Resolving employee conflict"
EMP-1026,Customer Support,"Data entry from invoices"
EMP-2184,HR,"Copy-pasting emails into CRM"
EMP-0233,Sales,"Formatting reports"
EMP-1117,Customer Support,"Copy-pasting emails into CRM"
EMP-2220,IT,"High-level strategy planning"
EMP-0094,Marketing,"Negotiating a client contract"
EMP-3857,HR,"Data entry from invoices"
EMP-3511,HR,"Resolving employee conflict"
EMP-3355,HR,"Designing a new brand logo"
EMP-3872,Sales,"Scheduling calendar invites"
EMP-2963,IT,"Resolving employee conflict"
EMP-1629,Customer Support,"Negotiating a client contract"
EMP-0963,Sales,"Negotiating a client contract"
EMP-2265,HR,"Data entry from invoices"
EMP-0839,HR,"Copy-pasting emails into CRM"
EMP-0591,Customer Support,"Copy-pasting emails into CRM"
EMP-0995,Marketing,"Formatting reports"
EMP-2219,Customer Support,"Interviewing new candidates"
EMP-2655,Customer Support,"Negotiating a client contract"
EMP-0500,HR,"Data entry from invoices"
EMP-1151,Sales,"Copy-pasting emails into CRM"
EMP-0453,Marketing,"Extracting numbers from PDFs"
EMP-3342,Marketing,"Formatting reports"
EMP-1664,Sales,"Negotiating a client contract"
EMP-2142,Marketing,"Negotiating a client contract"
EMP-0219,Marketing,"Scheduling calendar invites"
EMP-1705,HR,"Resolving employee conflict"
EMP-3331,Customer Support,"Data entry from invoices"
EMP-0003,IT,"High-level strategy planning"
EMP-2846,IT,"Resolving employee conflict"
EMP-2671,Customer Support,"Formatting reports"
EMP-0333,HR,"High-level strategy planning"
EMP-1994,Customer Support,"Extracting numbers from PDFs"
EMP-1336,HR,"Data entry from invoices"
EMP-0104,IT,"Copy-pasting emails into CRM"
EMP-3164,Marketing,"Copy-pasting emails into CRM"
EMP-0234,IT,"Negotiating a client contract"
EMP-1687,Sales,"Negotiating a client contract"
EMP-0157,HR,"Interviewing new candidates"
EMP-3754,Sales,"Copy-pasting emails into CRM"
EMP-3504,Marketing,"Negotiating a client contract"
EMP-2265,Customer Support,"Negotiating a client contract"
EMP-1501,Sales,"Interviewing new candidates"
EMP-3038,Marketing,"Interviewing new candidates"
EMP-3869,IT,"Interviewing new candidates"
EMP-1693,IT,"High-level strategy planning"
EMP-3686,Customer Support,"Data entry from invoices"
EMP-2871,Customer Support,"Interviewing new candidates"
EMP-2635,Customer Support,"Copy-pasting emails into CRM"
EMP-4001,Marketing,"Formatting reports"
EMP-1627,Sales,"Extracting numbers from PDFs"
EMP-1053,IT,"Designing a new brand logo"
EMP-2789,Sales,"Copy-pasting emails into CRM"
EMP-0015,IT,"Designing a new brand logo"
EMP-2284,IT,"Resolving employee conflict"
EMP-2887,Sales,"Data entry from invoices"
EMP-1749,IT,"Copy-pasting emails into CRM"
EMP-3766,HR,"Designing a new brand logo"
EMP-2138,IT,"Interviewing new candidates"
EMP-2351,HR,"Copy-pasting emails into CRM"
EMP-3899,IT,"Leading a brainstorming session"
EMP-3386,Marketing,"Extracting numbers from PDFs"
EMP-0075,Sales,"Data entry from invoices"
EMP-2559,IT,"Copy-pasting emails into CRM"
EMP-2931,Marketing,"Formatting reports"
EMP-0517,IT,"Negotiating a client contract"
EMP-0957,IT,"Leading a brainstorming session"
EMP-1550,Marketing,"Copy-pasting emails into CRM"
EMP-0293,Customer Support,"Copy-pasting emails into CRM"
EMP-1912,IT,"Designing a new brand logo"
EMP-3975,IT,"Interviewing new candidates"
EMP-3224,IT,"Data entry from invoices"
EMP-2900,Customer Support,"Scheduling calendar invites"
EMP-3653,HR,"Copy-pasting emails into CRM"
EMP-3903,Customer Support,"Extracting numbers from PDFs"
EMP-0149,HR,"Data entry from invoices"
EMP-1641,Marketing,"Sorting spreadsheets"
EMP-3046,IT,"Copy-pasting emails into CRM"
EMP-2566,HR,"High-level strategy planning"
EMP-0451,Marketing,"Extracting numbers from PDFs"
EMP-2183,HR,"Negotiating a client contract"
EMP-1925,Sales,"Extracting numbers from PDFs"
EMP-2991,Sales,"Scheduling calendar invites"
EMP-2439,Sales,"Sorting spreadsheets"
EMP-1784,Sales,"Copy-pasting emails into CRM"
EMP-2207,Sales,"Formatting reports"
EMP-2862,Marketing,"Extracting numbers from PDFs"
EMP-1718,HR,"Designing a new brand logo"
EMP-2350,HR,"Resolving employee conflict"
EMP-2959,Customer Support,"Sorting spreadsheets"
EMP-3589,Customer Support,"Extracting numbers from PDFs"
EMP-0730,HR,"Resolving employee conflict"
EMP-0856,HR,"Designing a new brand logo"
EMP-2031,Customer Support,"Extracting numbers from PDFs"
EMP-1398,Sales,"Sorting spreadsheets"
EMP-3851,HR,"Resolving employee conflict"
EMP-3503,HR,"Designing a new brand logo"
EMP-1767,Sales,"Sorting spreadsheets"
EMP-3660,Marketing,"Data entry from invoices"
EMP-3099,HR,"Resolving employee conflict"
EMP-1896,HR,"Negotiating a client contract"
EMP-3639,Sales,"Formatting reports"
EMP-3167,Marketing,"Sorting spreadsheets"
EMP-0248,IT,"Resolving employee conflict"
EMP-2291,IT,"High-level strategy planning"
EMP-3459,Marketing,"Formatting reports"
EMP-0176,IT,"Leading a brainstorming session"
EMP-1419,Sales,"Data entry from invoices"
EMP-1977,Customer Support,"Extracting numbers from PDFs"
EMP-1238,Customer Support,"Sorting spreadsheets"
EMP-1702,Sales,"Sorting spreadsheets"
EMP-0903,Customer Support,"Interviewing new candidates"
EMP-2338,Customer Support,"Extracting numbers from PDFs"
EMP-0511,HR,"Copy-pasting emails into CRM"
EMP-1442,Marketing,"Formatting reports"
EMP-3489,HR,"Data entry from invoices"
EMP-1864,HR,"Negotiating a client contract"
EMP-1733,Marketing,"Copy-pasting emails into CRM"
EMP-0090,Marketing,"Sorting spreadsheets"
EMP-1302,HR,"High-level strategy planning"
EMP-3019,Sales,"Scheduling calendar invites"
EMP-2995,IT,"Data entry from invoices"
EMP-2675,Customer Support,"Negotiating a client contract"
EMP-2818,Customer Support,"Data entry from invoices"
EMP-3767,Customer Support,"Negotiating a client contract"
EMP-3365,IT,"Copy-pasting emails into CRM"
EMP-2493,IT,"Copy-pasting emails into CRM"
EMP-1353,Customer Support,"Sorting spreadsheets"
EMP-0638,Sales,"Scheduling calendar invites"
EMP-0605,Customer Support,"Scheduling calendar invites"
EMP-0078,IT,"Interviewing new candidates"
EMP-3361,IT,"Interviewing new candidates"
EMP-0355,Marketing,"Sorting spreadsheets"
EMP-0129,HR,"Copy-pasting emails into CRM"
EMP-3388,Marketing,"Formatting reports"
EMP-2334,Marketing,"Negotiating a client contract"
EMP-1781,IT,"Designing a new brand logo"
EMP-2230,Marketing,"Scheduling calendar invites"
EMP-1474,Marketing,"Scheduling calendar invites"
EMP-2685,IT,"Data entry from invoices"
EMP-2505,HR,"Resolving employee conflict"
EMP-3145,IT,"Negotiating a client contract"
EMP-1767,HR,"Data entry from invoices"
EMP-0422,Sales,"Formatting reports"
EMP-0057,Sales,"Copy-pasting emails into CRM"
EMP-3012,Customer Support,"Sorting spreadsheets"
EMP-0800,IT,"Leading a brainstorming session"
EMP-0892,HR,"Copy-pasting emails into CRM"
EMP-1964,Sales,"Data entry from invoices"
EMP-0578,Sales,"Extracting numbers from PDFs"
EMP-0478,HR,"High-level strategy planning"
EMP-2592,Marketing,"Extracting numbers from PDFs"
EMP-2890,Customer Support,"Sorting spreadsheets"
EMP-2988,Marketing,"Negotiating a client contract"
EMP-0179,HR,"High-level strategy planning"
EMP-0643,HR,"Copy-pasting emails into CRM"
EMP-2264,IT,"Data entry from invoices"
EMP-1381,IT,"Copy-pasting emails into CRM"
EMP-0075,HR,"Data entry from invoices"
EMP-3193,IT,"Leading a brainstorming session"
EMP-2746,Customer Support,"Scheduling calendar invites"
EMP-1481,Marketing,"Data entry from invoices"
EMP-0836,IT,"Copy-pasting emails into CRM"
EMP-1563,Sales,"Copy-pasting emails into CRM"
EMP-0393,HR,"Copy-pasting emails into CRM"
EMP-3851,Marketing,"Sorting spreadsheets"
EMP-1391,Marketing,"Formatting reports"
EMP-1722,Marketing,"Interviewing new candidates"
EMP-0889,IT,"Designing a new brand logo"
EMP-0371,Marketing,"Data entry from invoices"
EMP-2138,HR,"Interviewing new candidates"
EMP-2661,HR,"Leading a brainstorming session"
EMP-2426,Customer Support,"Sorting spreadsheets"
EMP-1017,Marketing,"Extracting numbers from PDFs"
EMP-3666,HR,"High-level strategy planning"
EMP-1286,Sales,"Copy-pasting emails into CRM"
EMP-1597,HR,"Resolving employee conflict"
EMP-3169,Customer Support,"Data entry from invoices"
EMP-2656,Customer Support,"Negotiating a client contract"
EMP-0740,Marketing,"Negotiating a client contract"
EMP-1466,HR,"High-level strategy planning"
EMP-2343,HR,"Interviewing new candidates"
EMP-3893,Sales,"Formatting reports"
EMP-3276,HR,"Negotiating a client contract"
EMP-3720,HR,"Data entry from invoices"
EMP-0956,Sales,"Extracting numbers from PDFs"
EMP-3307,HR,"Interviewing new candidates"
EMP-3279,HR,"Copy-pasting emails into CRM"
EMP-1718,Marketing,"Extracting numbers from PDFs"
EMP-3647,Sales,"Interviewing new candidates"
EMP-1390,Customer Support,"Extracting numbers from PDFs"
EMP-1160,IT,"Data entry from invoices"
EMP-3676,IT,"Negotiating a client contract"
EMP-3953,HR,"Negotiating a client contract"
EMP-1979,HR,"High-level strategy planning"
EMP-1569,Marketing,"Negotiating a client contract"
EMP-0808,Sales,"Formatting reports"
EMP-1215,Customer Support,"Negotiating a client contract"
EMP-1373,Sales,"Extracting numbers from PDFs"
EMP-1741,IT,"Negotiating a client contract"
EMP-2602,Marketing,"Sorting spreadsheets"
EMP-3119,Customer Support,"Interviewing new candidates"
EMP-0355,HR,"Designing a new brand logo"
EMP-1319,Marketing,"Sorting spreadsheets"
EMP-1444,IT,"Interviewing new candidates"
EMP-3769,HR,"Interviewing new candidates"
EMP-2909,Marketing,"Interviewing new candidates"
EMP-2011,Customer Support,"Extracting numbers from PDFs"
EMP-3940,Sales,"Data entry from invoices"
EMP-2180,Customer Support,"Sorting spreadsheets"
EMP-0291,HR,"Data entry from invoices"
EMP-1909,Customer Support,"Extracting numbers from PDFs"
EMP-3481,Customer Support,"Data entry from invoices"
EMP-0279,Marketing,"Formatting reports"
EMP-1537,HR,"Negotiating a client contract"
EMP-0191,Marketing,"Extracting numbers from PDFs"
EMP-3210,IT,"Leading a brainstorming session"
EMP-1394,Customer Support,"Formatting reports"
EMP-0516,Marketing,"Negotiating a client contract"
EMP-3048,Sales,"Sorting spreadsheets"
EMP-0307,HR,"Leading a brainstorming session"
EMP-1176,Sales,"Negotiating a client contract"
EMP-2318,Sales,"Negotiating a client contract"
EMP-1947,Sales,"Data entry from invoices"
EMP-0135,Marketing,"Interviewing new candidates"
EMP-2274,Sales,"Data entry from invoices"
EMP-1788,HR,"Resolving employee conflict"
EMP-2420,Sales,"Scheduling calendar invites"
EMP-0155,Marketing,"Extracting numbers from PDFs"
EMP-1250,Marketing,"Data entry from invoices"
EMP-1124,Marketing,"Data entry from invoices"
EMP-1180,HR,"Copy-pasting emails into CRM"
EMP-2949,Customer Support,"Copy-pasting emails into CRM"
EMP-2474,Customer Support,"Extracting numbers from PDFs"
EMP-3437,Sales,"Extracting numbers from PDFs"
EMP-0417,Marketing,"Interviewing new candidates"
EMP-1679,Customer Support,"Copy-pasting emails into CRM"
EMP-2715,Customer Support,"Scheduling calendar invites"
EMP-2764,IT,"Resolving employee conflict"
EMP-3314,Marketing,"Interviewing new candidates"
EMP-0167,Customer Support,"Sorting spreadsheets"
EMP-2496,HR,"Copy-pasting emails into CRM"
EMP-0253,Customer Support,"Copy-pasting emails into CRM"
EMP-3075,Customer Support,"Extracting numbers from PDFs"
EMP-0438,HR,"Leading a brainstorming session"
EMP-3077,Customer Support,"Formatting reports"
EMP-3017,HR,"Negotiating a client contract"
EMP-2011,Customer Support,"Negotiating a client contract"
EMP-2857,Marketing,"Formatting reports"
EMP-2573,Marketing,"Data entry from invoices"
EMP-1163,Customer Support,"Scheduling calendar invites"
EMP-1525,Marketing,"Interviewing new candidates"
EMP-0699,HR,"Resolving employee conflict"
EMP-0109,IT,"Leading a brainstorming session"
EMP-0803,IT,"Data entry from invoices"
EMP-2766,Marketing,"Data entry from invoices"
EMP-2202,HR,"Leading a brainstorming session"
EMP-2041,Customer Support,"Interviewing new candidates"
EMP-0905,Marketing,"Sorting spreadsheets"
EMP-3893,IT,"Leading a brainstorming session"
EMP-3592,Marketing,"Sorting spreadsheets"
EMP-0274,Marketing,"Formatting reports"
EMP-0858,IT,"Resolving employee conflict"
EMP-3046,Customer Support,"Formatting reports"
EMP-0458,Customer Support,"Sorting spreadsheets"
EMP-3826,HR,"Resolving employee conflict"
EMP-3612,HR,"Copy-pasting emails into CRM"
EMP-2614,Customer Support,"Sorting spreadsheets"
EMP-0098,Sales,"Copy-pasting emails into CRM"
EMP-0623,Marketing,"Copy-pasting emails into CRM"
EMP-0988,Customer Support,"Sorting spreadsheets"
EMP-0434,Sales,"Negotiating a client contract"
EMP-1449,Sales,"Negotiating a client contract"
EMP-2749,IT,"Data entry from invoices"
EMP-3908,Marketing,"Copy-pasting emails into CRM"
EMP-2369,Sales,"Formatting reports"
EMP-0042,Customer Support,"Scheduling calendar invites"
EMP-0446,Sales,"Scheduling calendar invites"
EMP-1048,Marketing,"Copy-pasting emails into CRM"
EMP-2479,IT,"Copy-pasting emails into CRM"
EMP-3599,Marketing,"Sorting spreadsheets"
EMP-0390,Marketing,"Negotiating a client contract"
EMP-3153,HR,"Leading a brainstorming session"
EMP-0766,Sales,"Copy-pasting emails into CRM"
EMP-1891,Sales,"Copy-pasting emails into CRM"
EMP-1510,IT,"Data entry from invoices"
EMP-1079,HR,"Interviewing new candidates"
EMP-2718,Sales,"Data entry from invoices"
EMP-3746,HR,"Interviewing new candidates"
EMP-3132,IT,"Resolving employee conflict"
EMP-0503,Sales,"Data entry from invoices"
EMP-0392,Marketing,"Extracting numbers from PDFs"
EMP-1743,HR,"Copy-pasting emails into CRM"
EMP-2798,Marketing,"Scheduling calendar invites"
EMP-0998,Marketing,"Scheduling calendar invites"
EMP-2421,Customer Support,"Scheduling calendar invites"
EMP-0232,IT,"Copy-pasting emails into CRM"
EMP-3310,Sales,"Data entry from invoices"
EMP-3968,IT,"Copy-pasting emails into CRM"
EMP-2736,Sales,"Data entry from invoices"
EMP-3168,Customer Support,"Scheduling calendar invites"
EMP-0884,Customer Support,"Scheduling calendar invites"
EMP-2487,HR,"Interviewing new candidates"
EMP-1939,Customer Support,"Scheduling calendar invites"
EMP-2629,Customer Support,"Interviewing new candidates"
EMP-1728,HR,"High-level strategy planning"
EMP-2391,Customer Support,"Formatting reports"
EMP-1225,Customer Support,"Data entry from invoices"
EMP-3195,Sales,"Interviewing new candidates"
EMP-2928,IT,"Copy-pasting emails into CRM"
EMP-0691,Customer Support,"Negotiating a client contract"
EMP-2279,IT,"Leading a brainstorming session"
EMP-1667,Marketing,"Sorting spreadsheets"
EMP-1108,Marketing,"Negotiating a client contract"
EMP-2725,Sales,"Negotiating a client contract"
EMP-1224,IT,"Data entry from invoices"
EMP-0203,Sales,"Interviewing new candidates"
EMP-0869,Customer Support,"Negotiating a client contract"
EMP-2317,Customer Support,"Negotiating a client contract"
EMP-0859,IT,"Copy-pasting emails into CRM"
EMP-3064,Sales,"Sorting spreadsheets"
EMP-0115,Customer Support,"Formatting reports"
EMP-2011,Marketing,"Formatting reports"
EMP-2880,Customer Support,"Sorting spreadsheets"
EMP-3592,IT,"High-level strategy planning"
EMP-2461,IT,"Resolving employee conflict"
EMP-2535,IT,"Interviewing new candidates"
EMP-2466,HR,"Data entry from invoices"
EMP-3340,Marketing,"Extracting numbers from PDFs"
EMP-1632,HR,"Negotiating a client contract"
EMP-0363,Customer Support,"Negotiating a client contract"
EMP-0501,IT,"Negotiating a client contract"
EMP-2003,Marketing,"Interviewing new candidates"
EMP-1483,Marketing,"Sorting spreadsheets"
EMP-1182,IT,"Copy-pasting emails into CRM"
EMP-0406,HR,"High-level strategy planning"
EMP-2955,Customer Support,"Formatting reports"
EMP-3806,IT,"Negotiating a client contract"
EMP-0423,Customer Support,"Negotiating a client contract"
EMP-0431,Customer Support,"Data entry from invoices"
EMP-2366,HR,"Resolving employee conflict"
EMP-0130,Marketing,"Negotiating a client contract"
EMP-2883,HR,"Leading a brainstorming session"
EMP-0991,IT,"Data entry from invoices"
EMP-2596,IT,"Resolving employee conflict"
EMP-1197,Sales,"Formatting reports"
EMP-3228,HR,"Leading a brainstorming session"
EMP-0250,IT,"Copy-pasting emails into CRM"
EMP-2412,Sales,"Extracting numbers from PDFs"
EMP-3352,Customer Support,"Extracting numbers from PDFs"
EMP-2289,Customer Support,"Formatting reports"
EMP-0832,Customer Support,"Sorting spreadsheets"
EMP-0995,HR,"Leading a brainstorming session"
EMP-1545,Customer Support,"Copy-pasting emails into CRM"
EMP-2020,Sales,"Formatting reports"
EMP-0464,Marketing,"Negotiating a client contract"
EMP-3485,Marketing,"Interviewing new candidates"
EMP-3881,Customer Support,"Interviewing new candidates"
EMP-2568,Sales,"Scheduling calendar invites"
EMP-2416,Customer Support,"Copy-pasting emails into CRM"
EMP-2811,HR,"Interviewing new candidates"
EMP-3275,Sales,"Extracting numbers from PDFs"
EMP-2145,HR,"Interviewing new candidates"
EMP-2156,HR,"Data entry from invoices"
EMP-1710,Customer Support,"Interviewing new candidates"
EMP-2489,HR,"Copy-pasting emails into CRM"
EMP-1528,HR,"Copy-pasting emails into CRM"
EMP-2757,HR,"Designing a new brand logo"
EMP-1580,HR,"Copy-pasting emails into CRM"
EMP-2378,Customer Support,"Copy-pasting emails into CRM"
EMP-0633,HR,"Negotiating a client contract"
EMP-2817,HR,"Designing a new brand logo"
EMP-1558,Marketing,"Negotiating a client contract"
EMP-1635,Customer Support,"Extracting numbers from PDFs"
EMP-0565,Marketing,"Interviewing new candidates"
EMP-2348,Marketing,"Extracting numbers from PDFs"
EMP-0603,Sales,"Interviewing new candidates"
EMP-2123,Marketing,"Copy-pasting emails into CRM"
EMP-3304,HR,"Negotiating a client contract"
EMP-2723,Sales,"Scheduling calendar invites"
EMP-1165,Sales,"Formatting reports"
EMP-0917,Marketing,"Interviewing new candidates"
EMP-0125,Customer Support,"Sorting spreadsheets"
EMP-2044,Customer Support,"Scheduling calendar invites"
EMP-3212,Customer Support,"Negotiating a client contract"
EMP-1290,Marketing,"Data entry from invoices"
EMP-3111,HR,"Data entry from invoices"
EMP-2400,Customer Support,"Data entry from invoices"
EMP-1119,Sales,"Scheduling calendar invites"
EMP-1658,HR,"Data entry from invoices"
EMP-0113,HR,"Resolving employee conflict"
EMP-2351,HR,"Resolving employee conflict"
EMP-3997,Customer Support,"Data entry from invoices"
EMP-3694,Customer Support,"Interviewing new candidates"
EMP-3599,IT,"Negotiating a client contract"
EMP-0037,HR,"Negotiating a client contract"
EMP-0192,IT,"High-level strategy planning"
EMP-1963,Marketing,"Sorting spreadsheets"
EMP-0540,Marketing,"Interviewing new candidates"
EMP-3738,Marketing,"Extracting numbers from PDFs"
EMP-0919,HR,"Resolving employee conflict"
EMP-0941,HR,"Negotiating a client contract"
EMP-3143,IT,"High-level strategy planning"
EMP-3233,Customer Support,"Data entry from invoices"
EMP-1198,Marketing,"Data entry from invoices"
EMP-0202,Sales,"Data entry from invoices"
EMP-0060,Customer Support,"Scheduling calendar invites"
EMP-0323,Sales,"Scheduling calendar invites"
EMP-3453,Customer Support,"Copy-pasting emails into CRM"
EMP-1129,Marketing,"Negotiating a client contract"
EMP-0990,IT,"Copy-pasting emails into CRM"
EMP-3169,HR,"Negotiating a client contract"
EMP-2241,IT,"Data entry from invoices"
EMP-3740,Customer Support,"Data entry from invoices"
EMP-3966,IT,"Interviewing new candidates"
EMP-0085,Marketing,"Sorting spreadsheets"
EMP-1967,Marketing,"Formatting reports"
EMP-2271,Sales,"Extracting numbers from PDFs"
EMP-0330,IT,"Leading a brainstorming session"
EMP-2533,Sales,"Interviewing new candidates"
EMP-1001,IT,"Designing a new brand logo"
EMP-0366,HR,"Leading a brainstorming session"
EMP-1600,HR,"Leading a brainstorming session"
EMP-2448,HR,"High-level strategy planning"
EMP-2436,Sales,"Formatting reports"
EMP-2557,Sales,"Formatting reports"
EMP-0628,Sales,"Scheduling calendar invites"
EMP-2444,HR,"Resolving employee conflict"
EMP-0390,Sales,"Scheduling calendar invites"
EMP-2237,Sales,"Formatting reports"
EMP-3245,IT,"Resolving employee conflict"
EMP-2424,Marketing,"Formatting reports"
EMP-0989,Customer Support,"Sorting spreadsheets"
EMP-3650,IT,"Data entry from invoices"
EMP-0187,HR,"Negotiating a client contract"
EMP-1935,Marketing,"Extracting numbers from PDFs"
EMP-3168,Sales,"Copy-pasting emails into CRM"
EMP-3133,Marketing,"Scheduling calendar invites"
EMP-1010,IT,"Interviewing new candidates"
EMP-1280,Sales,"Interviewing new candidates"
EMP-1335,Customer Support,"Interviewing new candidates"
EMP-2853,Marketing,"Data entry from invoices"
EMP-3822,HR,"Leading a brainstorming session"
EMP-3957,Sales,"Formatting reports"
EMP-3749,Sales,"Data entry from invoices"
EMP-1211,Marketing,"Formatting reports"
EMP-0625,Marketing,"Negotiating a client contract"
EMP-2073,IT,"Data entry from invoices"
EMP-3616,Sales,"Scheduling calendar invites"
EMP-2538,Customer Support,"Negotiating a client contract"
EMP-1510,IT,"Data entry from invoices"
EMP-1955,IT,"Designing a new brand logo"
EMP-1637,HR,"Negotiating a client contract"
EMP-3262,Marketing,"Sorting spreadsheets"
EMP-3685,HR,"Resolving employee conflict"
EMP-0445,Customer Support,"Extracting numbers from PDFs"
EMP-1898,Sales,"Negotiating a client contract"
EMP-1905,Customer Support,"Scheduling calendar invites"
EMP-0104,Sales,"Scheduling calendar invites"
EMP-0495,IT,"Interviewing new candidates"
EMP-1745,Customer Support,"Negotiating a client contract"
EMP-2889,HR,"Interviewing new candidates"
EMP-3845,HR,"Resolving employee conflict"
EMP-0695,IT,"Copy-pasting emails into CRM"
EMP-0472,Customer Support,"Formatting reports"
EMP-0855,IT,"Data entry from invoices"
EMP-2280,Sales,"Interviewing new candidates"
EMP-3920,Sales,"Negotiating a client contract"
EMP-3509,IT,"Copy-pasting emails into CRM"
EMP-2709,Sales,"Sorting spreadsheets"
EMP-2695,HR,"Data entry from invoices"
EMP-2467,HR,"Leading a brainstorming session"
EMP-1483,HR,"Copy-pasting emails into CRM"
EMP-2319,HR,"Copy-pasting emails into CRM"
EMP-0970,IT,"Resolving employee conflict"
EMP-1238,Customer Support,"Sorting spreadsheets"
EMP-0196,Marketing,"Scheduling calendar invites"
EMP-1725,Sales,"Formatting reports"
EMP-1194,Customer Support,"Formatting reports"
EMP-1092,HR,"High-level strategy planning"
EMP-0328,IT,"Resolving employee conflict"
EMP-2660,Sales,"Interviewing new candidates"
EMP-2038,Sales,"Formatting reports"
EMP-2123,Customer Support,"Copy-pasting emails into CRM"
EMP-2106,IT,"Interviewing new candidates"
EMP-2159,HR,"Data entry from invoices"
EMP-0165,Sales,"Copy-pasting emails into CRM"
EMP-3298,Sales,"Data entry from invoices"
EMP-2353,Customer Support,"Scheduling calendar invites"
EMP-1665,Marketing,"Data entry from invoices"
EMP-1938,HR,"Resolving employee conflict"
EMP-1426,Customer Support,"Data entry from invoices"
EMP-1915,IT,"Resolving employee conflict"
EMP-1292,Customer Support,"Formatting reports"
EMP-2571,HR,"Leading a brainstorming session"
EMP-2857,Sales,"Negotiating a client contract"
EMP-2214,HR,"Negotiating a client contract"
EMP-0230,Sales,"Copy-pasting emails into CRM"
EMP-1427,Sales,"Interviewing new candidates"
EMP-0192,Sales,"Extracting numbers from PDFs"
EMP-1289,Customer Support,"Scheduling calendar invites"
EMP-1500,IT,"High-level strategy planning"
EMP-1766,IT,"Interviewing new candidates"
EMP-1563,Marketing,"Scheduling calendar invites"
EMP-0407,Customer Support,"Copy-pasting emails into CRM"
EMP-0916,HR,"Designing a new brand logo"
EMP-1029,HR,"Interviewing new candidates"
EMP-1329,HR,"Copy-pasting emails into CRM"
EMP-3216,IT,"Resolving employee conflict"
EMP-1004,HR,"Data entry from invoices"
EMP-2957,Marketing,"Extracting numbers from PDFs"
EMP-0364,Customer Support,"Extracting numbers from PDFs"
EMP-1641,Sales,"Copy-pasting emails into CRM"
EMP-0543,Customer Support,"Scheduling calendar invites"
EMP-3854,HR,"Interviewing new candidates"
EMP-1576,Customer Support,"Copy-pasting emails into CRM"
EMP-3924,Customer Support,"Copy-pasting emails into CRM"
EMP-1665,Sales,"Sorting spreadsheets"
EMP-1441,HR,"High-level strategy planning"
EMP-1356,Customer Support,"Copy-pasting emails into CRM"
EMP-3397,Marketing,"Formatting reports"
EMP-3163,Sales,"Data entry from invoices"
EMP-2740,HR,"Interviewing new candidates"
EMP-2713,Marketing,"Scheduling calendar invites"
EMP-2022,Customer Support,"Extracting numbers from PDFs"
EMP-1040,HR,"Resolving employee conflict"
EMP-2814,Sales,"Sorting spreadsheets"
EMP-0401,Marketing,"Interviewing new candidates"
EMP-0820,Sales,"Formatting reports"
EMP-0227,HR,"Data entry from invoices"
EMP-1829,HR,"Copy-pasting emails into CRM"
EMP-0247,Marketing,"Scheduling calendar invites"
EMP-2598,Sales,"Copy-pasting emails into CRM"
EMP-3930,HR,"Data entry from invoices"
EMP-1425,HR,"Copy-pasting emails into CRM"
EMP-0941,Sales,"Copy-pasting emails into CRM"
EMP-2452,Customer Support,"Extracting numbers from PDFs"
EMP-1268,IT,"Designing a new brand logo"
EMP-0980,IT,"Leading a brainstorming session"
EMP-0419,IT,"Copy-pasting emails into CRM"
EMP-0929,Sales,"Data entry from invoices"
EMP-3220,HR,"Interviewing new candidates"
EMP-2050,IT,"Leading a brainstorming session"
EMP-1662,Sales,"Negotiating a client contract"
EMP-2651,Sales,"Data entry from invoices"
EMP-3199,Sales,"Extracting numbers from PDFs"
EMP-0416,IT,"Negotiating a client contract"
EMP-3575,IT,"Negotiating a client contract"
EMP-3374,IT,"Resolving employee conflict"
EMP-0018,Sales,"Formatting reports"
EMP-3381,Marketing,"Formatting reports"
EMP-1096,Customer Support,"Data entry from invoices"
EMP-0980,IT,"Data entry from invoices"
EMP-2319,HR,"High-level strategy planning"
EMP-1573,Sales,"Negotiating a client contract"
EMP-2664,HR,"Designing a new brand logo"
EMP-2019,HR,"High-level strategy planning"
EMP-0263,Sales,"Copy-pasting emails into CRM"
EMP-3023,Marketing,"Copy-pasting emails into CRM"
EMP-0620,IT,"Negotiating a client contract"
EMP-1340,Customer Support,"Sorting spreadsheets"
EMP-1772,Sales,"Formatting reports"
EMP-3654,Marketing,"Scheduling calendar invites"
EMP-2220,Sales,"Data entry from invoices"
EMP-3046,HR,"Negotiating a client contract"
EMP-0550,Marketing,"Sorting spreadsheets"
EMP-2490,Sales,"Interviewing new candidates"
EMP-3485,HR,"Data entry from invoices"
EMP-2924,HR,"Leading a brainstorming session"
EMP-1158,Sales,"Extracting numbers from PDFs"
EMP-2064,Customer Support,"Data entry from invoices"
EMP-2039,IT,"Interviewing new candidates"
EMP-0206,Sales,"Interviewing new candidates"
EMP-3988,IT,"High-level strategy planning"
EMP-1036,HR,"Designing a new brand logo"
EMP-0546,IT,"Leading a brainstorming session"
EMP-2639,Sales,"Sorting spreadsheets"
EMP-2883,Marketing,"Formatting reports"
EMP-3407,HR,"Interviewing new candidates"
EMP-3485,Customer Support,"Interviewing new candidates"
EMP-2462,Customer Support,"Data entry from invoices"
EMP-0539,Marketing,"Data entry from invoices"
EMP-0467,IT,"Resolving employee conflict"
EMP-3486,Sales,"Scheduling calendar invites"
EMP-2324,Marketing,"Extracting numbers from PDFs"
EMP-2510,Sales,"Sorting spreadsheets"
EMP-0066,Marketing,"Scheduling calendar invites"
EMP-0025,IT,"Copy-pasting emails into CRM"
EMP-2516,HR,"Data entry from invoices"
EMP-1902,IT,"Leading a brainstorming session"
EMP-0606,Sales,"Interviewing new candidates"
EMP-1609,Sales,"Interviewing new candidates"
EMP-3268,IT,"Negotiating a client contract"
EMP-0586,Customer Support,"Formatting reports"
EMP-0756,HR,"Leading a brainstorming session"
EMP-3493,Customer Support,"Sorting spreadsheets"
EMP-1179,HR,"High-level strategy planning"
EMP-1670,Marketing,"Sorting spreadsheets"
EMP-1085,IT,"Leading a brainstorming session"
EMP-2159,Customer Support,"Sorting spreadsheets"
EMP-3502,Sales,"Extracting numbers from PDFs"
EMP-3381,IT,"Interviewing new candidates"
EMP-3714,Sales,"Sorting spreadsheets"
EMP-0414,Sales,"Data entry from invoices"
EMP-2313,IT,"Resolving employee conflict"
EMP-1742,Marketing,"Copy-pasting emails into CRM"
EMP-0441,Marketing,"Sorting spreadsheets"
EMP-2054,IT,"Resolving employee conflict"
EMP-3681,Marketing,"Formatting reports"
EMP-3616,Customer Support,"Negotiating a client contract"
EMP-1058,Customer Support,"Copy-pasting emails into CRM"
EMP-2464,Customer Support,"Sorting spreadsheets"
EMP-1291,Sales,"Copy-pasting emails into CRM"
EMP-2369,Marketing,"Extracting numbers from PDFs"
EMP-3874,HR,"Copy-pasting emails into CRM"
EMP-1035,HR,"Designing a new brand logo"
EMP-3778,IT,"Interviewing new candidates"
EMP-1018,HR,"Designing a new brand logo"
EMP-0792,Customer Support,"Extracting numbers from PDFs"
EMP-2023,Sales,"Data entry from invoices"
EMP-0019,Marketing,"Data entry from invoices"
EMP-1055,Sales,"Data entry from invoices"
EMP-0191,IT,"Resolving employee conflict"
EMP-1807,Marketing,"Sorting spreadsheets"
EMP-2601,Customer Support,"Extracting numbers from PDFs"
EMP-0210,Sales,"Formatting reports"
EMP-3581,Marketing,"Extracting numbers from PDFs"
EMP-3301,IT,"Resolving employee conflict"
EMP-3092,Customer Support,"Sorting spreadsheets"
EMP-1781,Marketing,"Data entry from invoices"
EMP-1084,Sales,"Data entry from invoices"
EMP-2748,Customer Support,"Data entry from invoices"
EMP-3155,Sales,"Scheduling calendar invites"
EMP-2126,Sales,"Extracting numbers from PDFs"
EMP-1682,Marketing,"Copy-pasting emails into CRM"
EMP-0031,Marketing,"Interviewing new candidates"
EMP-2867,IT,"Interviewing new candidates"
EMP-2571,Marketing,"Copy-pasting emails into CRM"
EMP-0432,Sales,"Extracting numbers from PDFs"
EMP-3312,HR,"Negotiating a client contract"
EMP-0433,HR,"Resolving employee conflict"
EMP-0247,Customer Support,"Copy-pasting emails into CRM"
EMP-3003,Customer Support,"Scheduling calendar invites"
EMP-1847,Sales,"Data entry from invoices"
EMP-0725,IT,"Data entry from invoices"
EMP-1867,IT,"Designing a new brand logo"
EMP-3652,IT,"Leading a brainstorming session"
EMP-1215,Marketing,"Copy-pasting emails into CRM"
EMP-1048,HR,"Data entry from invoices"
EMP-0557,IT,"Copy-pasting emails into CRM"
EMP-0476,Marketing,"Copy-pasting emails into CRM"
EMP-3387,Sales,"Scheduling calendar invites"
EMP-1833,Customer Support,"Copy-pasting emails into CRM"
EMP-0727,Sales,"Extracting numbers from PDFs"
EMP-0116,Customer Support,"Formatting reports"
EMP-3222,Customer Support,"Sorting spreadsheets"
EMP-1738,HR,"Resolving employee conflict"
EMP-2556,IT,"Copy-pasting emails into CRM"
EMP-1544,HR,"High-level strategy planning"
EMP-0884,Marketing,"Scheduling calendar invites"
EMP-3455,Marketing,"Sorting spreadsheets"
EMP-1753,Marketing,"Copy-pasting emails into CRM"
EMP-0376,Customer Support,"Sorting spreadsheets"
EMP-0002,Marketing,"Negotiating a client contract"
EMP-0596,Marketing,"Interviewing new candidates"
EMP-1283,IT,"Negotiating a client contract"
EMP-0091,Customer Support,"Scheduling calendar invites"
EMP-1128,Sales,"Interviewing new candidates"
EMP-2845,Customer Support,"Extracting numbers from PDFs"
EMP-3006,IT,"Resolving employee conflict"
EMP-0899,HR,"High-level strategy planning"
EMP-1316,IT,"High-level strategy planning"
EMP-3564,IT,"Resolving employee conflict"
EMP-2676,HR,"High-level strategy planning"
EMP-0976,Marketing,"Formatting reports"
EMP-1617,Customer Support,"Negotiating a client contract"
EMP-2090,HR,"Copy-pasting emails into CRM"
EMP-0268,Marketing,"Data entry from invoices"
EMP-0580,Customer Support,"Data entry from invoices"
EMP-2103,Sales,"Sorting spreadsheets"
EMP-1664,IT,"Interviewing new candidates"
EMP-0095,Marketing,"Formatting reports"
EMP-2214,Customer Support,"Negotiating a client contract"
EMP-1861,Sales,"Formatting reports"
EMP-3375,HR,"Negotiating a client contract"
EMP-1160,IT,"Designing a new brand logo"
EMP-1026,HR,"Negotiating a client contract"
EMP-2683,HR,"Interviewing new candidates"
EMP-1313,Customer Support,"Data entry from invoices"
EMP-2682,HR,"Interviewing new candidates"
EMP-3183,HR,"High-level strategy planning"
EMP-1381,Sales,"Data entry from invoices"
EMP-1313,Sales,"Data entry from invoices"
EMP-1509,HR,"Copy-pasting emails into CRM"
EMP-2220,Sales,"Interviewing new candidates"
EMP-0309,Marketing,"Copy-pasting emails into CRM"
EMP-2258,HR,"Resolving employee conflict"
EMP-3318,Sales,"Scheduling calendar invites"
EMP-3937,HR,"Data entry from invoices"
EMP-3864,Marketing,"Formatting reports"
EMP-3114,Sales,"Copy-pasting emails into CRM"
EMP-0144,Customer Support,"Sorting spreadsheets"
EMP-0324,IT,"Resolving employee conflict"
EMP-3583,Customer Support,"Data entry from invoices"
EMP-1646,Sales,"Scheduling calendar invites"
EMP-1764,Marketing,"Data entry from invoices"
EMP-1592,Customer Support,"Negotiating a client contract"
EMP-0258,Customer Support,"Copy-pasting emails into CRM"
EMP-0260,HR,"Interviewing new candidates"
EMP-2424,Marketing,"Data entry from invoices"
EMP-0246,IT,"Negotiating a client contract"
EMP-3442,Customer Support,"Negotiating a client contract"
EMP-2235,Customer Support,"Sorting spreadsheets"
EMP-2888,Customer Support,"Extracting numbers from PDFs"
EMP-3535,IT,"Interviewing new candidates"
EMP-2826,Sales,"Negotiating a client contract"
EMP-0615,Customer Support,"Scheduling calendar invites"
EMP-0364,IT,"Designing a new brand logo"
EMP-0062,Sales,"Extracting numbers from PDFs"
EMP-0644,HR,"Resolving employee conflict"
EMP-1928,IT,"Negotiating a client contract"
EMP-0065,IT,"Designing a new brand logo"
EMP-3244,Sales,"Copy-pasting emails into CRM"
EMP-0619,HR,"Resolving employee conflict"
EMP-3090,HR,"High-level strategy planning"
EMP-1314,HR,"Designing a new brand logo"
EMP-0126,HR,"Resolving employee conflict"
EMP-1027,Customer Support,"Sorting spreadsheets"
EMP-2091,HR,"Data entry from invoices"
EMP-3105,Sales,"Interviewing new candidates"
EMP-0258,Marketing,"Scheduling calendar invites"
EMP-0609,IT,"Leading a brainstorming session"
EMP-0953,Marketing,"Sorting spreadsheets"
EMP-0680,Customer Support,"Copy-pasting emails into CRM"
EMP-3975,IT,"Copy-pasting emails into CRM"
EMP-2193,Customer Support,"Interviewing new candidates"
EMP-0606,HR,"Data entry from invoices"
EMP-1914,HR,"Copy-pasting emails into CRM"
EMP-3049,Marketing,"Data entry from invoices"
EMP-1770,Customer Support,"Copy-pasting emails into CRM"
EMP-2226,Customer Support,"Negotiating a client contract"
EMP-3893,Customer Support,"Copy-pasting emails into CRM"
EMP-2686,Marketing,"Copy-pasting emails into CRM"
EMP-2111,Sales,"Data entry from invoices"
EMP-3452,HR,"High-level strategy planning"
EMP-2229,HR,"High-level strategy planning"
EMP-0371,IT,"Negotiating a client contract"
EMP-1180,IT,"Leading a brainstorming session"
EMP-2257,Marketing,"Copy-pasting emails into CRM"
EMP-1754,Customer Support,"Sorting spreadsheets"
EMP-2919,IT,"Data entry from invoices"
EMP-2542,HR,"Interviewing new candidates"
EMP-1183,Customer Support,"Formatting reports"
EMP-3050,HR,"Copy-pasting emails into CRM"
EMP-1515,Sales,"Interviewing new candidates"
EMP-2573,HR,"Resolving employee conflict"
EMP-0734,HR,"High-level strategy planning"
EMP-3900,Marketing,"Extracting numbers from PDFs"
EMP-3306,Marketing,"Interviewing new candidates"
EMP-3228,Marketing,"Formatting reports"
EMP-1502,Customer Support,"Data entry from invoices"
EMP-2216,HR,"Copy-pasting emails into CRM"
EMP-2124,Customer Support,"Negotiating a client contract"
EMP-1794,IT,"Leading a brainstorming session"
EMP-0162,HR,"Negotiating a client contract"
EMP-3737,IT,"Resolving employee conflict"
EMP-0963,Customer Support,"Sorting spreadsheets"
EMP-0956,Marketing,"Data entry from invoices"
EMP-0187,HR,"Data entry from invoices"
EMP-0990,HR,"Resolving employee conflict"
EMP-0424,IT,"Copy-pasting emails into CRM"
EMP-0963,Marketing,"Sorting spreadsheets"
EMP-0037,Customer Support,"Extracting numbers from PDFs"
EMP-0109,HR,"Resolving employee conflict"
EMP-2025,Marketing,"Copy-pasting emails into CRM"
EMP-1567,IT,"High-level strategy planning"
EMP-2936,Sales,"Sorting spreadsheets"
EMP-0570,IT,"Leading a brainstorming session"
EMP-2861,Customer Support,"Data entry from invoices"
EMP-0668,Sales,"Sorting spreadsheets"
EMP-2726,Marketing,"Formatting reports"
EMP-2357,Marketing,"Negotiating a client contract"
EMP-0759,IT,"Leading a brainstorming session"
EMP-1548,Customer Support,"Copy-pasting emails into CRM"
EMP-1073,Marketing,"Data entry from invoices"
EMP-3080,Sales,"Interviewing new candidates"
EMP-1737,IT,"Designing a new brand logo"
EMP-0585,HR,"Resolving employee conflict"
EMP-0364,Customer Support,"Extracting numbers from PDFs"
EMP-1279,Customer Support,"Scheduling calendar invites"
EMP-3622,Marketing,"Negotiating a client contract"
EMP-2469,Sales,"Data entry from invoices"
EMP-2808,IT,"Leading a brainstorming session"
EMP-2099,Sales,"Data entry from invoices"
EMP-0189,Marketing,"Sorting spreadsheets"
EMP-0822,IT,"Copy-pasting emails into CRM"
EMP-1099,Customer Support,"Scheduling calendar invites"
EMP-1483,HR,"Designing a new brand logo"
EMP-2171,Customer Support,"Data entry from invoices"
EMP-2062,Marketing,"Formatting reports"
EMP-3716,Sales,"Scheduling calendar invites"
EMP-2618,Customer Support,"Data entry from invoices"
EMP-3303,Customer Support,"Interviewing new candidates"
EMP-0919,Marketing,"Scheduling calendar invites"
EMP-1753,Sales,"Formatting reports"
EMP-2724,IT,"Copy-pasting emails into CRM"
EMP-3371,IT,"Designing a new brand logo"
EMP-0465,Sales,"Data entry from invoices"
EMP-1816,IT,"Designing a new brand logo"
EMP-1128,Sales,"Formatting reports"
EMP-3738,IT,"Data entry from invoices"
EMP-2278,HR,"High-level strategy planning"
EMP-2942,HR,"High-level strategy planning"
EMP-2558,Marketing,"Sorting spreadsheets"
EMP-0029,Sales,"Formatting reports"
EMP-0816,HR,"Designing a new brand logo"
EMP-2679,IT,"Designing a new brand logo"
EMP-2584,Marketing,"Extracting numbers from PDFs"
EMP-2921,Customer Support,"Scheduling calendar invites"
EMP-1499,Marketing,"Formatting reports"
EMP-3550,HR,"High-level strategy planning"
EMP-3569,Marketing,"Formatting reports"
EMP-3095,Sales,"Copy-pasting emails into CRM"
EMP-3312,Sales,"Sorting spreadsheets"
EMP-0845,Marketing,"Extracting numbers from PDFs"
EMP-0472,IT,"Resolving employee conflict"
EMP-1927,Sales,"Copy-pasting emails into CRM"
EMP-3541,HR,"Designing a new brand logo"
EMP-1245,HR,"High-level strategy planning"
EMP-2694,Sales,"Scheduling calendar invites"
EMP-0828,Sales,"Data entry from invoices"
EMP-2227,Sales,"Formatting reports"
EMP-3637,Sales,"Scheduling calendar invites"
EMP-0227,HR,"Negotiating a client contract"
EMP-1440,IT,"High-level strategy planning"
EMP-1705,Sales,"Copy-pasting emails into CRM"
EMP-3192,Sales,"Interviewing new candidates"
EMP-0470,Sales,"Data entry from invoices"
EMP-1725,IT,"Interviewing new candidates"
EMP-0865,Customer Support,"Scheduling calendar invites"
EMP-3323,Marketing,"Negotiating a client contract"
EMP-0072,HR,"Interviewing new candidates"
EMP-2235,Marketing,"Extracting numbers from PDFs"
EMP-1234,IT,"Resolving employee conflict"
EMP-1361,Customer Support,"Sorting spreadsheets"
EMP-3326,Customer Support,"Copy-pasting emails into CRM"
EMP-1969,Customer Support,"Formatting reports"
EMP-0800,IT,"Interviewing new candidates"
EMP-2761,Customer Support,"Sorting spreadsheets"
EMP-0417,IT,"Copy-pasting emails into CRM"
EMP-2483,IT,"Data entry from invoices"
EMP-2134,Sales,"Data entry from invoices"
EMP-3259,Sales,"Data entry from invoices"
EMP-0724,Sales,"Negotiating a client contract"
EMP-3773,Sales,"Interviewing new candidates"
EMP-1605,Marketing,"Extracting numbers from PDFs"
EMP-3061,Sales,"Interviewing new candidates"
EMP-0366,Customer Support,"Scheduling calendar invites"
EMP-3844,IT,"Copy-pasting emails into CRM"
EMP-0507,Marketing,"Negotiating a client contract"
EMP-3885,Customer Support,"Interviewing new candidates"
EMP-0663,Customer Support,"Scheduling calendar invites"
EMP-2165,Marketing,"Scheduling calendar invites"
EMP-0902,HR,"Negotiating a client contract"
EMP-0921,Marketing,"Sorting spreadsheets"
EMP-0259,IT,"Leading a brainstorming session"
EMP-0163,IT,"Copy-pasting emails into CRM"
EMP-2776,HR,"Leading a brainstorming session"
EMP-2842,Sales,"Formatting reports"
EMP-3936,IT,"Leading a brainstorming session"
EMP-1315,Customer Support,"Negotiating a client contract"
EMP-2937,Marketing,"Data entry from invoices"
EMP-3305,Customer Support,"Extracting numbers from PDFs"
EMP-2298,Customer Support,"Scheduling calendar invites"
EMP-0012,IT,"Designing a new brand logo"
EMP-3706,HR,"Interviewing new candidates"
EMP-1062,IT,"Designing a new brand logo"
EMP-1343,HR,"Leading a brainstorming session"
EMP-2341,Sales,"Data entry from invoices"
EMP-0915,HR,"Resolving employee conflict"
EMP-2868,Customer Support,"Sorting spreadsheets"
EMP-1669,IT,"High-level strategy planning"
EMP-1426,Sales,"Sorting spreadsheets"
EMP-1956,Marketing,"Extracting numbers from PDFs"
EMP-2724,Marketing,"Scheduling calendar invites"
EMP-2713,HR,"Copy-pasting emails into CRM"
EMP-0911,HR,"Negotiating a client contract"
EMP-1009,Marketing,"Data entry from invoices"
EMP-1296,Marketing,"Scheduling calendar invites"
EMP-3551,IT,"Negotiating a client contract"
EMP-0152,Marketing,"Formatting reports"
EMP-0431,Marketing,"Extracting numbers from PDFs"
EMP-3800,Marketing,"Scheduling calendar invites"
EMP-1879,IT,"Negotiating a client contract"
EMP-0296,Customer Support,"Data entry from invoices"
EMP-1312,Marketing,"Formatting reports"
EMP-0202,Marketing,"Scheduling calendar invites"
EMP-0416,Customer Support,"Copy-pasting emails into CRM"
EMP-2996,Sales,"Data entry from invoices"
EMP-0348,HR,"Negotiating a client contract"
EMP-3393,Sales,"Formatting reports"
EMP-3604,Marketing,"Negotiating a client contract"
EMP-2736,Customer Support,"Sorting spreadsheets"
EMP-1547,Customer Support,"Scheduling calendar invites"
EMP-1757,IT,"Data entry from invoices"
EMP-2399,IT,"Data entry from invoices"
EMP-0675,Customer Support,"Extracting numbers from PDFs"
EMP-1522,Customer Support,"Interviewing new candidates"
EMP-0358,Customer Support,"Copy-pasting emails into CRM"
EMP-2480,HR,"Copy-pasting emails into CRM"
EMP-0256,HR,"Copy-pasting emails into CRM"
EMP-3491,HR,"Designing a new brand logo"
EMP-0404,Customer Support,"Formatting reports"
EMP-1962,Sales,"Scheduling calendar invites"
EMP-1113,Marketing,"Extracting numbers from PDFs"
EMP-0547,HR,"High-level strategy planning"
EMP-0466,Marketing,"Scheduling calendar invites"
EMP-0318,HR,"Leading a brainstorming session"
EMP-3685,IT,"Data entry from invoices"
EMP-3858,Marketing,"Extracting numbers from PDFs"
EMP-3552,Customer Support,"Extracting numbers from PDFs"
EMP-3820,Customer Support,"Data entry from invoices"
EMP-2634,IT,"Leading a brainstorming session"
EMP-0608,HR,"Negotiating a client contract"
EMP-1644,HR,"Interviewing new candidates"
EMP-3398,Sales,"Scheduling calendar invites"
EMP-3491,Customer Support,"Data entry from invoices"
EMP-0217,Customer Support,"Formatting reports"
EMP-1785,Customer Support,"Sorting spreadsheets"
EMP-3995,Sales,"Formatting reports"
EMP-2243,IT,"Designing a new brand logo"
EMP-1627,Marketing,"Data entry from invoices"
EMP-2637,HR,"High-level strategy planning"
EMP-1261,Marketing,"Formatting reports"
EMP-2181,IT,"Data entry from invoices"
EMP-1242,IT,"High-level strategy planning"
EMP-1084,Marketing,"Formatting reports"
EMP-0570,Sales,"Sorting spreadsheets"
EMP-0898,Customer Support,"Scheduling calendar invites"
EMP-3408,Customer Support,"Sorting spreadsheets"
EMP-0227,HR,"Copy-pasting emails into CRM"
EMP-1085,Marketing,"Sorting spreadsheets"
EMP-0749,Customer Support,"Scheduling calendar invites"
EMP-3713,Sales,"Data entry from invoices"
EMP-2300,Sales,"Scheduling calendar invites"
EMP-2316,HR,"Negotiating a client contract"
EMP-2991,Customer Support,"Scheduling calendar invites"
EMP-0365,Customer Support,"Scheduling calendar invites"
EMP-2406,Marketing,"Scheduling calendar invites"
EMP-1179,HR,"Resolving employee conflict"
EMP-2918,Sales,"Formatting reports"
EMP-2060,Sales,"Extracting numbers from PDFs"
EMP-1353,Marketing,"Data entry from invoices"
EMP-0036,HR,"Resolving employee conflict"
EMP-3204,Marketing,"Data entry from invoices"
EMP-1940,IT,"Data entry from invoices"
EMP-1582,Sales,"Sorting spreadsheets"
EMP-3306,IT,"Data entry from invoices"
EMP-3542,Sales,"Sorting spreadsheets"
EMP-1429,IT,"Negotiating a client contract"
EMP-3762,IT,"Copy-pasting emails into CRM"
EMP-3469,Customer Support,"Formatting reports"
EMP-2410,IT,"Data entry from invoices"
EMP-1479,Marketing,"Extracting numbers from PDFs"
EMP-1831,Marketing,"Extracting numbers from PDFs"
EMP-3470,Marketing,"Copy-pasting emails into CRM"
EMP-2241,IT,"High-level strategy planning"
EMP-2474,IT,"High-level strategy planning"
EMP-1357,Customer Support,"Scheduling calendar invites"
EMP-1534,Customer Support,"Data entry from invoices"
EMP-2814,Sales,"Interviewing new candidates"
EMP-1340,Sales,"Scheduling calendar invites"
EMP-2967,Customer Support,"Formatting reports"
EMP-1163,IT,"Designing a new brand logo"
EMP-2652,Customer Support,"Negotiating a client contract"
EMP-3923,Customer Support,"Formatting reports"
EMP-1023,HR,"Copy-pasting emails into CRM"
EMP-2106,Customer Support,"Interviewing new candidates"
EMP-2253,IT,"Interviewing new candidates"
EMP-1300,Marketing,"Negotiating a client contract"
EMP-2169,IT,"Resolving employee conflict"
EMP-1528,Sales,"Negotiating a client contract"
EMP-0790,Sales,"Negotiating a client contract"
EMP-3628,IT,"Negotiating a client contract"
EMP-0402,HR,"Leading a brainstorming session"
EMP-2185,IT,"Interviewing new candidates"
EMP-3673,Marketing,"Copy-pasting emails into CRM"
EMP-3989,IT,"High-level strategy planning"
EMP-3329,Customer Support,"Copy-pasting emails into CRM"
EMP-2033,HR,"Data entry from invoices"
EMP-1174,HR,"High-level strategy planning"
EMP-3324,Customer Support,"Scheduling calendar invites"
EMP-2548,Sales,"Interviewing new candidates"
EMP-0294,Customer Support,"Formatting reports"
EMP-1695,IT,"Interviewing new candidates"
EMP-3552,Marketing,"Negotiating a client contract"
EMP-2232,IT,"Designing a new brand logo"
EMP-1735,HR,"Data entry from invoices"
EMP-3302,HR,"Interviewing new candidates"
EMP-2497,Sales,"Formatting reports"
EMP-0006,Customer Support,"Interviewing new candidates"
EMP-3446,Sales,"Scheduling calendar invites"
EMP-2418,HR,"Leading a brainstorming session"
EMP-2323,IT,"High-level strategy planning"
EMP-0916,HR,"Copy-pasting emails into CRM"
EMP-2103,IT,"Designing a new brand logo"
EMP-3909,Marketing,"Extracting numbers from PDFs"
EMP-1181,IT,"Data entry from invoices"
EMP-0167,Marketing,"Formatting reports"
EMP-3728,Marketing,"Interviewing new candidates"
EMP-2902,Marketing,"Extracting numbers from PDFs"
EMP-3181,Marketing,"Extracting numbers from PDFs"
EMP-0067,Marketing,"Interviewing new candidates"
EMP-2284,Customer Support,"Data entry from invoices"
EMP-1723,Customer Support,"Data entry from invoices"
EMP-3640,HR,"Leading a brainstorming session"
EMP-3002,Marketing,"Sorting spreadsheets"
EMP-0684,Sales,"Sorting spreadsheets"
EMP-0810,HR,"Resolving employee conflict"
EMP-1976,Sales,"Copy-pasting emails into CRM"
EMP-2839,Customer Support,"Scheduling calendar invites"
EMP-3348,IT,"Interviewing new candidates"
EMP-0664,IT,"High-level strategy planning"
EMP-3190,Marketing,"Formatting reports"
EMP-1410,Customer Support,"Negotiating a client contract"
EMP-3697,Customer Support,"Scheduling calendar invites"
EMP-1554,IT,"Data entry from invoices"
EMP-3184,HR,"Interviewing new candidates"
EMP-3642,Customer Support,"Extracting numbers from PDFs"
EMP-2059,Marketing,"Formatting reports"
EMP-3480,Customer Support,"Negotiating a client contract"
EMP-0530,Sales,"Sorting spreadsheets"
EMP-1160,Marketing,"Formatting reports"
EMP-2824,IT,"Resolving employee conflict"
EMP-1458,Sales,"Copy-pasting emails into CRM"
EMP-2358,Sales,"Interviewing new candidates"
EMP-3040,Sales,"Formatting reports"
EMP-2366,HR,"Negotiating a client contract"
EMP-3736,Marketing,"Extracting numbers from PDFs"
EMP-2338,Marketing,"Data entry from invoices"
EMP-0991,Marketing,"Copy-pasting emails into CRM"
EMP-0905,Customer Support,"Formatting reports"
EMP-3581,IT,"Designing a new brand logo"
EMP-1989,HR,"Copy-pasting emails into CRM"
EMP-0829,Marketing,"Negotiating a client contract"
EMP-2370,HR,"Interviewing new candidates"
EMP-3771,HR,"Designing a new brand logo"
EMP-2502,HR,"Designing a new brand logo"
EMP-3367,Marketing,"Formatting reports"
EMP-3244,Marketing,"Formatting reports"
EMP-3309,Sales,"Data entry from invoices"
EMP-1907,Sales,"Data entry from invoices"
EMP-1635,Sales,"Interviewing new candidates"
EMP-0673,Customer Support,"Negotiating a client contract"
EMP-1150,Sales,"Extracting numbers from PDFs"
EMP-0229,Sales,"Formatting reports"
EMP-0104,HR,"Data entry from invoices"
EMP-3826,HR,"Interviewing new candidates"
EMP-0069,HR,"Designing a new brand logo"
EMP-3627,Sales,"Extracting numbers from PDFs"
EMP-2887,Sales,"Formatting reports"
EMP-3602,Customer Support,"Interviewing new candidates"
EMP-0063,Marketing,"Interviewing new candidates"
EMP-0918,Sales,"Formatting reports"
EMP-2688,Sales,"Copy-pasting emails into CRM"
EMP-0871,Customer Support,"Copy-pasting emails into CRM"
EMP-2593,HR,"Resolving employee conflict"
EMP-1741,Marketing,"Copy-pasting emails into CRM"
EMP-4001,Marketing,"Sorting spreadsheets"
EMP-3344,IT,"Interviewing new candidates"
EMP-0117,Sales,"Data entry from invoices"
EMP-1507,Sales,"Formatting reports"
EMP-1251,HR,"High-level strategy planning"
EMP-1223,Customer Support,"Formatting reports"
EMP-1696,Customer Support,"Copy-pasting emails into CRM"
EMP-0725,HR,"Copy-pasting emails into CRM"
EMP-3057,Marketing,"Copy-pasting emails into CRM"
EMP-0830,Customer Support,"Data entry from invoices"
EMP-3243,Customer Support,"Interviewing new candidates"
EMP-3215,IT,"Leading a brainstorming session"
EMP-2448,IT,"Designing a new brand logo"
EMP-2952,Sales,"Extracting numbers from PDFs"
EMP-2482,Marketing,"Negotiating a client contract"
EMP-3581,HR,"Data entry from invoices"
EMP-0768,HR,"Interviewing new candidates"
EMP-0601,Customer Support,"Copy-pasting emails into CRM"
EMP-0352,Marketing,"Formatting reports"
EMP-1097,IT,"Leading a brainstorming session"
EMP-2152,HR,"Resolving employee conflict"
EMP-1041,Marketing,"Copy-pasting emails into CRM"
EMP-0103,IT,"Negotiating a client contract"
EMP-1690,IT,"Data entry from invoices"
EMP-3331,Marketing,"Sorting spreadsheets"
EMP-2925,IT,"Interviewing new candidates"
EMP-0837,HR,"Data entry from invoices"
EMP-1370,Marketing,"Extracting numbers from PDFs"
EMP-3727,HR,"Data entry from invoices"
EMP-1154,HR,"Leading a brainstorming session"
EMP-0953,Customer Support,"Interviewing new candidates"
EMP-1252,Sales,"Sorting spreadsheets"
EMP-0191,Sales,"Scheduling calendar invites"
EMP-0081,Customer Support,"Scheduling calendar invites"
EMP-1335,HR,"Designing a new brand logo"
EMP-1767,IT,"Negotiating a client contract"
EMP-1321,Marketing,"Sorting spreadsheets"
EMP-0735,Customer Support,"Scheduling calendar invites"
EMP-2273,Customer Support,"Data entry from invoices"
EMP-2592,Marketing,"Formatting reports"
EMP-1356,IT,"Data entry from invoices"
EMP-2197,Sales,"Negotiating a client contract"
EMP-0242,IT,"Leading a brainstorming session"
EMP-2052,Marketing,"Sorting spreadsheets"
EMP-3098,Sales,"Interviewing new candidates"
EMP-0989,IT,"Leading a brainstorming session"
EMP-2522,IT,"Copy-pasting emails into CRM"
EMP-0986,IT,"Data entry from invoices"
EMP-1836,Sales,"Data entry from invoices"
EMP-1063,IT,"Copy-pasting emails into CRM"
EMP-2388,HR,"Data entry from invoices"
EMP-2435,Customer Support,"Data entry from invoices"
EMP-0984,Sales,"Copy-pasting emails into CRM"
EMP-1735,Marketing,"Data entry from invoices"
EMP-3654,Customer Support,"Scheduling calendar invites"
EMP-3120,IT,"Copy-pasting emails into CRM"
EMP-3819,HR,"Copy-pasting emails into CRM"
EMP-0977,HR,"Data entry from invoices"
EMP-2161,Marketing,"Formatting reports"
EMP-0054,HR,"Leading a brainstorming session"
EMP-3169,Marketing,"Data entry from invoices"
EMP-2827,Sales,"Extracting numbers from PDFs"
EMP-3632,Sales,"Extracting numbers from PDFs"
EMP-1470,Marketing,"Scheduling calendar invites"
EMP-2945,Marketing,"Extracting numbers from PDFs"
EMP-1048,Marketing,"Interviewing new candidates"
EMP-1338,IT,"Interviewing new candidates"
EMP-2137,Sales,"Interviewing new candidates"
EMP-1723,Customer Support,"Extracting numbers from PDFs"
EMP-2359,Customer Support,"Scheduling calendar invites"
EMP-0394,Sales,"Sorting spreadsheets"
EMP-0273,Customer Support,"Negotiating a client contract"
EMP-3285,Marketing,"Scheduling calendar invites"
EMP-2460,Customer Support,"Extracting numbers from PDFs"
EMP-0606,Marketing,"Extracting numbers from PDFs"
EMP-1912,IT,"High-level strategy planning"
EMP-3487,Marketing,"Sorting spreadsheets"
EMP-3604,Customer Support,"Negotiating a client contract"
EMP-3281,Customer Support,"Extracting numbers from PDFs"
EMP-1400,Marketing,"Sorting spreadsheets"
EMP-2956,IT,"Interviewing new candidates"
EMP-1785,IT,"Negotiating a client contract"
EMP-3548,HR,"Data entry from invoices"
EMP-1399,Marketing,"Extracting numbers from PDFs"
EMP-3700,IT,"Leading a brainstorming session"
EMP-1716,Sales,"Formatting reports"
EMP-3438,Marketing,"Interviewing new candidates"
EMP-1506,Sales,"Interviewing new candidates"
EMP-1042,Marketing,"Extracting numbers from PDFs"
EMP-1846,Sales,"Sorting spreadsheets"
EMP-0258,Marketing,"Formatting reports"
EMP-1080,Sales,"Data entry from invoices"
EMP-3128,Customer Support,"Formatting reports"
EMP-1285,Marketing,"Copy-pasting emails into CRM"
EMP-1989,Sales,"Scheduling calendar invites"
EMP-0876,IT,"Data entry from invoices"
EMP-0696,Sales,"Scheduling calendar invites"
EMP-1379,Sales,"Formatting reports"
EMP-0154,Marketing,"Formatting reports"
EMP-3266,HR,"Data entry from invoices"
EMP-2674,IT,"High-level strategy planning"
EMP-3593,Sales,"Interviewing new candidates"
EMP-1343,Marketing,"Scheduling calendar invites"
EMP-1808,HR,"Data entry from invoices"
EMP-0790,Sales,"Interviewing new candidates"
EMP-2767,Customer Support,"Sorting spreadsheets"
EMP-1268,Sales,"Extracting numbers from PDFs"
EMP-1952,HR,"Copy-pasting emails into CRM"
EMP-2152,Customer Support,"Formatting reports"
EMP-2161,Sales,"Negotiating a client contract"
EMP-3781,HR,"Data entry from invoices"
EMP-0549,Customer Support,"Sorting spreadsheets"
EMP-1507,Sales,"Copy-pasting emails into CRM"
EMP-3743,Marketing,"Formatting reports"
EMP-2740,IT,"Resolving employee conflict"
EMP-0094,Marketing,"Sorting spreadsheets"
EMP-1993,Customer Support,"Interviewing new candidates"
EMP-0442,HR,"Designing a new brand logo"
EMP-2771,HR,"Resolving employee conflict"
EMP-2322,Marketing,"Formatting reports"
EMP-2433,IT,"Data entry from invoices"
EMP-2553,Customer Support,"Extracting numbers from PDFs"
EMP-0881,IT,"High-level strategy planning"
EMP-0392,HR,"High-level strategy planning"
EMP-1838,Customer Support,"Copy-pasting emails into CRM"
EMP-0238,HR,"Leading a brainstorming session"
EMP-0436,Marketing,"Data entry from invoices"
EMP-1243,HR,"Data entry from invoices"
EMP-1060,Marketing,"Data entry from invoices"
EMP-1607,HR,"Leading a brainstorming session"
EMP-0747,HR,"Interviewing new candidates"
EMP-0083,Customer Support,"Data entry from invoices"
EMP-0855,HR,"High-level strategy planning"
EMP-2484,IT,"Data entry from invoices"
EMP-2996,IT,"Designing a new brand logo"
EMP-3843,Marketing,"Data entry from invoices"
EMP-2394,HR,"Negotiating a client contract"
EMP-0235,Marketing,"Data entry from invoices"
EMP-0345,Marketing,"Negotiating a client contract"
EMP-3466,Marketing,"Formatting reports"
EMP-2073,Customer Support,"Negotiating a client contract"
EMP-2099,Sales,"Data entry from invoices"
EMP-2760,IT,"Designing a new brand logo"
EMP-3951,HR,"Interviewing new candidates"
EMP-3945,Marketing,"Negotiating a client contract"
EMP-1187,IT,"Interviewing new candidates"
EMP-3668,Sales,"Sorting spreadsheets"
EMP-2687,Customer Support,"Extracting numbers from PDFs"
EMP-0686,IT,"Copy-pasting emails into CRM"
EMP-0639,Sales,"Extracting numbers from PDFs"
EMP-0896,HR,"Interviewing new candidates"
EMP-1871,HR,"Data entry from invoices"
EMP-2325,Marketing,"Formatting reports"
EMP-0855,Marketing,"Sorting spreadsheets"
EMP-2224,Sales,"Negotiating a client contract"
EMP-3529,Marketing,"Formatting reports"
EMP-3915,Sales,"Data entry from invoices"
EMP-2886,Sales,"Extracting numbers from PDFs"
EMP-0645,Marketing,"Data entry from invoices"
EMP-0506,Customer Support,"Interviewing new candidates"
EMP-2882,Sales,"Copy-pasting emails into CRM"
EMP-2964,IT,"Copy-pasting emails into CRM"
EMP-1522,Customer Support,"Scheduling calendar invites"
EMP-2913,Sales,"Negotiating a client contract"
EMP-2551,Customer Support,"Sorting spreadsheets"
EMP-2643,HR,"Copy-pasting emails into CRM"
EMP-1986,HR,"Data entry from invoices"
EMP-0485,IT,"Negotiating a client contract"
EMP-1069,Customer Support,"Data entry from invoices"
EMP-1613,IT,"Interviewing new candidates"
EMP-3433,HR,"Resolving employee conflict"
EMP-2840,IT,"Interviewing new candidates"
EMP-1580,HR,"Negotiating a client contract"
EMP-2196,Marketing,"Sorting spreadsheets"
EMP-0642,Marketing,"Interviewing new candidates"
EMP-3768,Marketing,"Interviewing new candidates"
EMP-0518,Customer Support,"Interviewing new candidates"
EMP-2303,IT,"Copy-pasting emails into CRM"
EMP-3338,HR,"Designing a new brand logo"
EMP-3897,HR,"Data entry from invoices"
EMP-2620,Marketing,"Copy-pasting emails into CRM"
EMP-2106,IT,"Negotiating a client contract"
EMP-3174,Marketing,"Data entry from invoices"
EMP-1650,IT,"Interviewing new candidates"
EMP-2941,Sales,"Sorting spreadsheets"
EMP-2462,Customer Support,"Extracting numbers from PDFs"
EMP-1402,IT,"Copy-pasting emails into CRM"
EMP-3386,HR,"Negotiating a client contract"
EMP-0643,IT,"Interviewing new candidates"
EMP-3208,IT,"Interviewing new candidates"
EMP-3426,Sales,"Interviewing new candidates"
EMP-2681,HR,"Leading a brainstorming session"
EMP-3469,HR,"Designing a new brand logo"
EMP-1335,Marketing,"Negotiating a client contract"
EMP-2610,Marketing,"Copy-pasting emails into CRM"
EMP-3763,Customer Support,"Copy-pasting emails into CRM"
EMP-0844,Customer Support,"Negotiating a client contract"
EMP-1237,IT,"Copy-pasting emails into CRM"
EMP-3527,IT,"Leading a brainstorming session"
EMP-0002,Customer Support,"Extracting numbers from PDFs"
EMP-0300,Customer Support,"Scheduling calendar invites"
EMP-2497,HR,"Negotiating a client contract"
EMP-2599,HR,"Leading a brainstorming session"
EMP-3939,HR,"Negotiating a client contract"
EMP-3704,Sales,"Copy-pasting emails into CRM"
EMP-0893,Marketing,"Copy-pasting emails into CRM"
EMP-0976,Sales,"Negotiating a client contract"
EMP-3624,Marketing,"Formatting reports"
EMP-3260,HR,"Designing a new brand logo"
EMP-0612,Sales,"Copy-pasting emails into CRM"
EMP-3116,Sales,"Extracting numbers from PDFs"
EMP-3767,Sales,"Scheduling calendar invites"
EMP-1002,HR,"Data entry from invoices"
EMP-1229,Marketing,"Negotiating a client contract"
EMP-3013,Customer Support,"Copy-pasting emails into CRM"
EMP-0247,Customer Support,"Sorting spreadsheets"
EMP-1317,Marketing,"Sorting spreadsheets"
EMP-0050,IT,"Copy-pasting emails into CRM"
EMP-0272,HR,"Negotiating a client contract"
EMP-2691,Sales,"Negotiating a client contract"
EMP-1356,HR,"Data entry from invoices"
EMP-0163,Sales,"Formatting reports"
EMP-0021,Marketing,"Negotiating a client contract"
EMP-2275,Customer Support,"Copy-pasting emails into CRM"
EMP-2864,Customer Support,"Interviewing new candidates"
EMP-2445,HR,"Interviewing new candidates"
EMP-2896,HR,"Leading a brainstorming session"
EMP-3754,HR,"Leading a brainstorming session"
EMP-1248,Customer Support,"Negotiating a client contract"
EMP-1546,HR,"Leading a brainstorming session"
EMP-2944,HR,"Designing a new brand logo"
EMP-2262,Sales,"Scheduling calendar invites"
EMP-3896,Customer Support,"Sorting spreadsheets"
EMP-1023,Marketing,"Interviewing new candidates"
EMP-1592,HR,"High-level strategy planning"
EMP-0661,IT,"Leading a brainstorming session"
EMP-3691,Customer Support,"Sorting spreadsheets"
EMP-3964,Customer Support,"Data entry from invoices"
EMP-3881,IT,"Designing a new brand logo"
EMP-2340,Sales,"Extracting numbers from PDFs"
EMP-3225,HR,"Interviewing new candidates"
EMP-3938,IT,"Designing a new brand logo"
EMP-1113,IT,"Leading a brainstorming session"
EMP-3330,Marketing,"Copy-pasting emails into CRM"
EMP-2565,Sales,"Negotiating a client contract"
EMP-3708,Marketing,"Interviewing new candidates"
EMP-0313,HR,"Data entry from invoices"
EMP-1063,Marketing,"Scheduling calendar invites"
EMP-2842,Sales,"Extracting numbers from PDFs"
EMP-1238,Sales,"Scheduling calendar invites"
EMP-0441,Customer Support,"Negotiating a client contract"
EMP-2992,Marketing,"Scheduling calendar invites"
EMP-1021,Customer Support,"Sorting spreadsheets"
EMP-0020,Customer Support,"Sorting spreadsheets"
EMP-1487,Marketing,"Scheduling calendar invites"
EMP-1138,Sales,"Data entry from invoices"
EMP-1733,Customer Support,"Data entry from invoices"
EMP-2121,Marketing,"Extracting numbers from PDFs"
EMP-0865,HR,"Resolving employee conflict"
EMP-2388,Sales,"Interviewing new candidates"
EMP-1204,Customer Support,"Scheduling calendar invites"
EMP-0577,Marketing,"Negotiating a client contract"
EMP-2213,Marketing,"Interviewing new candidates"
EMP-3328,HR,"High-level strategy planning"
EMP-2807,IT,"High-level strategy planning"
EMP-0354,Marketing,"Negotiating a client contract"
EMP-2576,Sales,"Sorting spreadsheets"
EMP-3817,IT,"Interviewing new candidates"
EMP-2041,IT,"Data entry from invoices"
EMP-0306,Sales,"Scheduling calendar invites"
EMP-2233,IT,"Interviewing new candidates"
EMP-1686,IT,"High-level strategy planning"
EMP-3685,Customer Support,"Data entry from invoices"
EMP-1548,Marketing,"Scheduling calendar invites"
EMP-0187,IT,"Interviewing new candidates"
EMP-1793,Sales,"Formatting reports"
EMP-2930,Sales,"Extracting numbers from PDFs"
EMP-3355,Sales,"Sorting spreadsheets"
EMP-0415,HR,"Copy-pasting emails into CRM"
EMP-2266,Customer Support,"Extracting numbers from PDFs"
EMP-2528,Sales,"Interviewing new candidates"
EMP-0616,IT,"Negotiating a client contract"
EMP-0370,Marketing,"Copy-pasting emails into CRM"
EMP-0912,Customer Support,"Copy-pasting emails into CRM"
EMP-1375,Marketing,"Formatting reports"
EMP-3084,HR,"Resolving employee conflict"
EMP-0091,IT,"Resolving employee conflict"
EMP-0377,IT,"Data entry from invoices"
EMP-2825,IT,"High-level strategy planning"
EMP-3745,IT,"Leading a brainstorming session"
EMP-0079,IT,"Data entry from invoices"
EMP-1394,IT,"Copy-pasting emails into CRM"
EMP-3755,IT,"High-level strategy planning"
EMP-2871,IT,"High-level strategy planning"
EMP-0389,HR,"Designing a new brand logo"
EMP-1929,Sales,"Formatting reports"
EMP-1443,HR,"Leading a brainstorming session"
EMP-0534,Sales,"Copy-pasting emails into CRM"
EMP-0907,Marketing,"Data entry from invoices"
EMP-1644,Marketing,"Data entry from invoices"
EMP-3733,HR,"High-level strategy planning"
EMP-1832,Customer Support,"Extracting numbers from PDFs"
EMP-2888,HR,"High-level strategy planning"
EMP-3454,Customer Support,"Formatting reports"
EMP-3601,HR,"Copy-pasting emails into CRM"
EMP-3182,Customer Support,"Negotiating a client contract"
EMP-1868,IT,"Interviewing new candidates"
EMP-0892,HR,"Resolving employee conflict"
EMP-3887,Marketing,"Data entry from invoices"
EMP-1013,HR,"Resolving employee conflict"
EMP-3204,Marketing,"Sorting spreadsheets"
EMP-3987,Marketing,"Copy-pasting emails into CRM"
EMP-1850,IT,"Copy-pasting emails into CRM"
EMP-0068,Customer Support,"Scheduling calendar invites"
EMP-3271,Sales,"Copy-pasting emails into CRM"
EMP-1339,Marketing,"Copy-pasting emails into CRM"
EMP-1387,HR,"Resolving employee conflict"
EMP-2302,Customer Support,"Copy-pasting emails into CRM"
EMP-0137,Customer Support,"Formatting reports"
EMP-1854,Sales,"Sorting spreadsheets"
EMP-1674,HR,"Data entry from invoices"
EMP-1068,HR,"Leading a brainstorming session"
EMP-2993,IT,"High-level strategy planning"
EMP-0524,HR,"Data entry from invoices"
EMP-2714,HR,"Designing a new brand logo"
EMP-1635,IT,"Leading a brainstorming session"
EMP-3642,Customer Support,"Scheduling calendar invites"
EMP-1646,Customer Support,"Scheduling calendar invites"
EMP-2117,HR,"Data entry from invoices"
EMP-2479,IT,"Copy-pasting emails into CRM"
EMP-2934,Sales,"Formatting reports"
EMP-1224,HR,"Copy-pasting emails into CRM"
EMP-3356,HR,"High-level strategy planning"
EMP-3413,HR,"Resolving employee conflict"
EMP-3511,Marketing,"Sorting spreadsheets"
EMP-2398,Marketing,"Data entry from invoices"
EMP-2512,HR,"Resolving employee conflict"
EMP-0939,HR,"Data entry from invoices"
EMP-3901,Marketing,"Extracting numbers from PDFs"
EMP-2366,Sales,"Sorting spreadsheets"
EMP-3867,Sales,"Extracting numbers from PDFs"
EMP-3906,Customer Support,"Sorting spreadsheets"
EMP-0290,IT,"Resolving employee conflict"
EMP-1530,IT,"Designing a new brand logo"
EMP-0291,IT,"Resolving employee conflict"
EMP-0277,HR,"Negotiating a client contract"
EMP-3692,Marketing,"Sorting spreadsheets"
EMP-1608,HR,"High-level strategy planning"
EMP-2653,IT,"Leading a brainstorming session"
EMP-1489,HR,"High-level strategy planning"
EMP-2286,IT,"Negotiating a client contract"
EMP-0809,Customer Support,"Scheduling calendar invites"
EMP-3646,Customer Support,"Copy-pasting emails into CRM"
EMP-2874,Sales,"Copy-pasting emails into CRM"
EMP-1301,Customer Support,"Interviewing new candidates"
EMP-3052,IT,"Negotiating a client contract"
EMP-0880,IT,"Leading a brainstorming session"
EMP-1827,Sales,"Copy-pasting emails into CRM"
EMP-0583,Customer Support,"Extracting numbers from PDFs"
EMP-0450,Marketing,"Extracting numbers from PDFs"
EMP-3746,Customer Support,"Sorting spreadsheets"
EMP-2269,HR,"Resolving employee conflict"
EMP-0765,IT,"Leading a brainstorming session"
EMP-2211,IT,"Data entry from invoices"
EMP-0831,IT,"Copy-pasting emails into CRM"
EMP-1371,Marketing,"Data entry from invoices"
EMP-3880,Customer Support,"Formatting reports"
EMP-2114,IT,"Designing a new brand logo"
EMP-0757,Marketing,"Scheduling calendar invites"
EMP-2515,Sales,"Formatting reports"
EMP-2535,Marketing,"Formatting reports"
EMP-1461,HR,"Negotiating a client contract"
EMP-2462,HR,"Designing a new brand logo"
EMP-3776,HR,"Copy-pasting emails into CRM"
EMP-2042,IT,"Copy-pasting emails into CRM"
EMP-1475,Sales,"Formatting reports"
EMP-2215,Marketing,"Negotiating a client contract"
EMP-1336,IT,"Leading a brainstorming session"
EMP-3613,IT,"Interviewing new candidates"
EMP-1850,Marketing,"Negotiating a client contract"
EMP-1203,HR,"Resolving employee conflict"
EMP-2590,HR,"Negotiating a client contract"
EMP-2972,HR,"Designing a new brand logo"
EMP-1956,Customer Support,"Scheduling calendar invites"
EMP-1815,HR,"Resolving employee conflict"
EMP-1685,HR,"Leading a brainstorming session"
EMP-1468,Marketing,"Sorting spreadsheets"
EMP-2318,IT,"Negotiating a client contract"
EMP-2457,Customer Support,"Formatting reports"
EMP-1890,Customer Support,"Data entry from invoices"
EMP-3868,HR,"Data entry from invoices"
EMP-0562,HR,"Leading a brainstorming session"
EMP-3789,HR,"Copy-pasting emails into CRM"
EMP-0575,IT,"Data entry from invoices"
EMP-2961,Customer Support,"Interviewing new candidates"
EMP-3023,IT,"Resolving employee conflict"
EMP-3860,HR,"Copy-pasting emails into CRM"
EMP-3415,IT,"Data entry from invoices"
EMP-2823,Marketing,"Sorting spreadsheets"
EMP-0023,IT,"Resolving employee conflict"
EMP-0990,HR,"High-level strategy planning"
EMP-3725,Customer Support,"Sorting spreadsheets"
EMP-0706,Customer Support,"Formatting reports"
EMP-2620,Customer Support,"Interviewing new candidates"
EMP-0566,HR,"High-level strategy planning"
EMP-3683,HR,"High-level strategy planning"
EMP-3993,Sales,"Extracting numbers from PDFs"
EMP-1760,Customer Support,"Scheduling calendar invites"
EMP-0114,Sales,"Data entry from invoices"
EMP-0301,IT,"High-level strategy planning"
EMP-1824,HR,"Interviewing new candidates"
EMP-3569,Customer Support,"Data entry from invoices"
EMP-3402,Marketing,"Sorting spreadsheets"
EMP-1111,Customer Support,"Sorting spreadsheets"
EMP-3630,Customer Support,"Extracting numbers from PDFs"
EMP-3406,HR,"Copy-pasting emails into CRM"
EMP-2532,Marketing,"Interviewing new candidates"
EMP-2431,Marketing,"Data entry from invoices"
EMP-3960,Sales,"Interviewing new candidates"
EMP-0735,IT,"Copy-pasting emails into CRM"
EMP-1885,Customer Support,"Interviewing new candidates"
EMP-3957,IT,"Data entry from invoices"
EMP-1150,IT,"Designing a new brand logo"
EMP-1582,Customer Support,"Scheduling calendar invites"
EMP-0342,Customer Support,"Formatting reports"
EMP-2642,Sales,"Data entry from invoices"
EMP-2811,Customer Support,"Scheduling calendar invites"
EMP-3286,HR,"Data entry from invoices"
EMP-0803,Sales,"Interviewing new candidates"
EMP-3525,Marketing,"Interviewing new candidates"
EMP-4000,Customer Support,"Extracting numbers from PDFs"
EMP-1973,Sales,"Scheduling calendar invites"
EMP-1890,Marketing,"Sorting spreadsheets"
EMP-2999,Customer Support,"Copy-pasting emails into CRM"
EMP-2434,HR,"Resolving employee conflict"
EMP-1307,Customer Support,"Scheduling calendar invites"
EMP-3398,IT,"High-level strategy planning"
EMP-1228,IT,"Resolving employee conflict"
EMP-2483,Sales,"Copy-pasting emails into CRM"
EMP-1959,IT,"Interviewing new candidates"
EMP-2595,Sales,"Extracting numbers from PDFs"
EMP-1667,Customer Support,"Negotiating a client contract"
EMP-3520,Sales,"Sorting spreadsheets"
EMP-0738,Customer Support,"Sorting spreadsheets"
EMP-2184,IT,"Interviewing new candidates"
EMP-0701,Sales,"Scheduling calendar invites"
EMP-0918,Marketing,"Copy-pasting emails into CRM"
EMP-0405,IT,"Resolving employee conflict"
EMP-3287,IT,"Negotiating a client contract"
EMP-2893,IT,"Copy-pasting emails into CRM"
EMP-3971,Marketing,"Scheduling calendar invites"
EMP-0676,Customer Support,"Copy-pasting emails into CRM"
EMP-3945,IT,"Leading a brainstorming session"
EMP-3161,HR,"Leading a brainstorming session"
EMP-0761,IT,"Data entry from invoices"
EMP-3061,Sales,"Interviewing new candidates"
EMP-2955,HR,"Data entry from invoices"
EMP-0491,IT,"Data entry from invoices"
EMP-1011,Customer Support,"Copy-pasting emails into CRM"
EMP-2640,Customer Support,"Extracting numbers from PDFs"
EMP-0984,Sales,"Sorting spreadsheets"
EMP-2512,IT,"Resolving employee conflict"
EMP-3121,Customer Support,"Sorting spreadsheets"
EMP-1287,Marketing,"Negotiating a client contract"
EMP-1903,Marketing,"Copy-pasting emails into CRM"
EMP-0328,HR,"High-level strategy planning"
EMP-3469,HR,"Leading a brainstorming session"
EMP-0454,IT,"Resolving employee conflict"
EMP-0472,HR,"Leading a brainstorming session"
EMP-2221,Sales,"Extracting numbers from PDFs"
EMP-0596,Sales,"Extracting numbers from PDFs"
EMP-1598,IT,"Copy-pasting emails into CRM"
EMP-0481,IT,"Interviewing new candidates"
EMP-3000,IT,"Negotiating a client contract"
EMP-1197,Customer Support,"Scheduling calendar invites"
EMP-2408,HR,"Designing a new brand logo"
EMP-3340,Customer Support,"Interviewing new candidates"
EMP-3717,Marketing,"Sorting spreadsheets"
EMP-2346,Sales,"Negotiating a client contract"
EMP-2931,Customer Support,"Interviewing new candidates"
EMP-3565,Marketing,"Sorting spreadsheets"
EMP-3408,Sales,"Scheduling calendar invites"
EMP-0985,Customer Support,"Extracting numbers from PDFs"
EMP-3228,HR,"Designing a new brand logo"
EMP-3320,Marketing,"Extracting numbers from PDFs"
EMP-0698,IT,"High-level strategy planning"
EMP-2592,Sales,"Extracting numbers from PDFs"
EMP-1218,Marketing,"Copy-pasting emails into CRM"
EMP-1659,IT,"High-level strategy planning"
EMP-3696,Sales,"Extracting numbers from PDFs"
EMP-1311,IT,"Resolving employee conflict"
EMP-1060,Customer Support,"Data entry from invoices"
EMP-1218,HR,"Leading a brainstorming session"
EMP-0558,Customer Support,"Extracting numbers from PDFs"
EMP-0365,IT,"High-level strategy planning"
EMP-2220,Customer Support,"Sorting spreadsheets"
EMP-0475,Marketing,"Formatting reports"
EMP-3316,Sales,"Formatting reports"
EMP-1170,HR,"Negotiating a client contract"
EMP-2679,Sales,"Extracting numbers from PDFs"
EMP-0078,IT,"Designing a new brand logo"
EMP-1793,Sales,"Sorting spreadsheets"
EMP-3461,Sales,"Interviewing new candidates"
EMP-0432,Customer Support,"Formatting reports"
EMP-2849,IT,"Data entry from invoices"
EMP-0810,Marketing,"Sorting spreadsheets"
EMP-1204,Customer Support,"Sorting spreadsheets"
EMP-1177,Marketing,"Extracting numbers from PDFs"
EMP-2163,HR,"Data entry from invoices"
EMP-0795,Sales,"Sorting spreadsheets"
EMP-0053,Customer Support,"Negotiating a client contract"
EMP-2340,Marketing,"Data entry from invoices"
EMP-1230,Sales,"Sorting spreadsheets"
EMP-0168,Marketing,"Negotiating a client contract"
EMP-0324,Marketing,"Extracting numbers from PDFs"
EMP-0193,Marketing,"Extracting numbers from PDFs"
EMP-0629,Sales,"Copy-pasting emails into CRM"
EMP-2421,HR,"Copy-pasting emails into CRM"
EMP-1616,HR,"Data entry from invoices"
EMP-3219,HR,"Interviewing new candidates"
EMP-1326,Marketing,"Scheduling calendar invites"
EMP-1156,Customer Support,"Negotiating a client contract"
EMP-2053,Customer Support,"Formatting reports"
EMP-2315,HR,"Resolving employee conflict"
EMP-0630,IT,"Resolving employee conflict"
EMP-1083,Sales,"Negotiating a client contract"
EMP-0729,IT,"High-level strategy planning"
EMP-3791,Sales,"Copy-pasting emails into CRM"
EMP-2444,IT,"Data entry from invoices"
EMP-3208,Customer Support,"Interviewing new candidates"
EMP-0810,Sales,"Extracting numbers from PDFs"
EMP-3796,Marketing,"Interviewing new candidates"
EMP-1037,Marketing,"Copy-pasting emails into CRM"
EMP-3667,Customer Support,"Extracting numbers from PDFs"
EMP-3019,HR,"Designing a new brand logo"
EMP-2292,HR,"Resolving employee conflict"
EMP-2075,IT,"Resolving employee conflict"
EMP-0036,Customer Support,"Interviewing new candidates"
EMP-0853,Sales,"Extracting numbers from PDFs"
EMP-0887,Marketing,"Sorting spreadsheets"
EMP-0731,HR,"Leading a brainstorming session"
EMP-3438,Customer Support,"Scheduling calendar invites"
EMP-0406,IT,"Negotiating a client contract"
EMP-1617,Customer Support,"Scheduling calendar invites"
EMP-2575,Marketing,"Sorting spreadsheets"
EMP-0681,IT,"Leading a brainstorming session"
EMP-2037,HR,"Copy-pasting emails into CRM"
EMP-1313,HR,"Copy-pasting emails into CRM"
EMP-2907,HR,"Negotiating a client contract"
EMP-1577,Marketing,"Scheduling calendar invites"
EMP-3631,Sales,"Extracting numbers from PDFs"
EMP-3320,Marketing,"Extracting numbers from PDFs"
EMP-3770,Customer Support,"Negotiating a client contract"
EMP-0421,Marketing,"Negotiating a client contract"
EMP-2965,Sales,"Copy-pasting emails into CRM"
EMP-3755,Marketing,"Copy-pasting emails into CRM"
EMP-0214,HR,"Data entry from invoices"
EMP-1985,Sales,"Scheduling calendar invites"
EMP-2469,IT,"Designing a new brand logo"
EMP-1323,Marketing,"Scheduling calendar invites"
EMP-0797,HR,"Copy-pasting emails into CRM"
EMP-2235,IT,"Negotiating a client contract"
EMP-1182,Customer Support,"Negotiating a client contract"
EMP-3871,Marketing,"Copy-pasting emails into CRM"
EMP-0836,Customer Support,"Extracting numbers from PDFs"
EMP-1243,Marketing,"Copy-pasting emails into CRM"
EMP-1219,HR,"High-level strategy planning"
EMP-1645,Customer Support,"Extracting numbers from PDFs"
EMP-3644,Customer Support,"Interviewing new candidates"
EMP-2907,Sales,"Extracting numbers from PDFs"
EMP-2890,Marketing,"Extracting numbers from PDFs"
EMP-1355,IT,"Designing a new brand logo"
EMP-0779,Marketing,"Interviewing new candidates"
EMP-1015,Marketing,"Copy-pasting emails into CRM"
EMP-3050,IT,"Negotiating a client contract"
EMP-3279,Marketing,"Data entry from invoices"
EMP-0472,Sales,"Copy-pasting emails into CRM"
EMP-0283,Sales,"Copy-pasting emails into CRM"
EMP-2587,IT,"Copy-pasting emails into CRM"
EMP-3850,Sales,"Copy-pasting emails into CRM"
EMP-0491,Customer Support,"Scheduling calendar invites"
EMP-2367,IT,"Copy-pasting emails into CRM"
EMP-3226,HR,"Interviewing new candidates"
EMP-2057,Customer Support,"Negotiating a client contract"
EMP-3243,HR,"High-level strategy planning"
EMP-2472,Marketing,"Extracting numbers from PDFs"
EMP-3322,Sales,"Data entry from invoices"
EMP-1119,HR,"Data entry from invoices"
EMP-0338,Sales,"Extracting numbers from PDFs"
EMP-3139,HR,"Copy-pasting emails into CRM"
EMP-0253,HR,"High-level strategy planning"
EMP-3173,Marketing,"Copy-pasting emails into CRM"
EMP-3270,Customer Support,"Negotiating a client contract"
EMP-0538,HR,"Negotiating a client contract"
EMP-2788,Customer Support,"Extracting numbers from PDFs"
EMP-2383,IT,"Negotiating a client contract"
EMP-2770,Marketing,"Scheduling calendar invites"
EMP-0581,Sales,"Scheduling calendar invites"
EMP-0786,Sales,"Extracting numbers from PDFs"
EMP-0302,Marketing,"Negotiating a client contract"
EMP-0232,IT,"Designing a new brand logo"
EMP-1907,HR,"Negotiating a client contract"
EMP-1740,Marketing,"Scheduling calendar invites"
EMP-0065,HR,"Data entry from invoices"
EMP-2356,Marketing,"Data entry from invoices"
EMP-3328,Customer Support,"Interviewing new candidates"
EMP-1262,Sales,"Copy-pasting emails into CRM"
EMP-1843,Marketing,"Scheduling calendar invites"
EMP-0605,Customer Support,"Sorting spreadsheets"
EMP-2167,Sales,"Sorting spreadsheets"
EMP-0164,IT,"Designing a new brand logo"
EMP-0394,Sales,"Copy-pasting emails into CRM"
EMP-2275,HR,"Copy-pasting emails into CRM"
EMP-3025,Customer Support,"Scheduling calendar invites"
EMP-3649,Sales,"Copy-pasting emails into CRM"
EMP-0606,Sales,"Sorting spreadsheets"
EMP-1650,HR,"Copy-pasting emails into CRM"
EMP-2125,Customer Support,"Sorting spreadsheets"
EMP-3543,Marketing,"Scheduling calendar invites"
EMP-1622,Sales,"Formatting reports"
EMP-1084,Sales,"Negotiating a client contract"
EMP-2927,Customer Support,"Negotiating a client contract"
EMP-2678,IT,"Negotiating a client contract"
EMP-2556,Sales,"Data entry from invoices"
EMP-0988,Marketing,"Extracting numbers from PDFs"
EMP-0375,HR,"Resolving employee conflict"
EMP-1408,Marketing,"Extracting numbers from PDFs"
EMP-3882,Sales,"Scheduling calendar invites"
EMP-1941,IT,"Leading a brainstorming session"
EMP-3065,HR,"Data entry from invoices"
EMP-3413,IT,"Negotiating a client contract"
EMP-1662,Sales,"Data entry from invoices"
EMP-1634,IT,"Data entry from invoices"
EMP-3261,Sales,"Formatting reports"
EMP-0725,Marketing,"Data entry from invoices"
EMP-0464,HR,"Data entry from invoices"
EMP-2946,HR,"Data entry from invoices"
EMP-1705,Customer Support,"Copy-pasting emails into CRM"
EMP-2596,IT,"High-level strategy planning"
EMP-1012,IT,"Designing a new brand logo"
EMP-0901,Marketing,"Scheduling calendar invites"
EMP-2148,HR,"Designing a new brand logo"
EMP-0219,Customer Support,"Negotiating a client contract"
EMP-1617,IT,"High-level strategy planning"
EMP-0317,Marketing,"Negotiating a client contract"
EMP-3075,Customer Support,"Copy-pasting emails into CRM"
EMP-2371,HR,"Designing a new brand logo"
EMP-1495,Customer Support,"Extracting numbers from PDFs"
EMP-3117,Customer Support,"Copy-pasting emails into CRM"
EMP-1352,Marketing,"Extracting numbers from PDFs"
EMP-0661,HR,"Data entry from invoices"
EMP-3674,IT,"Copy-pasting emails into CRM"
EMP-3373,HR,"High-level strategy planning"
EMP-0557,IT,"Copy-pasting emails into CRM"
EMP-0461,Customer Support,"Scheduling calendar invites"
EMP-0011,Sales,"Negotiating a client contract"
EMP-0918,IT,"Designing a new brand logo"
EMP-1284,Sales,"Scheduling calendar invites"
EMP-0663,Customer Support,"Sorting spreadsheets"
EMP-0199,Marketing,"Sorting spreadsheets"
EMP-1203,Marketing,"Extracting numbers from PDFs"
EMP-0515,Marketing,"Sorting spreadsheets"
EMP-0422,Marketing,"Extracting numbers from PDFs"
EMP-2761,Sales,"Data entry from invoices"
EMP-1985,Sales,"Data entry from invoices"
EMP-0482,IT,"Leading a brainstorming session"
EMP-3817,HR,"Interviewing new candidates"
EMP-1693,Marketing,"Scheduling calendar invites"
EMP-3113,IT,"Data entry from invoices"
EMP-0890,Customer Support,"Sorting spreadsheets"
EMP-3875,Marketing,"Formatting reports"
EMP-3013,Marketing,"Copy-pasting emails into CRM"
EMP-3774,Customer Support,"Sorting spreadsheets"
EMP-1549,Sales,"Extracting numbers from PDFs"
EMP-0910,HR,"Leading a brainstorming session"
EMP-0218,IT,"High-level strategy planning"
EMP-3506,Customer Support,"Data entry from invoices"
EMP-2880,Marketing,"Formatting reports"
EMP-2396,Sales,"Sorting spreadsheets"
EMP-0292,HR,"Designing a new brand logo"
EMP-2261,IT,"Negotiating a client contract"
EMP-3588,Sales,"Copy-pasting emails into CRM"
EMP-0249,Customer Support,"Scheduling calendar invites"
EMP-2243,Marketing,"Interviewing new candidates"
EMP-1325,IT,"Negotiating a client contract"
EMP-0557,IT,"Leading a brainstorming session"
EMP-1425,IT,"High-level strategy planning"
EMP-2134,Sales,"Data entry from invoices"
EMP-3336,Sales,"Formatting reports"
EMP-2038,IT,"Leading a brainstorming session"
EMP-0801,HR,"Leading a brainstorming session"
EMP-3440,Sales,"Sorting spreadsheets"
EMP-1810,Customer Support,"Copy-pasting emails into CRM"
EMP-0274,Marketing,"Sorting spreadsheets"
EMP-2919,IT,"Resolving employee conflict"
EMP-0381,IT,"Interviewing new candidates"
EMP-1499,Customer Support,"Formatting reports"
EMP-3921,Sales,"Formatting reports"
EMP-1122,Sales,"Data entry from invoices"
EMP-1293,IT,"Data entry from invoices"
EMP-3808,Sales,"Scheduling calendar invites"
EMP-1402,IT,"Negotiating a client contract"
EMP-0232,Customer Support,"Extracting numbers from PDFs"
EMP-2308,Marketing,"Data entry from invoices"
EMP-1300,Sales,"Extracting numbers from PDFs"
EMP-0762,IT,"Resolving employee conflict"
EMP-0479,Sales,"Scheduling calendar invites"
EMP-3379,IT,"Copy-pasting emails into CRM"
EMP-3433,Marketing,"Scheduling calendar invites"
EMP-1669,HR,"Copy-pasting emails into CRM"
EMP-1418,Sales,"Copy-pasting emails into CRM"
EMP-3005,IT,"Copy-pasting emails into CRM"
EMP-1631,Marketing,"Data entry from invoices"
EMP-3851,Sales,"Copy-pasting emails into CRM"
EMP-0199,Customer Support,"Sorting spreadsheets"
EMP-2694,HR,"Leading a brainstorming session"
EMP-1812,HR,"Copy-pasting emails into CRM"
EMP-3445,Sales,"Interviewing new candidates"
EMP-3247,IT,"Negotiating a client contract"
EMP-0923,Marketing,"Data entry from invoices"
EMP-2377,Sales,"Formatting reports"
EMP-2057,Customer Support,"Negotiating a client contract"
EMP-2184,Customer Support,"Negotiating a client contract"
EMP-1498,Marketing,"Sorting spreadsheets"
EMP-1507,Customer Support,"Interviewing new candidates"
EMP-3152,Sales,"Copy-pasting emails into CRM"
EMP-1339,IT,"High-level strategy planning"
EMP-0583,HR,"High-level strategy planning"
EMP-1402,Customer Support,"Extracting numbers from PDFs"
EMP-2697,Marketing,"Extracting numbers from PDFs"
EMP-2749,IT,"High-level strategy planning"
EMP-2462,Marketing,"Negotiating a client contract"
EMP-1153,Marketing,"Scheduling calendar invites"
EMP-1047,IT,"High-level strategy planning"
EMP-2889,Sales,"Sorting spreadsheets"
EMP-2182,Marketing,"Sorting spreadsheets"
EMP-1975,IT,"High-level strategy planning"
EMP-1090,Sales,"Copy-pasting emails into CRM"
EMP-0131,HR,"High-level strategy planning"
EMP-3701,HR,"Leading a brainstorming session"
EMP-1878,HR,"Leading a brainstorming session"
EMP-2015,Customer Support,"Interviewing new candidates"
EMP-3092,Sales,"Data entry from invoices"
EMP-2834,Sales,"Interviewing new candidates"
EMP-0059,Marketing,"Negotiating a client contract"
EMP-1928,Sales,"Scheduling calendar invites"
EMP-1530,Marketing,"Sorting spreadsheets"
EMP-3442,Marketing,"Data entry from invoices"
EMP-2477,Customer Support,"Sorting spreadsheets"
EMP-3133,Marketing,"Formatting reports"
EMP-3871,IT,"High-level strategy planning"
EMP-1059,Customer Support,"Interviewing new candidates"
EMP-1795,Sales,"Data entry from invoices"
EMP-2372,Marketing,"Formatting reports"
EMP-0114,IT,"High-level strategy planning"
EMP-2323,Sales,"Data entry from invoices"
EMP-1115,Customer Support,"Scheduling calendar invites"
EMP-2264,Customer Support,"Copy-pasting emails into CRM"
EMP-0098,HR,"Copy-pasting emails into CRM"
EMP-2342,Sales,"Interviewing new candidates"
EMP-3066,IT,"High-level strategy planning"
EMP-3409,IT,"Negotiating a client contract"
EMP-0478,Marketing,"Interviewing new candidates"
EMP-1466,Customer Support,"Formatting reports"
EMP-0199,HR,"Copy-pasting emails into CRM"
EMP-1124,Customer Support,"Interviewing new candidates"
EMP-1125,IT,"Data entry from invoices"
EMP-2479,Customer Support,"Formatting reports"
EMP-2469,HR,"Copy-pasting emails into CRM"
EMP-1418,HR,"Data entry from invoices"
EMP-1909,Marketing,"Scheduling calendar invites"
EMP-0224,Customer Support,"Formatting reports"
EMP-0062,HR,"Copy-pasting emails into CRM"
EMP-1419,Marketing,"Negotiating a client contract"
EMP-3052,Marketing,"Negotiating a client contract"
EMP-1760,Marketing,"Data entry from invoices"
EMP-0139,HR,"Copy-pasting emails into CRM"
EMP-1424,IT,"Leading a brainstorming session"
EMP-3892,HR,"Interviewing new candidates"
EMP-1203,IT,"Copy-pasting emails into CRM"
EMP-0321,Customer Support,"Scheduling calendar invites"
EMP-2589,Customer Support,"Formatting reports"
EMP-2238,Customer Support,"Scheduling calendar invites"
EMP-2754,IT,"Copy-pasting emails into CRM"
EMP-1881,Sales,"Scheduling calendar invites"
EMP-2100,HR,"Leading a brainstorming session"
EMP-0025,HR,"Data entry from invoices"
EMP-2366,Marketing,"Scheduling calendar invites"
EMP-2207,Marketing,"Extracting numbers from PDFs"
EMP-3207,Customer Support,"Extracting numbers from PDFs"
EMP-3451,Marketing,"Formatting reports"
EMP-0525,Marketing,"Scheduling calendar invites"
EMP-0054,Sales,"Copy-pasting emails into CRM"
EMP-1016,Sales,"Data entry from invoices"
EMP-3092,Customer Support,"Extracting numbers from PDFs"
EMP-0888,Customer Support,"Data entry from invoices"
EMP-3681,Marketing,"Formatting reports"
EMP-0635,HR,"Copy-pasting emails into CRM"
EMP-1901,Marketing,"Sorting spreadsheets"
EMP-1548,HR,"Interviewing new candidates"
EMP-1514,IT,"Data entry from invoices"
EMP-2318,IT,"Designing a new brand logo"
EMP-0677,IT,"Negotiating a client contract"
EMP-3199,IT,"Data entry from invoices"
EMP-0080,Marketing,"Formatting reports"
EMP-2389,IT,"Leading a brainstorming session"
EMP-3775,HR,"Designing a new brand logo"
EMP-2383,Customer Support,"Negotiating a client contract"
EMP-0124,Customer Support,"Sorting spreadsheets"
EMP-0789,IT,"Copy-pasting emails into CRM"
EMP-0012,IT,"Negotiating a client contract"
EMP-2836,Sales,"Copy-pasting emails into CRM"
EMP-3595,IT,"Interviewing new candidates"
EMP-0561,HR,"Data entry from invoices"
EMP-3727,Sales,"Sorting spreadsheets"
EMP-3471,IT,"Leading a brainstorming session"
EMP-2985,HR,"Designing a new brand logo"
EMP-2399,Customer Support,"Scheduling calendar invites"
EMP-3272,HR,"High-level strategy planning"
EMP-0442,HR,"Data entry from invoices"
EMP-3977,HR,"Resolving employee conflict"
EMP-2523,Marketing,"Scheduling calendar invites"
EMP-0949,HR,"High-level strategy planning"
EMP-1352,Customer Support,"Interviewing new candidates"
EMP-1911,Marketing,"Negotiating a client contract"
EMP-0809,IT,"Leading a brainstorming session"
EMP-3948,IT,"High-level strategy planning"
EMP-0972,Customer Support,"Copy-pasting emails into CRM"
EMP-3787,Sales,"Sorting spreadsheets"
EMP-1292,Customer Support,"Interviewing new candidates"
EMP-2841,Customer Support,"Sorting spreadsheets"
EMP-3406,HR,"Data entry from invoices"
EMP-3746,Marketing,"Extracting numbers from PDFs"
EMP-1774,HR,"Negotiating a client contract"
EMP-0884,IT,"Leading a brainstorming session"
EMP-2356,IT,"Copy-pasting emails into CRM"
EMP-0743,IT,"Resolving employee conflict"
EMP-1723,Sales,"Interviewing new candidates"
EMP-1012,IT,"Resolving employee conflict"
EMP-0599,Marketing,"Extracting numbers from PDFs"
EMP-0709,Sales,"Extracting numbers from PDFs"
EMP-3913,Customer Support,"Extracting numbers from PDFs"
EMP-0764,Customer Support,"Interviewing new candidates"
EMP-3782,Sales,"Copy-pasting emails into CRM"
EMP-0645,Customer Support,"Negotiating a client contract"
EMP-1035,IT,"Data entry from invoices"
EMP-3469,Sales,"Formatting reports"
EMP-1831,Customer Support,"Data entry from invoices"
EMP-1724,Customer Support,"Negotiating a client contract"
EMP-0867,Sales,"Scheduling calendar invites"
EMP-2549,HR,"Data entry from invoices"
EMP-1172,IT,"Designing a new brand logo"
EMP-2140,HR,"Data entry from invoices"
EMP-1354,HR,"Resolving employee conflict"
EMP-3934,IT,"Leading a brainstorming session"
EMP-3252,Customer Support,"Negotiating a client contract"
EMP-2665,Sales,"Interviewing new candidates"
EMP-2655,Marketing,"Scheduling calendar invites"
EMP-1320,Marketing,"Interviewing new candidates"
EMP-3395,HR,"Resolving employee conflict"
EMP-2364,HR,"Copy-pasting emails into CRM"
EMP-0857,IT,"High-level strategy planning"
EMP-0881,HR,"Copy-pasting emails into CRM"
EMP-1882,Customer Support,"Scheduling calendar invites"
EMP-2466,Customer Support,"Extracting numbers from PDFs"
EMP-2890,IT,"Designing a new brand logo"
EMP-1466,IT,"Data entry from invoices"
EMP-1299,IT,"Designing a new brand logo"
EMP-3044,Marketing,"Data entry from invoices"
EMP-2559,Sales,"Formatting reports"
EMP-1901,Customer Support,"Extracting numbers from PDFs"
EMP-3707,Customer Support,"Negotiating a client contract"
EMP-0918,IT,"Resolving employee conflict"
EMP-1114,Sales,"Extracting numbers from PDFs"
EMP-0996,Marketing,"Copy-pasting emails into CRM"
EMP-0310,HR,"Data entry from invoices"
EMP-1716,Customer Support,"Formatting reports"
EMP-2248,Sales,"Copy-pasting emails into CRM"
EMP-3367,Marketing,"Formatting reports"
EMP-3516,HR,"Data entry from invoices"
EMP-2529,IT,"Interviewing new candidates"
EMP-2910,Sales,"Scheduling calendar invites"
EMP-3157,HR,"Resolving employee conflict"
EMP-2532,Marketing,"Scheduling calendar invites"
EMP-2449,Customer Support,"Negotiating a client contract"
EMP-0291,Customer Support,"Copy-pasting emails into CRM"
EMP-0191,Customer Support,"Negotiating a client contract"
EMP-1507,Sales,"Copy-pasting emails into CRM"
EMP-0696,HR,"Data entry from invoices"
EMP-2055,Customer Support,"Copy-pasting emails into CRM"
EMP-2189,Marketing,"Data entry from invoices"
EMP-3079,HR,"Interviewing new candidates"
EMP-2368,Sales,"Scheduling calendar invites"
EMP-2433,Marketing,"Negotiating a client contract"
EMP-1454,HR,"Negotiating a client contract"
EMP-1008,Marketing,"Copy-pasting emails into CRM"
EMP-0608,HR,"Resolving employee conflict"
EMP-0514,Marketing,"Negotiating a client contract"
EMP-3612,Marketing,"Data entry from invoices"
EMP-0543,Customer Support,"Formatting reports"
EMP-2770,Marketing,"Scheduling calendar invites"
EMP-3513,Sales,"Extracting numbers from PDFs"
EMP-1507,HR,"High-level strategy planning"
EMP-2354,Marketing,"Extracting numbers from PDFs"
EMP-1808,Sales,"Negotiating a client contract"
EMP-2003,HR,"Leading a brainstorming session"
EMP-0763,Customer Support,"Copy-pasting emails into CRM"
EMP-2579,HR,"Copy-pasting emails into CRM"
EMP-2846,Customer Support,"Copy-pasting emails into CRM"
EMP-3905,Sales,"Negotiating a client contract"
EMP-2419,Marketing,"Scheduling calendar invites"
EMP-2085,Marketing,"Data entry from invoices"
EMP-2444,Customer Support,"Copy-pasting emails into CRM"
EMP-2031,HR,"High-level strategy planning"
EMP-0429,IT,"Data entry from invoices"
EMP-0618,Sales,"Extracting numbers from PDFs"
EMP-0674,Customer Support,"Data entry from invoices"
EMP-0253,HR,"Negotiating a client contract"
EMP-1835,IT,"Resolving employee conflict"
EMP-3067,Sales,"Data entry from invoices"
EMP-1613,Marketing,"Extracting numbers from PDFs"
EMP-2415,IT,"Copy-pasting emails into CRM"
EMP-3846,Sales,"Copy-pasting emails into CRM"
EMP-0490,Sales,"Extracting numbers from PDFs"
EMP-2747,Sales,"Interviewing new candidates"
EMP-0298,Marketing,"Scheduling calendar invites"
EMP-0397,Sales,"Extracting numbers from PDFs"
EMP-3013,HR,"Designing a new brand logo"
EMP-2361,Marketing,"Interviewing new candidates"
EMP-3148,Marketing,"Copy-pasting emails into CRM"
EMP-1952,HR,"Copy-pasting emails into CRM"
EMP-2030,HR,"Copy-pasting emails into CRM"
EMP-1441,Sales,"Sorting spreadsheets"
EMP-2119,Marketing,"Formatting reports"
EMP-2807,HR,"High-level strategy planning"
EMP-0516,Marketing,"Negotiating a client contract"
EMP-0458,Customer Support,"Scheduling calendar invites"
EMP-1979,HR,"High-level strategy planning"
EMP-3528,IT,"High-level strategy planning"
EMP-2724,Sales,"Scheduling calendar invites"
EMP-1277,HR,"Leading a brainstorming session"
EMP-3098,Sales,"Sorting spreadsheets"
EMP-0207,HR,"Negotiating a client contract"
EMP-3274,Sales,"Copy-pasting emails into CRM"
EMP-2279,Customer Support,"Data entry from invoices"
EMP-1209,HR,"Resolving employee conflict"
EMP-1257,HR,"Data entry from invoices"
EMP-3904,Sales,"Extracting numbers from PDFs"
EMP-0289,HR,"Designing a new brand logo"
EMP-3596,IT,"Leading a brainstorming session"
EMP-2858,HR,"Negotiating a client contract"
EMP-3501,Sales,"Scheduling calendar invites"
EMP-1018,Customer Support,"Scheduling calendar invites"
EMP-0452,Sales,"Formatting reports"
EMP-3550,Sales,"Extracting numbers from PDFs"
EMP-3149,Marketing,"Data entry from invoices"
EMP-2667,HR,"Copy-pasting emails into CRM"
EMP-1914,Customer Support,"Extracting numbers from PDFs"
EMP-2425,HR,"Data entry from invoices"
EMP-3967,Marketing,"Sorting spreadsheets"
EMP-1169,Sales,"Formatting reports"
EMP-1117,HR,"Interviewing new candidates"
EMP-1048,Marketing,"Scheduling calendar invites"
EMP-2163,HR,"Designing a new brand logo"
EMP-0319,IT,"Copy-pasting emails into CRM"
EMP-0378,Sales,"Data entry from invoices"
EMP-0031,Customer Support,"Sorting spreadsheets"
EMP-1925,HR,"Copy-pasting emails into CRM"
EMP-0465,HR,"Designing a new brand logo"
EMP-1475,IT,"Leading a brainstorming session"
EMP-1841,Sales,"Sorting spreadsheets"
EMP-3733,Sales,"Extracting numbers from PDFs"
EMP-1192,IT,"Leading a brainstorming session"
EMP-0534,Sales,"Copy-pasting emails into CRM"
EMP-3508,HR,"Interviewing new candidates"
EMP-0473,Sales,"Sorting spreadsheets"
EMP-1035,HR,"Interviewing new candidates"
EMP-2521,Marketing,"Negotiating a client contract"
EMP-3619,Sales,"Extracting numbers from PDFs"
EMP-2543,Marketing,"Extracting numbers from PDFs"
EMP-2255,IT,"Leading a brainstorming session"
EMP-0300,HR,"Interviewing new candidates"
EMP-2457,Customer Support,"Extracting numbers from PDFs"
EMP-3217,Sales,"Interviewing new candidates"
EMP-2985,IT,"Resolving employee conflict"
EMP-1004,IT,"Data entry from invoices"
EMP-0533,HR,"Copy-pasting emails into CRM"
EMP-2672,Customer Support,"Scheduling calendar invites"
EMP-1966,Customer Support,"Sorting spreadsheets"
EMP-0236,Sales,"Data entry from invoices"
EMP-0720,Sales,"Data entry from invoices"
EMP-0969,HR,"Copy-pasting emails into CRM"
EMP-1837,Marketing,"Data entry from invoices"
EMP-1980,IT,"Interviewing new candidates"
EMP-0899,Customer Support,"Copy-pasting emails into CRM"
EMP-3535,HR,"Negotiating a client contract"
EMP-2459,IT,"Designing a new brand logo"
EMP-2089,Sales,"Negotiating a client contract"
EMP-3365,IT,"High-level strategy planning"
EMP-2163,Marketing,"Copy-pasting emails into CRM"
EMP-2334,Sales,"Data entry from invoices"
EMP-3791,IT,"Negotiating a client contract"
EMP-1324,HR,"Data entry from invoices"
EMP-0184,IT,"Copy-pasting emails into CRM"
EMP-1239,Customer Support,"Extracting numbers from PDFs"
EMP-1161,Sales,"Sorting spreadsheets"
EMP-3420,IT,"Resolving employee conflict"
EMP-2999,Marketing,"Data entry from invoices"
EMP-2117,Customer Support,"Interviewing new candidates"
EMP-0617,Customer Support,"Scheduling calendar invites"
EMP-0045,IT,"Resolving employee conflict"
EMP-0051,Marketing,"Interviewing new candidates"
EMP-1227,Marketing,"Scheduling calendar invites"
EMP-2719,Customer Support,"Interviewing new candidates"
EMP-3418,IT,"Designing a new brand logo"
EMP-1431,HR,"Designing a new brand logo"
EMP-1969,Marketing,"Formatting reports"
EMP-1299,Sales,"Scheduling calendar invites"
EMP-0936,Customer Support,"Copy-pasting emails into CRM"
EMP-1103,Marketing,"Scheduling calendar invites"
EMP-0277,Marketing,"Interviewing new candidates"
EMP-3825,Sales,"Copy-pasting emails into CRM"
EMP-0152,IT,"Resolving employee conflict"
EMP-0385,IT,"Interviewing new candidates"
EMP-2892,Customer Support,"Negotiating a client contract"
EMP-0162,Marketing,"Scheduling calendar invites"
EMP-0250,Customer Support,"Interviewing new candidates"
EMP-3429,IT,"Copy-pasting emails into CRM"
EMP-0392,HR,"Interviewing new candidates"
EMP-2512,IT,"Leading a brainstorming session"
EMP-3859,Sales,"Copy-pasting emails into CRM"
EMP-3647,Sales,"Scheduling calendar invites"
EMP-0186,Sales,"Data entry from invoices"
EMP-1042,HR,"Leading a brainstorming session"
EMP-1352,Customer Support,"Negotiating a client contract"
EMP-3689,Sales,"Extracting numbers from PDFs"
EMP-3851,Sales,"Sorting spreadsheets"
EMP-3670,IT,"Interviewing new candidates"
EMP-0331,HR,"Leading a brainstorming session"
EMP-1394,Customer Support,"Extracting numbers from PDFs"
EMP-1404,Marketing,"Sorting spreadsheets"
EMP-2675,IT,"Copy-pasting emails into CRM"
EMP-3204,IT,"Negotiating a client contract"
EMP-1856,Customer Support,"Negotiating a client contract"
EMP-2585,HR,"Copy-pasting emails into CRM"
EMP-2988,IT,"Negotiating a client contract"
EMP-0586,HR,"Interviewing new candidates"
EMP-2632,Marketing,"Data entry from invoices"
EMP-0950,Marketing,"Extracting numbers from PDFs"
EMP-0968,IT,"High-level strategy planning"
EMP-1982,Sales,"Interviewing new candidates"
EMP-2141,HR,"Resolving employee conflict"
EMP-0655,HR,"Negotiating a client contract"
EMP-0768,HR,"Interviewing new candidates"
EMP-1483,HR,"High-level strategy planning"
EMP-2763,Customer Support,"Extracting numbers from PDFs"
EMP-1317,Customer Support,"Sorting spreadsheets"
EMP-0451,HR,"Negotiating a client contract"
EMP-2034,IT,"Leading a brainstorming session"
EMP-1944,Marketing,"Interviewing new candidates"
EMP-1059,Customer Support,"Interviewing new candidates"
EMP-0513,Marketing,"Interviewing new candidates"
EMP-3582,Marketing,"Copy-pasting emails into CRM"
EMP-3065,Sales,"Negotiating a client contract"
EMP-0454,IT,"Leading a brainstorming session"
EMP-0255,HR,"Negotiating a client contract"
EMP-2371,IT,"Leading a brainstorming session"
EMP-1563,Sales,"Extracting numbers from PDFs"
EMP-0907,IT,"Copy-pasting emails into CRM"
EMP-0874,Customer Support,"Negotiating a client contract"
EMP-1713,IT,"High-level strategy planning"
EMP-2515,Customer Support,"Interviewing new candidates"
EMP-3096,Customer Support,"Extracting numbers from PDFs"
EMP-3503,IT,"Designing a new brand logo"
EMP-3282,Marketing,"Sorting spreadsheets"
EMP-0097,IT,"Data entry from invoices"
EMP-2897,IT,"Leading a brainstorming session"
EMP-1717,Sales,"Data entry from invoices"
EMP-2014,HR,"Leading a brainstorming session"
EMP-3646,IT,"Leading a brainstorming session"
EMP-3367,Customer Support,"Data entry from invoices"
EMP-2582,Marketing,"Scheduling calendar invites"
EMP-0647,Customer Support,"Formatting reports"
EMP-1641,Marketing,"Negotiating a client contract"
EMP-3860,Customer Support,"Interviewing new candidates"
EMP-3663,Sales,"Data entry from invoices"
EMP-0816,Sales,"Formatting reports"
EMP-2282,HR,"Leading a brainstorming session"
EMP-1971,HR,"Resolving employee conflict"
EMP-1710,Marketing,"Formatting reports"
EMP-3449,IT,"Leading a brainstorming session"
EMP-2912,Marketing,"Formatting reports"
EMP-0562,IT,"Designing a new brand logo"
EMP-2376,Marketing,"Extracting numbers from PDFs"
EMP-3638,Sales,"Extracting numbers from PDFs"
EMP-1144,HR,"Interviewing new candidates"
EMP-2153,Sales,"Sorting spreadsheets"
EMP-0822,Customer Support,"Data entry from invoices"
EMP-0241,HR,"Interviewing new candidates"
EMP-3370,Customer Support,"Sorting spreadsheets"
EMP-2082,Marketing,"Data entry from invoices"
EMP-1722,HR,"Data entry from invoices"
EMP-3569,Customer Support,"Formatting reports"
EMP-3458,HR,"Interviewing new candidates"
EMP-0192,IT,"Copy-pasting emails into CRM"
EMP-3915,Sales,"Sorting spreadsheets"
EMP-3615,IT,"Leading a brainstorming session"
EMP-1994,Sales,"Data entry from invoices"
EMP-2930,IT,"Data entry from invoices"
EMP-0501,Marketing,"Extracting numbers from PDFs"
EMP-3497,IT,"Resolving employee conflict"
EMP-2490,Customer Support,"Scheduling calendar invites"
EMP-1142,IT,"Data entry from invoices"
EMP-3828,Sales,"Formatting reports"
EMP-0169,HR,"High-level strategy planning"
EMP-0379,Sales,"Data entry from invoices"
EMP-1142,Customer Support,"Scheduling calendar invites"
EMP-3783,Marketing,"Sorting spreadsheets"
EMP-0062,HR,"Copy-pasting emails into CRM"
EMP-1369,HR,"Data entry from invoices"
EMP-2921,Marketing,"Formatting reports"
EMP-1826,Customer Support,"Scheduling calendar invites"
EMP-0158,IT,"Leading a brainstorming session"
EMP-1301,IT,"High-level strategy planning"
EMP-1531,HR,"High-level strategy planning"
EMP-1826,HR,"High-level strategy planning"
EMP-1162,Marketing,"Copy-pasting emails into CRM"
EMP-0069,Sales,"Copy-pasting emails into CRM"
EMP-2599,HR,"High-level strategy planning"
EMP-2921,IT,"Interviewing new candidates"
EMP-3050,Sales,"Formatting reports"
EMP-1841,IT,"Data entry from invoices"
EMP-1623,IT,"Data entry from invoices"
EMP-1641,HR,"Copy-pasting emails into CRM"
EMP-0166,Sales,"Interviewing new candidates"
EMP-0292,Sales,"Sorting spreadsheets"
EMP-1425,IT,"Leading a brainstorming session"
EMP-0146,Customer Support,"Interviewing new candidates"
EMP-2830,Marketing,"Sorting spreadsheets"
EMP-2435,HR,"Data entry from invoices"
EMP-1884,HR,"Resolving employee conflict"
EMP-2229,Sales,"Formatting reports"
EMP-0548,Marketing,"Scheduling calendar invites"
EMP-3823,Marketing,"Copy-pasting emails into CRM"
EMP-2636,HR,"Interviewing new candidates"
EMP-0152,Marketing,"Sorting spreadsheets"
EMP-1628,IT,"Designing a new brand logo"
EMP-0877,Sales,"Scheduling calendar invites"
EMP-1323,Sales,"Scheduling calendar invites"
EMP-3199,IT,"Leading a brainstorming session"
EMP-2610,Customer Support,"Interviewing new candidates"
EMP-1190,Customer Support,"Formatting reports"
EMP-0780,IT,"Resolving employee conflict"
EMP-2596,HR,"High-level strategy planning"
EMP-0496,HR,"Designing a new brand logo"
EMP-0440,IT,"Data entry from invoices"
EMP-2753,Sales,"Scheduling calendar invites"
EMP-2734,Marketing,"Sorting spreadsheets"
EMP-1752,HR,"Interviewing new candidates"
EMP-2262,Sales,"Data entry from invoices"
EMP-0277,Customer Support,"Formatting reports"
EMP-1516,Marketing,"Scheduling calendar invites"
EMP-3056,Customer Support,"Sorting spreadsheets"
EMP-2989,Customer Support,"Scheduling calendar invites"
EMP-0815,Marketing,"Copy-pasting emails into CRM"
EMP-0621,Marketing,"Extracting numbers from PDFs"
EMP-3068,Customer Support,"Extracting numbers from PDFs"
EMP-1360,Sales,"Extracting numbers from PDFs"
EMP-3552,IT,"Copy-pasting emails into CRM"
EMP-2876,Marketing,"Extracting numbers from PDFs"
EMP-3484,HR,"Copy-pasting emails into CRM"
EMP-0822,HR,"Data entry from invoices"
EMP-0133,Marketing,"Formatting reports"
EMP-2548,Sales,"Scheduling calendar invites"
EMP-1638,Marketing,"Data entry from invoices"
EMP-2461,Marketing,"Sorting spreadsheets"
EMP-2268,IT,"Data entry from invoices"
EMP-3980,Marketing,"Data entry from invoices"
EMP-3509,IT,"Copy-pasting emails into CRM"
EMP-0201,HR,"High-level strategy planning"
EMP-3636,Marketing,"Copy-pasting emails into CRM"
EMP-1308,Sales,"Extracting numbers from PDFs"
EMP-1483,IT,"Designing a new brand logo"
EMP-2030,HR,"Data entry from invoices"
EMP-1743,IT,"Resolving employee conflict"
EMP-0170,HR,"Data entry from invoices"
EMP-0375,IT,"Negotiating a client contract"
EMP-1237,Marketing,"Formatting reports"
EMP-3671,Sales,"Copy-pasting emails into CRM"
EMP-1613,Marketing,"Data entry from invoices"
EMP-0652,Marketing,"Sorting spreadsheets"
EMP-0210,IT,"Data entry from invoices"
EMP-0309,Sales,"Formatting reports"
EMP-2172,IT,"Leading a brainstorming session"
EMP-3110,HR,"Leading a brainstorming session"
EMP-2342,Marketing,"Negotiating a client contract"
EMP-2468,Sales,"Sorting spreadsheets"
EMP-2771,HR,"Copy-pasting emails into CRM"
EMP-1406,Sales,"Negotiating a client contract"
EMP-1028,Marketing,"Sorting spreadsheets"
EMP-1885,HR,"Data entry from invoices"
EMP-1269,Customer Support,"Scheduling calendar invites"
EMP-1397,Customer Support,"Negotiating a client contract"
EMP-1760,Marketing,"Data entry from invoices"
EMP-3987,HR,"Leading a brainstorming session"
EMP-1629,IT,"Copy-pasting emails into CRM"
EMP-2349,HR,"Copy-pasting emails into CRM"
EMP-0252,IT,"Leading a brainstorming session"
EMP-0846,HR,"High-level strategy planning"
EMP-0466,IT,"Resolving employee conflict"
EMP-3968,HR,"Data entry from invoices"
EMP-3152,Marketing,"Scheduling calendar invites"
EMP-2839,Sales,"Interviewing new candidates"
EMP-2571,Marketing,"Interviewing new candidates"
EMP-2137,Customer Support,"Copy-pasting emails into CRM"
EMP-0978,IT,"Data entry from invoices"
EMP-3549,HR,"Data entry from invoices"
EMP-3565,Customer Support,"Copy-pasting emails into CRM"
EMP-1857,IT,"Designing a new brand logo"
EMP-3323,Customer Support,"Sorting spreadsheets"
EMP-0798,HR,"Leading a brainstorming session"
EMP-1126,HR,"Data entry from invoices"
EMP-3449,HR,"Negotiating a client contract"
EMP-1689,IT,"Leading a brainstorming session"
EMP-0049,Sales,"Formatting reports"
EMP-2519,Marketing,"Negotiating a client contract"
EMP-2840,Sales,"Sorting spreadsheets"
EMP-1059,Marketing,"Formatting reports"
EMP-0507,Marketing,"Data entry from invoices"
EMP-0287,Sales,"Formatting reports"
EMP-0699,Marketing,"Formatting reports"
EMP-2407,HR,"Negotiating a client contract"
EMP-2661,Sales,"Extracting numbers from PDFs"
EMP-2496,Sales,"Extracting numbers from PDFs"
EMP-3826,HR,"Data entry from invoices"
EMP-1970,Marketing,"Copy-pasting emails into CRM"
EMP-3021,Customer Support,"Sorting spreadsheets"
EMP-0243,Customer Support,"Interviewing new candidates"
EMP-2711,IT,"Resolving employee conflict"
EMP-3973,IT,"Copy-pasting emails into CRM"
EMP-1257,Sales,"Data entry from invoices"
EMP-1708,Customer Support,"Data entry from invoices"
EMP-0036,Customer Support,"Negotiating a client contract"
EMP-3877,HR,"High-level strategy planning"
EMP-0379,IT,"High-level strategy planning"
EMP-0652,IT,"Negotiating a client contract"
EMP-2078,Marketing,"Scheduling calendar invites"
EMP-2532,IT,"Interviewing new candidates"
EMP-1497,Sales,"Scheduling calendar invites"
EMP-1171,Sales,"Data entry from invoices"
EMP-3239,Sales,"Extracting numbers from PDFs"
EMP-2646,Sales,"Scheduling calendar invites"
EMP-2661,Customer Support,"Data entry from invoices"
EMP-1870,Marketing,"Interviewing new candidates"
EMP-1292,Marketing,"Data entry from invoices"
EMP-0890,HR,"Copy-pasting emails into CRM"
EMP-2576,Customer Support,"Formatting reports"
EMP-1721,IT,"Interviewing new candidates"
EMP-3336,Customer Support,"Extracting numbers from PDFs"
EMP-2786,IT,"Copy-pasting emails into CRM"
EMP-2350,Customer Support,"Interviewing new candidates"
EMP-3979,HR,"Designing a new brand logo"
EMP-1693,IT,"Resolving employee conflict"
EMP-0483,Customer Support,"Extracting numbers from PDFs"
EMP-2804,Sales,"Negotiating a client contract"
EMP-3408,IT,"Copy-pasting emails into CRM"
EMP-0037,HR,"Negotiating a client contract"
EMP-1194,Sales,"Data entry from invoices"
EMP-1397,HR,"Resolving employee conflict"
EMP-3509,HR,"Resolving employee conflict"
EMP-2396,Sales,"Copy-pasting emails into CRM"
EMP-2014,Customer Support,"Scheduling calendar invites"
EMP-2553,Customer Support,"Extracting numbers from PDFs"
EMP-2065,Customer Support,"Formatting reports"
EMP-2670,Customer Support,"Sorting spreadsheets"
EMP-1875,IT,"Negotiating a client contract"
EMP-1636,Marketing,"Sorting spreadsheets"
EMP-1441,Customer Support,"Data entry from invoices"
EMP-1124,Sales,"Formatting reports"
EMP-3280,HR,"Leading a brainstorming session"
EMP-3891,IT,"High-level strategy planning"
EMP-3308,Customer Support,"Formatting reports"
EMP-2067,Customer Support,"Extracting numbers from PDFs"
EMP-1286,HR,"Resolving employee conflict"
EMP-1451,Sales,"Sorting spreadsheets"
EMP-0165,Sales,"Negotiating a client contract"
EMP-1810,Sales,"Sorting spreadsheets"
EMP-3003,HR,"Resolving employee conflict"
EMP-2591,HR,"Copy-pasting emails into CRM"
EMP-0564,HR,"Negotiating a client contract"
EMP-2360,Marketing,"Copy-pasting emails into CRM"
EMP-3082,HR,"Data entry from invoices"
EMP-2359,Marketing,"Negotiating a client contract"
EMP-0313,IT,"Copy-pasting emails into CRM"
EMP-3165,Sales,"Data entry from invoices"
EMP-0385,Sales,"Formatting reports"
EMP-1178,Marketing,"Extracting numbers from PDFs"
EMP-3424,IT,"Leading a brainstorming session"
EMP-0919,Marketing,"Sorting spreadsheets"
EMP-3175,HR,"High-level strategy planning"
EMP-3976,Customer Support,"Scheduling calendar invites"
EMP-2159,Marketing,"Copy-pasting emails into CRM"
EMP-1318,Marketing,"Sorting spreadsheets"
EMP-0833,Marketing,"Interviewing new candidates"
EMP-3194,Marketing,"Formatting reports"
EMP-0376,HR,"Negotiating a client contract"
EMP-3640,Sales,"Data entry from invoices"
EMP-1262,IT,"Interviewing new candidates"
EMP-3155,Customer Support,"Copy-pasting emails into CRM"
EMP-3877,Customer Support,"Sorting spreadsheets"
EMP-1205,Sales,"Negotiating a client contract"
EMP-3966,IT,"Data entry from invoices"
EMP-2827,HR,"Designing a new brand logo"
EMP-0653,Customer Support,"Scheduling calendar invites"
EMP-1249,Customer Support,"Copy-pasting emails into CRM"
EMP-3765,IT,"Designing a new brand logo"
EMP-0701,Sales,"Negotiating a client contract"
EMP-3130,Customer Support,"Copy-pasting emails into CRM"
EMP-3086,Customer Support,"Negotiating a client contract"
EMP-0132,HR,"Negotiating a client contract"
EMP-1461,Marketing,"Interviewing new candidates"
EMP-2763,Marketing,"Sorting spreadsheets"
EMP-0119,Customer Support,"Sorting spreadsheets"
EMP-0106,IT,"Copy-pasting emails into CRM"
EMP-1313,Customer Support,"Data entry from invoices"
EMP-3369,Sales,"Scheduling calendar invites"
EMP-1972,IT,"Data entry from invoices"
EMP-0327,HR,"Resolving employee conflict"
EMP-1400,Customer Support,"Copy-pasting emails into CRM"
EMP-2686,Marketing,"Sorting spreadsheets"
EMP-1348,IT,"Designing a new brand logo"
EMP-3173,IT,"Resolving employee conflict"
EMP-3341,Marketing,"Formatting reports"
EMP-1658,Sales,"Negotiating a client contract"
EMP-1890,HR,"Interviewing new candidates"
EMP-3207,Marketing,"Scheduling calendar invites"
EMP-2354,Customer Support,"Copy-pasting emails into CRM"
EMP-3525,Marketing,"Copy-pasting emails into CRM"
EMP-2348,Customer Support,"Formatting reports"
EMP-1984,HR,"Resolving employee conflict"
EMP-3966,Marketing,"Sorting spreadsheets"
EMP-1671,Marketing,"Data entry from invoices"
EMP-0029,HR,"Copy-pasting emails into CRM"
EMP-1613,HR,"Resolving employee conflict"
EMP-3399,Sales,"Interviewing new candidates"
EMP-1693,Sales,"Interviewing new candidates"
EMP-0806,Customer Support,"Sorting spreadsheets"
EMP-0543,Customer Support,"Extracting numbers from PDFs"
EMP-2105,HR,"Leading a brainstorming session"
EMP-3473,Customer Support,"Negotiating a client contract"
EMP-2006,Marketing,"Formatting reports"
EMP-2772,Sales,"Data entry from invoices"
EMP-3951,Sales,"Scheduling calendar invites"
EMP-0979,Customer Support,"Scheduling calendar invites"
EMP-0424,Sales,"Scheduling calendar invites"
EMP-1382,Sales,"Data entry from invoices"
EMP-0164,HR,"Leading a brainstorming session"
EMP-2095,Sales,"Negotiating a client contract"
EMP-2388,Sales,"Scheduling calendar invites"
EMP-3464,Customer Support,"Interviewing new candidates"
EMP-0382,IT,"Resolving employee conflict"
EMP-0636,HR,"Negotiating a client contract"
EMP-3361,Marketing,"Extracting numbers from PDFs"
EMP-0776,Sales,"Sorting spreadsheets"
EMP-2018,Marketing,"Copy-pasting emails into CRM"
EMP-3505,Customer Support,"Scheduling calendar invites"
EMP-2180,Sales,"Copy-pasting emails into CRM"
EMP-0493,HR,"Copy-pasting emails into CRM"
EMP-2946,HR,"Negotiating a client contract"
EMP-3314,Sales,"Negotiating a client contract"
EMP-3812,Marketing,"Data entry from invoices"
EMP-1202,Customer Support,"Formatting reports"
EMP-2132,IT,"Interviewing new candidates"
EMP-3337,HR,"Designing a new brand logo"
EMP-2968,Marketing,"Extracting numbers from PDFs"
EMP-0633,Customer Support,"Interviewing new candidates"
EMP-1800,Marketing,"Sorting spreadsheets"
EMP-0587,Sales,"Copy-pasting emails into CRM"
EMP-1865,Customer Support,"Scheduling calendar invites"
EMP-3891,Marketing,"Interviewing new candidates"
EMP-2524,IT,"Resolving employee conflict"
EMP-2698,IT,"High-level strategy planning"
EMP-2007,HR,"Interviewing new candidates"
EMP-0115,Sales,"Extracting numbers from PDFs"
EMP-1247,Sales,"Data entry from invoices"
EMP-2578,Marketing,"Data entry from invoices"
EMP-1826,Sales,"Extracting numbers from PDFs"
EMP-2900,Customer Support,"Formatting reports"
EMP-3839,Marketing,"Copy-pasting emails into CRM"
EMP-0858,IT,"Interviewing new candidates"
EMP-0021,HR,"Designing a new brand logo"
EMP-0668,Sales,"Interviewing new candidates"
EMP-1748,Marketing,"Scheduling calendar invites"
EMP-2106,Customer Support,"Interviewing new candidates"
EMP-1227,Marketing,"Copy-pasting emails into CRM"
EMP-1207,Sales,"Scheduling calendar invites"
EMP-0566,Customer Support,"Data entry from invoices"
EMP-1757,Customer Support,"Extracting numbers from PDFs"
EMP-3550,Sales,"Interviewing new candidates"
EMP-0806,IT,"Leading a brainstorming session"
EMP-3673,IT,"Copy-pasting emails into CRM"
EMP-0793,Sales,"Sorting spreadsheets"
EMP-2037,Sales,"Data entry from invoices"
EMP-0473,IT,"Negotiating a client contract"
EMP-1683,HR,"Data entry from invoices"
EMP-3231,Customer Support,"Interviewing new candidates"
EMP-3115,HR,"Leading a brainstorming session"
EMP-3854,IT,"Designing a new brand logo"
EMP-2824,Sales,"Data entry from invoices"
EMP-1944,IT,"Designing a new brand logo"
EMP-3927,Marketing,"Data entry from invoices"
EMP-3501,HR,"Negotiating a client contract"
EMP-3449,Customer Support,"Data entry from invoices"
EMP-1284,HR,"Designing a new brand logo"
EMP-0999,Marketing,"Negotiating a client contract"
EMP-1223,Customer Support,"Copy-pasting emails into CRM"
EMP-2151,HR,"Leading a brainstorming session"
EMP-3805,IT,"Resolving employee conflict"
EMP-1090,Marketing,"Interviewing new candidates"
EMP-3057,Customer Support,"Sorting spreadsheets"
EMP-1638,IT,"Resolving employee conflict"
EMP-0337,HR,"Resolving employee conflict"
EMP-3815,IT,"Interviewing new candidates"
EMP-0719,IT,"Data entry from invoices"
EMP-3648,Sales,"Interviewing new candidates"
EMP-1362,Customer Support,"Extracting numbers from PDFs"
EMP-3260,HR,"Negotiating a client contract"
EMP-1208,HR,"Copy-pasting emails into CRM"
EMP-2121,Marketing,"Sorting spreadsheets"
EMP-0238,Sales,"Data entry from invoices"
EMP-1729,HR,"Designing a new brand logo"
EMP-1216,Customer Support,"Extracting numbers from PDFs"
EMP-1221,IT,"Resolving employee conflict"
EMP-2332,Marketing,"Data entry from invoices"
EMP-1634,Marketing,"Scheduling calendar invites"
EMP-0686,Marketing,"Data entry from invoices"
EMP-0085,Sales,"Copy-pasting emails into CRM"
EMP-1639,HR,"Negotiating a client contract"
EMP-2963,Sales,"Data entry from invoices"
EMP-3754,Sales,"Formatting reports"
EMP-2173,IT,"Negotiating a client contract"
EMP-0346,Customer Support,"Sorting spreadsheets"
EMP-2345,Customer Support,"Extracting numbers from PDFs"
EMP-1005,Customer Support,"Copy-pasting emails into CRM"
EMP-0054,Sales,"Extracting numbers from PDFs"
EMP-0988,Sales,"Copy-pasting emails into CRM"
EMP-1994,Customer Support,"Copy-pasting emails into CRM"
EMP-1925,Sales,"Formatting reports"
EMP-1746,HR,"Copy-pasting emails into CRM"
EMP-1314,IT,"Leading a brainstorming session"
EMP-3727,Customer Support,"Extracting numbers from PDFs"
EMP-3140,Marketing,"Formatting reports"
EMP-1441,HR,"Negotiating a client contract"
EMP-1448,IT,"Copy-pasting emails into CRM"
EMP-2090,HR,"Interviewing new candidates"
EMP-1038,HR,"Interviewing new candidates"
EMP-1937,IT,"Interviewing new candidates"
EMP-0316,HR,"Resolving employee conflict"
EMP-2266,IT,"Negotiating a client contract"
EMP-2137,Sales,"Copy-pasting emails into CRM"
EMP-3395,Marketing,"Extracting numbers from PDFs"
EMP-0570,HR,"Leading a brainstorming session"
EMP-2671,IT,"Negotiating a client contract"
EMP-1746,Sales,"Sorting spreadsheets"
EMP-3585,Customer Support,"Sorting spreadsheets"
EMP-1254,IT,"Interviewing new candidates"
EMP-1992,Marketing,"Formatting reports"
EMP-3710,HR,"Resolving employee conflict"
EMP-1045,HR,"Designing a new brand logo"
EMP-1869,IT,"Interviewing new candidates"
EMP-1501,Marketing,"Scheduling calendar invites"
EMP-1949,Sales,"Formatting reports"
EMP-2580,Marketing,"Copy-pasting emails into CRM"
EMP-2658,Sales,"Extracting numbers from PDFs"
EMP-1667,HR,"Data entry from invoices"
EMP-2811,IT,"Designing a new brand logo"
EMP-1576,HR,"Resolving employee conflict"
EMP-0214,HR,"Copy-pasting emails into CRM"
EMP-0430,Marketing,"Copy-pasting emails into CRM"
EMP-3985,IT,"High-level strategy planning"
EMP-2647,Marketing,"Interviewing new candidates"
EMP-0554,IT,"Resolving employee conflict"
EMP-1997,Customer Support,"Copy-pasting emails into CRM"
EMP-1094,IT,"Copy-pasting emails into CRM"
EMP-0947,Customer Support,"Scheduling calendar invites"
EMP-3427,Marketing,"Formatting reports"
EMP-0609,Customer Support,"Copy-pasting emails into CRM"
EMP-2223,Sales,"Data entry from invoices"
EMP-2379,Sales,"Interviewing new candidates"
EMP-3966,Marketing,"Negotiating a client contract"
EMP-3708,Marketing,"Extracting numbers from PDFs"
EMP-2952,Customer Support,"Scheduling calendar invites"
EMP-1248,HR,"Interviewing new candidates"
EMP-2718,Customer Support,"Formatting reports"
EMP-3730,Marketing,"Negotiating a client contract"
EMP-1920,Marketing,"Copy-pasting emails into CRM"
EMP-0068,HR,"Data entry from invoices"
EMP-3613,HR,"Resolving employee conflict"
EMP-3851,HR,"Data entry from invoices"
EMP-3813,Customer Support,"Copy-pasting emails into CRM"
EMP-2850,IT,"Resolving employee conflict"
EMP-3166,HR,"High-level strategy planning"
EMP-3767,Sales,"Interviewing new candidates"
EMP-2261,Sales,"Sorting spreadsheets"
EMP-0078,HR,"Resolving employee conflict"
EMP-3061,Customer Support,"Sorting spreadsheets"
EMP-2488,Marketing,"Extracting numbers from PDFs"
EMP-2405,Marketing,"Formatting reports"
EMP-3369,Customer Support,"Negotiating a client contract"
EMP-3148,Customer Support,"Interviewing new candidates"
EMP-2234,IT,"Copy-pasting emails into CRM"
EMP-1942,Marketing,"Extracting numbers from PDFs"
EMP-1422,IT,"Resolving employee conflict"
EMP-1562,IT,"Resolving employee conflict"
EMP-0996,IT,"Data entry from invoices"
EMP-2607,Customer Support,"Sorting spreadsheets"
EMP-3616,Customer Support,"Data entry from invoices"
EMP-1060,Customer Support,"Scheduling calendar invites"
EMP-3146,Sales,"Data entry from invoices"
EMP-3316,Marketing,"Sorting spreadsheets"
EMP-1381,Sales,"Scheduling calendar invites"
EMP-2222,Sales,"Sorting spreadsheets"
EMP-1017,IT,"Designing a new brand logo"
EMP-1168,Marketing,"Interviewing new candidates"
EMP-1460,Sales,"Copy-pasting emails into CRM"
EMP-1428,HR,"Interviewing new candidates"
EMP-0167,Customer Support,"Extracting numbers from PDFs"
EMP-0527,Sales,"Scheduling calendar invites"
EMP-1822,Marketing,"Sorting spreadsheets"
EMP-3723,HR,"Negotiating a client contract"
EMP-2953,IT,"Copy-pasting emails into CRM"
EMP-0280,Customer Support,"Formatting reports"
EMP-1306,Marketing,"Scheduling calendar invites"
EMP-1403,Sales,"Scheduling calendar invites"
EMP-3857,HR,"Data entry from invoices"
EMP-2526,Marketing,"Sorting spreadsheets"
EMP-0022,IT,"Copy-pasting emails into CRM"
EMP-1838,Customer Support,"Copy-pasting emails into CRM"
EMP-2396,Marketing,"Scheduling calendar invites"
EMP-2880,Customer Support,"Extracting numbers from PDFs"
EMP-2966,HR,"Data entry from invoices"
EMP-0885,Sales,"Sorting spreadsheets"
EMP-3764,HR,"High-level strategy planning"
EMP-1947,Sales,"Formatting reports"
EMP-1313,IT,"Data entry from invoices"
EMP-0821,HR,"High-level strategy planning"
EMP-0040,Marketing,"Scheduling calendar invites"
EMP-1827,Customer Support,"Scheduling calendar invites"
EMP-0595,HR,"Interviewing new candidates"
EMP-1486,Customer Support,"Data entry from invoices"
EMP-1129,IT,"Resolving employee conflict"
EMP-0296,HR,"High-level strategy planning"
EMP-3060,IT,"Interviewing new candidates"
EMP-0340,Marketing,"Data entry from invoices"
EMP-1526,Customer Support,"Formatting reports"
EMP-0159,IT,"Data entry from invoices"
EMP-2387,Marketing,"Formatting reports"
EMP-3647,Marketing,"Copy-pasting emails into CRM"
EMP-2505,Marketing,"Copy-pasting emails into CRM"
EMP-1506,Sales,"Extracting numbers from PDFs"
EMP-0950,Marketing,"Formatting reports"
EMP-2877,HR,"Copy-pasting emails into CRM"
EMP-1561,Marketing,"Sorting spreadsheets"
EMP-1622,HR,"High-level strategy planning"
EMP-0566,IT,"Data entry from invoices"
EMP-0257,Marketing,"Scheduling calendar invites"
EMP-3801,Customer Support,"Data entry from invoices"
EMP-1158,Marketing,"Data entry from invoices"
EMP-1078,HR,"Copy-pasting emails into CRM"
EMP-2979,Marketing,"Data entry from invoices"
EMP-3845,Marketing,"Scheduling calendar invites"
EMP-2727,HR,"Data entry from invoices"
EMP-2897,Marketing,"Copy-pasting emails into CRM"
EMP-1691,IT,"Data entry from invoices"
EMP-2062,Customer Support,"Sorting spreadsheets"
EMP-1990,HR,"Designing a new brand logo"
EMP-1610,HR,"Negotiating a client contract"
EMP-1435,IT,"Resolving employee conflict"
EMP-2560,IT,"Data entry from invoices"
EMP-3976,Marketing,"Copy-pasting emails into CRM"
EMP-3383,Sales,"Data entry from invoices"
EMP-0188,Marketing,"Extracting numbers from PDFs"
EMP-0288,IT,"High-level strategy planning"
EMP-0629,IT,"Copy-pasting emails into CRM"
EMP-2530,Customer Support,"Formatting reports"
EMP-2871,IT,"Designing a new brand logo"
EMP-2665,HR,"Leading a brainstorming session"
EMP-3472,IT,"Resolving employee conflict"
EMP-1096,HR,"Designing a new brand logo"
EMP-0128,HR,"Copy-pasting emails into CRM"
EMP-1423,Customer Support,"Sorting spreadsheets"
EMP-3864,Customer Support,"Sorting spreadsheets"
EMP-1771,Customer Support,"Data entry from invoices"
EMP-1526,Marketing,"Sorting spreadsheets"
EMP-2783,Customer Support,"Negotiating a client contract"
EMP-3187,Customer Support,"Scheduling calendar invites"
EMP-3477,Sales,"Data entry from invoices"
EMP-1402,Marketing,"Extracting numbers from PDFs"
EMP-3518,Marketing,"Copy-pasting emails into CRM"
EMP-3148,Sales,"Negotiating a client contract"
EMP-0018,HR,"Negotiating a client contract"
EMP-2915,Customer Support,"Interviewing new candidates"
EMP-3293,Customer Support,"Scheduling calendar invites"
EMP-2317,Sales,"Formatting reports"
EMP-0274,Sales,"Formatting reports"
EMP-0683,Customer Support,"Sorting spreadsheets"
EMP-2283,HR,"Leading a brainstorming session"
EMP-1309,HR,"Leading a brainstorming session"
EMP-2423,Marketing,"Interviewing new candidates"
EMP-0314,Customer Support,"Negotiating a client contract"
EMP-1356,Marketing,"Copy-pasting emails into CRM"
EMP-2560,IT,"High-level strategy planning"
EMP-1023,HR,"Negotiating a client contract"
EMP-3746,IT,"Negotiating a client contract"
EMP-2694,IT,"Copy-pasting emails into CRM"
EMP-3897,HR,"High-level strategy planning"
EMP-3357,IT,"High-level strategy planning"
EMP-0216,Customer Support,"Copy-pasting emails into CRM"
EMP-3773,Sales,"Negotiating a client contract"
EMP-1765,Customer Support,"Interviewing new candidates"
EMP-0110,Marketing,"Formatting reports"
EMP-1395,HR,"Leading a brainstorming session"
EMP-2772,Sales,"Copy-pasting emails into CRM"
EMP-3632,HR,"Data entry from invoices"
EMP-3791,Customer Support,"Extracting numbers from PDFs"
EMP-0314,Marketing,"Copy-pasting emails into CRM"
EMP-3897,Sales,"Interviewing new candidates"
EMP-0630,Sales,"Copy-pasting emails into CRM"
EMP-0948,Marketing,"Sorting spreadsheets"
EMP-2823,HR,"Negotiating a client contract"
EMP-2877,IT,"Negotiating a client contract"
EMP-0852,Marketing,"Negotiating a client contract"
EMP-3809,Marketing,"Extracting numbers from PDFs"
EMP-0519,Marketing,"Formatting reports"
EMP-2324,IT,"Copy-pasting emails into CRM"
EMP-3425,IT,"Data entry from invoices"
EMP-0355,HR,"Leading a brainstorming session"
EMP-2534,Marketing,"Formatting reports"
EMP-1978,Customer Support,"Data entry from invoices"
EMP-2126,Customer Support,"Extracting numbers from PDFs"
EMP-2756,Sales,"Copy-pasting emails into CRM"
EMP-2206,IT,"Resolving employee conflict"
EMP-0548,IT,"Data entry from invoices"
EMP-3345,Customer Support,"Scheduling calendar invites"
EMP-2345,Customer Support,"Extracting numbers from PDFs"
EMP-3506,Sales,"Sorting spreadsheets"
EMP-3065,HR,"High-level strategy planning"
EMP-1542,Marketing,"Formatting reports"
EMP-0445,HR,"Resolving employee conflict"
EMP-3525,HR,"Resolving employee conflict"
EMP-2095,Marketing,"Extracting numbers from PDFs"
EMP-0324,Customer Support,"Formatting reports"
EMP-3055,Marketing,"Copy-pasting emails into CRM"
EMP-1601,Customer Support,"Negotiating a client contract"
EMP-1019,HR,"Data entry from invoices"
EMP-3521,IT,"Copy-pasting emails into CRM"
EMP-3956,Marketing,"Scheduling calendar invites"
EMP-3594,Customer Support,"Formatting reports"
EMP-3854,Sales,"Negotiating a client contract"
EMP-2534,IT,"Negotiating a client contract"
EMP-0316,IT,"Negotiating a client contract"
EMP-1085,Marketing,"Formatting reports"
EMP-3786,HR,"Negotiating a client contract"
EMP-3212,Sales,"Formatting reports"
EMP-0731,Customer Support,"Interviewing new candidates"
EMP-2108,Customer Support,"Formatting reports"
EMP-2299,IT,"Data entry from invoices"
EMP-1289,IT,"Data entry from invoices"
EMP-2839,Customer Support,"Sorting spreadsheets"
EMP-3306,HR,"Designing a new brand logo"
EMP-1452,Marketing,"Extracting numbers from PDFs"
EMP-1165,IT,"Copy-pasting emails into CRM"
EMP-3859,Customer Support,"Negotiating a client contract"
EMP-3425,Customer Support,"Copy-pasting emails into CRM"
EMP-2287,Customer Support,"Data entry from invoices"
EMP-1112,HR,"Leading a brainstorming session"
EMP-2893,Sales,"Data entry from invoices"
EMP-3239,Customer Support,"Extracting numbers from PDFs"
EMP-1266,Marketing,"Negotiating a client contract"
EMP-2482,Sales,"Data entry from invoices"
EMP-2298,Customer Support,"Sorting spreadsheets"
EMP-1799,IT,"Data entry from invoices"
EMP-0142,HR,"Resolving employee conflict"
EMP-3857,HR,"Designing a new brand logo"
EMP-1525,Marketing,"Extracting numbers from PDFs"
EMP-2133,Marketing,"Formatting reports"
EMP-0030,HR,"High-level strategy planning"
EMP-3818,Marketing,"Negotiating a client contract"
EMP-1616,Sales,"Extracting numbers from PDFs"
EMP-0118,Sales,"Extracting numbers from PDFs"
EMP-2245,Customer Support,"Interviewing new candidates"
EMP-3256,Sales,"Formatting reports"
EMP-1084,Sales,"Extracting numbers from PDFs"
EMP-2858,Sales,"Data entry from invoices"
EMP-0877,Marketing,"Sorting spreadsheets"
EMP-2071,Sales,"Negotiating a client contract"
EMP-2122,Sales,"Formatting reports"
EMP-1594,HR,"Resolving employee conflict"
EMP-3072,Marketing,"Negotiating a client contract"
EMP-3679,IT,"Data entry from invoices"
EMP-1998,IT,"Resolving employee conflict"
EMP-0398,IT,"High-level strategy planning"
EMP-1776,Sales,"Interviewing new candidates"
EMP-0050,Marketing,"Data entry from invoices"
EMP-2355,Customer Support,"Scheduling calendar invites"
EMP-2944,Sales,"Extracting numbers from PDFs"
EMP-2897,Marketing,"Negotiating a client contract"
EMP-3462,Customer Support,"Copy-pasting emails into CRM"
EMP-2394,IT,"Designing a new brand logo"
EMP-0380,HR,"Copy-pasting emails into CRM"
EMP-1198,IT,"Leading a brainstorming session"
EMP-2026,IT,"Data entry from invoices"
EMP-2902,Sales,"Formatting reports"
EMP-0661,HR,"Resolving employee conflict"
EMP-2362,Marketing,"Interviewing new candidates"
EMP-2735,HR,"Interviewing new candidates"
EMP-3111,Marketing,"Data entry from invoices"
EMP-0731,Marketing,"Scheduling calendar invites"
EMP-1919,IT,"Resolving employee conflict"
EMP-2728,Sales,"Data entry from invoices"
EMP-0081,Customer Support,"Copy-pasting emails into CRM"
EMP-2663,HR,"Interviewing new candidates"
EMP-1440,Sales,"Scheduling calendar invites"
EMP-1248,HR,"Data entry from invoices"
EMP-1520,Customer Support,"Extracting numbers from PDFs"
EMP-2514,Sales,"Interviewing new candidates"
EMP-3865,Customer Support,"Formatting reports"
EMP-2377,Sales,"Data entry from invoices"
EMP-2267,IT,"Copy-pasting emails into CRM"
EMP-2592,HR,"Negotiating a client contract"
EMP-0808,Sales,"Scheduling calendar invites"
EMP-1740,IT,"Interviewing new candidates"
EMP-1151,Customer Support,"Extracting numbers from PDFs"
EMP-1436,IT,"Interviewing new candidates"
EMP-1662,Sales,"Data entry from invoices"
EMP-3028,HR,"Designing a new brand logo"
EMP-1491,Customer Support,"Scheduling calendar invites"
EMP-2662,IT,"Leading a brainstorming session"
EMP-3725,HR,"Resolving employee conflict"
EMP-1264,IT,"Interviewing new candidates"
EMP-0316,IT,"Resolving employee conflict"
EMP-3837,IT,"Negotiating a client contract"
EMP-2865,HR,"Leading a brainstorming session"
EMP-3124,HR,"Copy-pasting emails into CRM"
EMP-2100,Marketing,"Negotiating a client contract"
EMP-3236,HR,"Data entry from invoices"
EMP-0749,Marketing,"Extracting numbers from PDFs"
EMP-1935,Customer Support,"Extracting numbers from PDFs"
EMP-0373,Sales,"Data entry from invoices"
EMP-1803,IT,"Resolving employee conflict"
EMP-0388,Customer Support,"Extracting numbers from PDFs"
EMP-1782,IT,"Designing a new brand logo"
EMP-1290,Sales,"Interviewing new candidates"
EMP-0405,IT,"Data entry from invoices"
EMP-1249,HR,"Copy-pasting emails into CRM"
EMP-3875,Customer Support,"Extracting numbers from PDFs"
EMP-1164,Sales,"Negotiating a client contract"
EMP-2514,Sales,"Interviewing new candidates"
EMP-0443,HR,"Negotiating a client contract"
EMP-0581,IT,"High-level strategy planning"
EMP-3248,IT,"High-level strategy planning"
EMP-2669,Customer Support,"Copy-pasting emails into CRM"
EMP-0209,Sales,"Data entry from invoices"
EMP-3797,IT,"Resolving employee conflict"
EMP-2377,Customer Support,"Data entry from invoices"
EMP-1839,IT,"High-level strategy planning"
EMP-1252,IT,"Interviewing new candidates"
EMP-3284,Customer Support,"Copy-pasting emails into CRM"
EMP-1961,Marketing,"Extracting numbers from PDFs"
EMP-0174,HR,"High-level strategy planning"
EMP-3407,Marketing,"Formatting reports"
EMP-2841,Customer Support,"Negotiating a client contract"
EMP-2794,Marketing,"Formatting reports"
EMP-0337,IT,"Copy-pasting emails into CRM"
EMP-0546,HR,"Copy-pasting emails into CRM"
EMP-0077,Sales,"Data entry from invoices"
EMP-3698,Customer Support,"Copy-pasting emails into CRM"
EMP-1469,HR,"Designing a new brand logo"
EMP-1027,IT,"Resolving employee conflict"
EMP-2213,HR,"Data entry from invoices"
EMP-0959,HR,"Leading a brainstorming session"
EMP-1742,HR,"Leading a brainstorming session"
EMP-2686,Customer Support,"Data entry from invoices"
EMP-3231,Sales,"Formatting reports"
EMP-3279,IT,"Resolving employee conflict"
EMP-3740,IT,"Designing a new brand logo"
EMP-3251,HR,"Interviewing new candidates"
EMP-0434,Customer Support,"Extracting numbers from PDFs"
EMP-0709,HR,"Resolving employee conflict"
EMP-1756,Customer Support,"Negotiating a client contract"
EMP-1543,HR,"Designing a new brand logo"
EMP-0576,Marketing,"Scheduling calendar invites"
EMP-1721,Marketing,"Scheduling calendar invites"
EMP-0484,HR,"High-level strategy planning"
EMP-3184,Sales,"Scheduling calendar invites"
EMP-1379,Sales,"Scheduling calendar invites"
EMP-3065,Marketing,"Interviewing new candidates"
EMP-2316,Marketing,"Copy-pasting emails into CRM"
EMP-3395,Marketing,"Copy-pasting emails into CRM"
EMP-2452,IT,"Copy-pasting emails into CRM"
EMP-2942,HR,"Interviewing new candidates"
EMP-0670,Marketing,"Data entry from invoices"
EMP-2446,Marketing,"Formatting reports"
EMP-1570,Marketing,"Formatting reports"
EMP-3425,HR,"Negotiating a client contract"
EMP-2271,HR,"Copy-pasting emails into CRM"
EMP-0875,Sales,"Scheduling calendar invites"
EMP-0681,Customer Support,"Negotiating a client contract"
EMP-1841,Sales,"Data entry from invoices"
EMP-3268,Marketing,"Extracting numbers from PDFs"
EMP-2963,HR,"Interviewing new candidates"
EMP-1755,Marketing,"Sorting spreadsheets"
EMP-1460,IT,"Data entry from invoices"
EMP-2488,Sales,"Interviewing new candidates"
EMP-0149,Marketing,"Scheduling calendar invites"
EMP-3448,IT,"Resolving employee conflict"
EMP-1053,Customer Support,"Sorting spreadsheets"
EMP-3898,Sales,"Sorting spreadsheets"
EMP-3116,Sales,"Sorting spreadsheets"
EMP-2608,IT,"Resolving employee conflict"
EMP-0617,Marketing,"Negotiating a client contract"
EMP-0713,HR,"High-level strategy planning"
EMP-2117,IT,"Leading a brainstorming session"
EMP-0220,Customer Support,"Scheduling calendar invites"
EMP-1158,HR,"Designing a new brand logo"
EMP-3492,Customer Support,"Scheduling calendar invites"
EMP-1485,HR,"Interviewing new candidates"
EMP-1932,Marketing,"Data entry from invoices"
EMP-1782,IT,"High-level strategy planning"
EMP-0152,Marketing,"Scheduling calendar invites"
EMP-1256,Marketing,"Interviewing new candidates"
EMP-0164,IT,"Copy-pasting emails into CRM"
EMP-0712,IT,"Interviewing new candidates"
EMP-3422,HR,"Negotiating a client contract"
EMP-1488,Marketing,"Formatting reports"
EMP-0716,Customer Support,"Copy-pasting emails into CRM"
EMP-0749,HR,"Interviewing new candidates"
EMP-3675,IT,"Interviewing new candidates"
EMP-3452,Marketing,"Sorting spreadsheets"
EMP-2965,Sales,"Data entry from invoices"
EMP-1607,IT,"Data entry from invoices"
EMP-3808,HR,"Resolving employee conflict"
EMP-2077,IT,"Designing a new brand logo"
EMP-1689,Sales,"Interviewing new candidates"
EMP-3298,Customer Support,"Sorting spreadsheets"
EMP-2283,Customer Support,"Scheduling calendar invites"
EMP-3575,IT,"High-level strategy planning"
EMP-2729,Sales,"Copy-pasting emails into CRM"
EMP-2829,HR,"Interviewing new candidates"
EMP-3212,IT,"Copy-pasting emails into CRM"
EMP-2576,Sales,"Interviewing new candidates"
EMP-0357,HR,"High-level strategy planning"
EMP-0422,Marketing,"Data entry from invoices"
EMP-2699,IT,"Negotiating a client contract"
EMP-0723,Customer Support,"Sorting spreadsheets"
EMP-2702,Customer Support,"Extracting numbers from PDFs"
EMP-2018,IT,"Interviewing new candidates"
EMP-2589,Sales,"Formatting reports"
EMP-3563,Sales,"Copy-pasting emails into CRM"
EMP-3212,Customer Support,"Sorting spreadsheets"
EMP-3532,Customer Support,"Formatting reports"
EMP-3577,Sales,"Scheduling calendar invites"
EMP-1530,Sales,"Data entry from invoices"
EMP-1112,Customer Support,"Sorting spreadsheets"
EMP-0346,Sales,"Formatting reports"
EMP-3848,Marketing,"Data entry from invoices"
EMP-2446,Marketing,"Scheduling calendar invites"
EMP-2533,IT,"Leading a brainstorming session"
EMP-2870,Marketing,"Extracting numbers from PDFs"
EMP-2594,HR,"Designing a new brand logo"
EMP-2145,Marketing,"Scheduling calendar invites"
EMP-3963,Sales,"Formatting reports"
EMP-2856,Sales,"Extracting numbers from PDFs"
EMP-1492,HR,"Resolving employee conflict"
EMP-0374,IT,"High-level strategy planning"
EMP-0078,Marketing,"Sorting spreadsheets"
EMP-2635,Sales,"Formatting reports"
EMP-0264,IT,"High-level strategy planning"
EMP-3769,IT,"Copy-pasting emails into CRM"
EMP-3184,Customer Support,"Formatting reports"
EMP-0951,HR,"Resolving employee conflict"
EMP-2320,Customer Support,"Scheduling calendar invites"
EMP-0501,Sales,"Data entry from invoices"
EMP-0547,IT,"Data entry from invoices"
EMP-3333,HR,"High-level strategy planning"
EMP-1794,Customer Support,"Copy-pasting emails into CRM"
EMP-2632,IT,"High-level strategy planning"
EMP-0877,IT,"Data entry from invoices"
EMP-0935,Marketing,"Scheduling calendar invites"
EMP-1706,IT,"Data entry from invoices"
EMP-2793,Sales,"Sorting spreadsheets"
EMP-0103,Customer Support,"Negotiating a client contract"
EMP-0200,HR,"Leading a brainstorming session"
EMP-3156,HR,"Resolving employee conflict"
EMP-1715,Marketing,"Formatting reports"
EMP-0725,HR,"Leading a brainstorming session"
EMP-2521,Sales,"Data entry from invoices"
EMP-0564,Marketing,"Formatting reports"
EMP-3866,Sales,"Copy-pasting emails into CRM"
EMP-0007,Customer Support,"Sorting spreadsheets"
EMP-3547,Marketing,"Sorting spreadsheets"
EMP-0322,HR,"Negotiating a client contract"
EMP-1668,Sales,"Copy-pasting emails into CRM"
EMP-3367,Sales,"Formatting reports"
EMP-3346,IT,"Negotiating a client contract"
EMP-2110,Customer Support,"Copy-pasting emails into CRM"
EMP-0335,Customer Support,"Negotiating a client contract"
EMP-0671,IT,"Leading a brainstorming session"
EMP-3110,Sales,"Sorting spreadsheets"
EMP-3082,Sales,"Copy-pasting emails into CRM"
EMP-0884,HR,"High-level strategy planning"
EMP-0872,IT,"Copy-pasting emails into CRM"
EMP-1736,Customer Support,"Formatting reports"
EMP-0365,Marketing,"Data entry from invoices"
EMP-0316,IT,"Negotiating a client contract"
EMP-0212,HR,"Leading a brainstorming session"
EMP-3290,HR,"Copy-pasting emails into CRM"
EMP-2800,Customer Support,"Interviewing new candidates"
EMP-0423,Sales,"Negotiating a client contract"
EMP-3706,HR,"High-level strategy planning"
EMP-2621,HR,"Negotiating a client contract"
EMP-1088,Customer Support,"Copy-pasting emails into CRM"
EMP-3295,Sales,"Formatting reports"
EMP-2329,Sales,"Negotiating a client contract"
EMP-1406,IT,"Designing a new brand logo"
EMP-1439,HR,"Negotiating a client contract"
EMP-2756,IT,"Data entry from invoices"
EMP-1056,Sales,"Scheduling calendar invites"
EMP-0722,IT,"Data entry from invoices"
EMP-2500,IT,"Negotiating a client contract"
EMP-3433,Customer Support,"Formatting reports"
EMP-3803,Customer Support,"Scheduling calendar invites"
EMP-2744,HR,"Data entry from invoices"
EMP-0087,Customer Support,"Formatting reports"
EMP-1778,Sales,"Copy-pasting emails into CRM"
EMP-1447,IT,"Data entry from invoices"
EMP-1878,Marketing,"Formatting reports"
EMP-1088,Customer Support,"Formatting reports"
EMP-0705,Sales,"Negotiating a client contract"
EMP-2348,Marketing,"Scheduling calendar invites"
EMP-0735,Sales,"Scheduling calendar invites"
EMP-0337,HR,"Copy-pasting emails into CRM"
EMP-3307,Marketing,"Copy-pasting emails into CRM"
EMP-0682,Sales,"Sorting spreadsheets"
EMP-2499,Marketing,"Data entry from invoices"
EMP-3040,IT,"Data entry from invoices"
EMP-3834,Marketing,"Scheduling calendar invites"
EMP-3214,Sales,"Interviewing new candidates"
EMP-3504,Sales,"Sorting spreadsheets"
EMP-1529,Marketing,"Extracting numbers from PDFs"
EMP-0349,Customer Support,"Interviewing new candidates"
EMP-2430,Marketing,"Interviewing new candidates"
EMP-1878,Customer Support,"Sorting spreadsheets"
EMP-0717,IT,"Interviewing new candidates"
EMP-1872,IT,"High-level strategy planning"
EMP-1051,HR,"Negotiating a client contract"
EMP-3243,Marketing,"Data entry from invoices"
EMP-0463,Sales,"Scheduling calendar invites"
EMP-1459,HR,"High-level strategy planning"
EMP-3208,Marketing,"Sorting spreadsheets"
EMP-3096,Sales,"Interviewing new candidates"
EMP-2524,HR,"Leading a brainstorming session"
EMP-3007,Customer Support,"Negotiating a client contract"
EMP-0053,Marketing,"Sorting spreadsheets"
EMP-3190,Marketing,"Copy-pasting emails into CRM"
EMP-2092,IT,"Data entry from invoices"
EMP-3461,Marketing,"Copy-pasting emails into CRM"
EMP-3141,Customer Support,"Scheduling calendar invites"
EMP-0477,HR,"Designing a new brand logo"
EMP-2279,IT,"Copy-pasting emails into CRM"
EMP-0661,Customer Support,"Sorting spreadsheets"
EMP-0159,Sales,"Data entry from invoices"
EMP-0689,Marketing,"Copy-pasting emails into CRM"
EMP-0210,Customer Support,"Interviewing new candidates"
EMP-1076,Marketing,"Sorting spreadsheets"
EMP-3814,IT,"Leading a brainstorming session"
EMP-1257,HR,"Resolving employee conflict"
EMP-3460,Customer Support,"Negotiating a client contract"
EMP-3654,Marketing,"Sorting spreadsheets"
EMP-1655,Marketing,"Formatting reports"
EMP-3719,Sales,"Sorting spreadsheets"
EMP-1768,HR,"Copy-pasting emails into CRM"
EMP-2405,HR,"Negotiating a client contract"
EMP-1264,Marketing,"Extracting numbers from PDFs"
EMP-2419,Marketing,"Formatting reports"
EMP-3843,Marketing,"Copy-pasting emails into CRM"
EMP-1085,Sales,"Extracting numbers from PDFs"
EMP-1632,Customer Support,"Scheduling calendar invites"
EMP-3024,Marketing,"Scheduling calendar invites"
EMP-3238,Customer Support,"Formatting reports"
EMP-3139,HR,"Interviewing new candidates"
EMP-3365,HR,"Resolving employee conflict"
EMP-2290,Sales,"Sorting spreadsheets"
EMP-2163,HR,"Copy-pasting emails into CRM"
EMP-0338,IT,"Leading a brainstorming session"
EMP-0691,IT,"Leading a brainstorming session"
EMP-0258,Marketing,"Copy-pasting emails into CRM"
EMP-0598,Marketing,"Negotiating a client contract"
EMP-1002,Marketing,"Data entry from invoices"
EMP-1006,IT,"Copy-pasting emails into CRM"
EMP-1349,Marketing,"Copy-pasting emails into CRM"
EMP-1167,Marketing,"Data entry from invoices"
EMP-0581,Customer Support,"Extracting numbers from PDFs"
EMP-2838,IT,"Interviewing new candidates"
EMP-2226,Sales,"Data entry from invoices"
EMP-1127,IT,"Negotiating a client contract"
EMP-1572,IT,"Negotiating a client contract"
EMP-3311,Sales,"Data entry from invoices"
EMP-3616,HR,"Negotiating a client contract"
EMP-1802,Customer Support,"Interviewing new candidates"
EMP-3819,Marketing,"Formatting reports"
EMP-1208,Sales,"Data entry from invoices"
EMP-1166,Marketing,"Interviewing new candidates"
EMP-2486,Sales,"Scheduling calendar invites"
EMP-2073,Customer Support,"Scheduling calendar invites"
EMP-0714,Marketing,"Formatting reports"
EMP-3259,IT,"Designing a new brand logo"
EMP-1374,Customer Support,"Extracting numbers from PDFs"
EMP-2351,IT,"Designing a new brand logo"
EMP-3458,Marketing,"Negotiating a client contract"
EMP-1008,Marketing,"Extracting numbers from PDFs"
EMP-2914,Marketing,"Scheduling calendar invites"
EMP-2032,Sales,"Copy-pasting emails into CRM"
EMP-1858,Marketing,"Interviewing new candidates"
EMP-1668,Customer Support,"Data entry from invoices"
EMP-3579,Marketing,"Sorting spreadsheets"
EMP-0921,Customer Support,"Sorting spreadsheets"
EMP-0707,HR,"Resolving employee conflict"
EMP-1130,IT,"Designing a new brand logo"
EMP-2068,Marketing,"Extracting numbers from PDFs"
EMP-3176,IT,"Negotiating a client contract"
EMP-2043,Marketing,"Negotiating a client contract"
EMP-2856,Customer Support,"Interviewing new candidates"
EMP-2775,IT,"Leading a brainstorming session"
EMP-3049,Customer Support,"Scheduling calendar invites"
EMP-3234,HR,"Leading a brainstorming session"
EMP-2709,Marketing,"Scheduling calendar invites"
EMP-0919,Customer Support,"Copy-pasting emails into CRM"
EMP-2544,HR,"Negotiating a client contract"
EMP-2010,HR,"Interviewing new candidates"
EMP-1085,HR,"Designing a new brand logo"
EMP-0605,HR,"Leading a brainstorming session"
EMP-2887,Marketing,"Negotiating a client contract"
EMP-1822,IT,"Resolving employee conflict"
EMP-2377,IT,"Interviewing new candidates"
EMP-0983,Marketing,"Scheduling calendar invites"
EMP-3063,Sales,"Formatting reports"
EMP-1325,Sales,"Copy-pasting emails into CRM"
EMP-3514,Sales,"Copy-pasting emails into CRM"
EMP-3394,Sales,"Extracting numbers from PDFs"
EMP-2692,HR,"Copy-pasting emails into CRM"
EMP-2128,HR,"Data entry from invoices"
EMP-3684,HR,"Resolving employee conflict"
EMP-1469,HR,"Negotiating a client contract"
EMP-0435,Marketing,"Sorting spreadsheets"
EMP-1693,Marketing,"Interviewing new candidates"
EMP-3125,Sales,"Scheduling calendar invites"
EMP-1240,HR,"Designing a new brand logo"
EMP-2254,Marketing,"Negotiating a client contract"
EMP-0990,IT,"High-level strategy planning"
EMP-1179,Sales,"Copy-pasting emails into CRM"
EMP-3308,Customer Support,"Interviewing new candidates"
EMP-0467,Customer Support,"Copy-pasting emails into CRM"
EMP-0845,HR,"Data entry from invoices"
EMP-0760,Marketing,"Interviewing new candidates"
EMP-0536,IT,"Leading a brainstorming session"
EMP-0438,HR,"Data entry from invoices"
EMP-3607,IT,"Resolving employee conflict"
EMP-0273,Marketing,"Extracting numbers from PDFs"
EMP-3109,Marketing,"Negotiating a client contract"
EMP-0751,Marketing,"Negotiating a client contract"
EMP-2277,Sales,"Extracting numbers from PDFs"
EMP-3385,Marketing,"Data entry from invoices"
EMP-2916,HR,"Data entry from invoices"
EMP-2681,Customer Support,"Scheduling calendar invites"
EMP-0873,Marketing,"Extracting numbers from PDFs"
EMP-1669,IT,"Interviewing new candidates"
EMP-0148,Customer Support,"Copy-pasting emails into CRM"
EMP-2553,HR,"High-level strategy planning"
EMP-2335,HR,"Data entry from invoices"
EMP-0701,Marketing,"Interviewing new candidates"
EMP-1187,IT,"Negotiating a client contract"
EMP-2018,Sales,"Copy-pasting emails into CRM"
EMP-1315,Sales,"Scheduling calendar invites"
EMP-0536,Marketing,"Extracting numbers from PDFs"
EMP-0025,HR,"Data entry from invoices"
EMP-1811,Customer Support,"Extracting numbers from PDFs"
EMP-2382,Sales,"Copy-pasting emails into CRM"
EMP-0163,Marketing,"Extracting numbers from PDFs"
EMP-2252,HR,"Interviewing new candidates"
EMP-0202,Sales,"Data entry from invoices"
EMP-0060,Marketing,"Formatting reports"
EMP-3916,HR,"Negotiating a client contract"
EMP-3933,Marketing,"Formatting reports"
EMP-0114,HR,"Leading a brainstorming session"
EMP-2924,HR,"Designing a new brand logo"
EMP-0096,Marketing,"Formatting reports"
EMP-2216,Customer Support,"Sorting spreadsheets"
EMP-1569,Customer Support,"Sorting spreadsheets"
EMP-2498,Marketing,"Interviewing new candidates"
EMP-0134,IT,"Negotiating a client contract"
EMP-2387,Sales,"Formatting reports"
EMP-3349,Customer Support,"Sorting spreadsheets"
EMP-1602,IT,"Copy-pasting emails into CRM"
EMP-2314,Sales,"Formatting reports"
EMP-0310,Customer Support,"Extracting numbers from PDFs"
EMP-0242,Customer Support,"Scheduling calendar invites"
EMP-0069,HR,"Data entry from invoices"
EMP-1371,Sales,"Data entry from invoices"
EMP-3734,HR,"Interviewing new candidates"
EMP-1169,Marketing,"Extracting numbers from PDFs"
EMP-3716,Sales,"Negotiating a client contract"
EMP-1863,IT,"Interviewing new candidates"
EMP-3523,Sales,"Negotiating a client contract"
EMP-2513,Customer Support,"Copy-pasting emails into CRM"
EMP-1792,HR,"Data entry from invoices"
EMP-3484,Marketing,"Data entry from invoices"
EMP-2678,Marketing,"Negotiating a client contract"
EMP-1014,HR,"Copy-pasting emails into CRM"
EMP-2176,Marketing,"Extracting numbers from PDFs"
EMP-3787,HR,"Resolving employee conflict"
EMP-2587,Customer Support,"Data entry from invoices"
EMP-0822,IT,"Resolving employee conflict"
EMP-0981,IT,"Data entry from invoices"
EMP-2394,IT,"Copy-pasting emails into CRM"
EMP-2431,Customer Support,"Extracting numbers from PDFs"
EMP-1021,IT,"Leading a brainstorming session"
EMP-1553,Marketing,"Copy-pasting emails into CRM"
EMP-2574,Marketing,"Negotiating a client contract"
EMP-3756,HR,"Copy-pasting emails into CRM"
EMP-3368,HR,"Data entry from invoices"
EMP-0786,Sales,"Formatting reports"
EMP-1780,HR,"Copy-pasting emails into CRM"
EMP-2163,Customer Support,"Interviewing new candidates"
EMP-1284,IT,"High-level strategy planning"
EMP-2353,IT,"Negotiating a client contract"
EMP-1653,Customer Support,"Interviewing new candidates"
EMP-2443,HR,"Designing a new brand logo"
EMP-2783,Customer Support,"Formatting reports"
EMP-3464,Marketing,"Sorting spreadsheets"
EMP-0493,Customer Support,"Sorting spreadsheets"
EMP-1291,IT,"High-level strategy planning"
EMP-0906,Customer Support,"Negotiating a client contract"
EMP-2199,Customer Support,"Extracting numbers from PDFs"
EMP-2707,IT,"Data entry from invoices"
EMP-2701,HR,"Resolving employee conflict"
EMP-1032,HR,"Leading a brainstorming session"
EMP-0267,Customer Support,"Scheduling calendar invites"
EMP-3541,Customer Support,"Sorting spreadsheets"
EMP-3794,Marketing,"Sorting spreadsheets"
EMP-1716,Marketing,"Copy-pasting emails into CRM"
EMP-0823,Customer Support,"Negotiating a client contract"
EMP-3974,Sales,"Data entry from invoices"
EMP-3991,Marketing,"Negotiating a client contract"
EMP-3542,IT,"Interviewing new candidates"
EMP-2412,Customer Support,"Scheduling calendar invites"
EMP-1349,IT,"Resolving employee conflict"
EMP-1008,Marketing,"Sorting spreadsheets"
EMP-2506,Sales,"Interviewing new candidates"
EMP-1774,IT,"Copy-pasting emails into CRM"
EMP-2115,HR,"Data entry from invoices"
EMP-2382,IT,"Designing a new brand logo"
EMP-2815,Marketing,"Negotiating a client contract"
EMP-1470,Customer Support,"Data entry from invoices"
EMP-2610,Marketing,"Sorting spreadsheets"
EMP-0447,Marketing,"Extracting numbers from PDFs"
EMP-0054,HR,"Interviewing new candidates"
EMP-3992,Sales,"Copy-pasting emails into CRM"
EMP-0768,Marketing,"Negotiating a client contract"
EMP-3459,Customer Support,"Formatting reports"
EMP-2985,Customer Support,"Negotiating a client contract"
EMP-2716,HR,"Data entry from invoices"
EMP-2110,Sales,"Extracting numbers from PDFs"
EMP-2481,Customer Support,"Data entry from invoices"
EMP-0572,HR,"Designing a new brand logo"
EMP-1654,IT,"Leading a brainstorming session"
EMP-3261,Sales,"Scheduling calendar invites"
EMP-1691,IT,"Leading a brainstorming session"
EMP-3417,Customer Support,"Copy-pasting emails into CRM"
EMP-0530,HR,"Designing a new brand logo"
EMP-1515,HR,"Designing a new brand logo"
EMP-3172,Marketing,"Data entry from invoices"
EMP-2780,Marketing,"Interviewing new candidates"
EMP-1820,HR,"Interviewing new candidates"
EMP-3861,HR,"Data entry from invoices"
EMP-0911,IT,"Designing a new brand logo"
EMP-0867,Marketing,"Formatting reports"
EMP-0468,Marketing,"Negotiating a client contract"
EMP-0160,Customer Support,"Copy-pasting emails into CRM"
EMP-3134,Sales,"Data entry from invoices"
EMP-3801,IT,"Resolving employee conflict"
EMP-0142,IT,"Interviewing new candidates"
EMP-1849,IT,"Copy-pasting emails into CRM"
EMP-3500,Sales,"Copy-pasting emails into CRM"
EMP-2711,Sales,"Scheduling calendar invites"
EMP-1849,Customer Support,"Formatting reports"
EMP-3078,Customer Support,"Negotiating a client contract"
EMP-0940,Sales,"Scheduling calendar invites"
EMP-2675,Marketing,"Scheduling calendar invites"
EMP-1940,Customer Support,"Formatting reports"
EMP-3851,IT,"High-level strategy planning"
EMP-2977,HR,"Leading a brainstorming session"
EMP-1106,Marketing,"Negotiating a client contract"
EMP-1853,Sales,"Copy-pasting emails into CRM"
EMP-2674,IT,"Resolving employee conflict"
EMP-1489,HR,"Interviewing new candidates"
EMP-1045,HR,"High-level strategy planning"
EMP-2233,Marketing,"Scheduling calendar invites"
EMP-3265,Customer Support,"Extracting numbers from PDFs"
EMP-3665,Sales,"Formatting reports"
EMP-3866,Customer Support,"Formatting reports"
EMP-2469,HR,"High-level strategy planning"
EMP-0248,Marketing,"Negotiating a client contract"
EMP-1368,IT,"Interviewing new candidates"
EMP-0478,Marketing,"Copy-pasting emails into CRM"
EMP-2177,HR,"High-level strategy planning"
EMP-1425,Marketing,"Negotiating a client contract"
EMP-0010,IT,"Data entry from invoices"
EMP-0448,Sales,"Negotiating a client contract"
EMP-0632,Sales,"Extracting numbers from PDFs"
EMP-3846,Marketing,"Extracting numbers from PDFs"
EMP-1292,Customer Support,"Data entry from invoices"
EMP-3342,Sales,"Formatting reports"
EMP-1856,Marketing,"Data entry from invoices"
EMP-3485,Marketing,"Interviewing new candidates"
EMP-0838,Customer Support,"Interviewing new candidates"
EMP-0995,Sales,"Negotiating a client contract"
EMP-1774,HR,"Resolving employee conflict"
EMP-1313,Sales,"Sorting spreadsheets"
EMP-1225,Sales,"Scheduling calendar invites"
EMP-2471,Sales,"Scheduling calendar invites"
EMP-3885,HR,"Data entry from invoices"
EMP-3064,IT,"Interviewing new candidates"
EMP-0568,HR,"Designing a new brand logo"
EMP-2003,Marketing,"Sorting spreadsheets"
EMP-3680,IT,"Data entry from invoices"
EMP-3934,Customer Support,"Interviewing new candidates"
EMP-0714,Sales,"Scheduling calendar invites"
EMP-1311,Sales,"Copy-pasting emails into CRM"
EMP-1646,Sales,"Copy-pasting emails into CRM"
EMP-0886,IT,"Data entry from invoices"
EMP-3652,Sales,"Formatting reports"
EMP-2700,HR,"Designing a new brand logo"
EMP-1557,Customer Support,"Data entry from invoices"
EMP-1761,Customer Support,"Negotiating a client contract"
EMP-1302,Sales,"Sorting spreadsheets"
EMP-2886,Customer Support,"Formatting reports"
EMP-3552,HR,"Designing a new brand logo"
EMP-1798,Customer Support,"Negotiating a client contract"
EMP-1192,Sales,"Extracting numbers from PDFs"
EMP-3651,IT,"Designing a new brand logo"
EMP-2368,Customer Support,"Interviewing new candidates"
EMP-2153,Sales,"Scheduling calendar invites"
EMP-1872,IT,"Negotiating a client contract"
EMP-1732,Customer Support,"Negotiating a client contract"
EMP-2654,Customer Support,"Sorting spreadsheets"
EMP-3548,Sales,"Data entry from invoices"
EMP-3856,IT,"High-level strategy planning"
EMP-0308,Marketing,"Negotiating a client contract"
EMP-3815,Sales,"Copy-pasting emails into CRM"
EMP-1672,Marketing,"Formatting reports"
EMP-3445,IT,"Interviewing new candidates"
EMP-3546,HR,"Resolving employee conflict"
EMP-0716,HR,"Resolving employee conflict"
EMP-3049,HR,"Leading a brainstorming session"
EMP-2679,Customer Support,"Data entry from invoices"
EMP-3911,IT,"Copy-pasting emails into CRM"
EMP-3446,Customer Support,"Interviewing new candidates"
EMP-3852,Marketing,"Sorting spreadsheets"
EMP-2836,Marketing,"Negotiating a client contract"
EMP-1979,Marketing,"Interviewing new candidates"
EMP-1460,IT,"Resolving employee conflict"
EMP-0276,Sales,"Negotiating a client contract"
EMP-3046,Customer Support,"Copy-pasting emails into CRM"
EMP-2215,Sales,"Scheduling calendar invites"
EMP-2231,Sales,"Scheduling calendar invites"
EMP-2678,Marketing,"Negotiating a client contract"
EMP-2525,IT,"Data entry from invoices"
EMP-0186,Marketing,"Negotiating a client contract"
EMP-3049,Marketing,"Copy-pasting emails into CRM"
EMP-0343,Marketing,"Scheduling calendar invites"
EMP-2336,Sales,"Copy-pasting emails into CRM"
EMP-1793,Customer Support,"Sorting spreadsheets"
EMP-1738,HR,"Interviewing new candidates"
EMP-1275,Marketing,"Extracting numbers from PDFs"
EMP-3040,IT,"High-level strategy planning"
EMP-0805,HR,"Designing a new brand logo"
EMP-3681,Customer Support,"Sorting spreadsheets"
EMP-1147,Marketing,"Formatting reports"
EMP-0417,Sales,"Sorting spreadsheets"
EMP-3299,IT,"Negotiating a client contract"
EMP-1895,HR,"High-level strategy planning"
EMP-2678,Marketing,"Sorting spreadsheets"
EMP-3433,Sales,"Copy-pasting emails into CRM"
EMP-3793,Marketing,"Extracting numbers from PDFs"
EMP-2559,Sales,"Extracting numbers from PDFs"
EMP-3518,Sales,"Copy-pasting emails into CRM"
EMP-0896,Customer Support,"Extracting numbers from PDFs"
EMP-1000,Marketing,"Scheduling calendar invites"
EMP-3806,Sales,"Extracting numbers from PDFs"
EMP-0676,Marketing,"Copy-pasting emails into CRM"
EMP-3279,IT,"Negotiating a client contract"
EMP-2141,Customer Support,"Data entry from invoices"
EMP-2795,Customer Support,"Formatting reports"
EMP-3171,IT,"Designing a new brand logo"
EMP-1144,Marketing,"Scheduling calendar invites"
EMP-3014,IT,"Leading a brainstorming session"
EMP-3867,IT,"Copy-pasting emails into CRM"
EMP-2345,Marketing,"Interviewing new candidates"
EMP-0678,Marketing,"Data entry from invoices"
EMP-1985,Customer Support,"Data entry from invoices"
EMP-3689,HR,"Copy-pasting emails into CRM"
EMP-2077,Marketing,"Sorting spreadsheets"
EMP-2199,Marketing,"Scheduling calendar invites"
EMP-0521,IT,"Resolving employee conflict"
EMP-1146,Sales,"Extracting numbers from PDFs"
EMP-3891,IT,"Interviewing new candidates"
EMP-1818,Customer Support,"Negotiating a client contract"
EMP-2829,IT,"Copy-pasting emails into CRM"
EMP-1341,Marketing,"Scheduling calendar invites"
EMP-2365,Customer Support,"Interviewing new candidates"
EMP-2415,Marketing,"Sorting spreadsheets"
EMP-1369,Marketing,"Extracting numbers from PDFs"
EMP-2742,IT,"High-level strategy planning"
EMP-2684,Marketing,"Data entry from invoices"
EMP-3107,IT,"High-level strategy planning"
EMP-2948,IT,"Copy-pasting emails into CRM"
EMP-1236,Customer Support,"Data entry from invoices"
EMP-3921,Customer Support,"Interviewing new candidates"
EMP-2083,HR,"Data entry from invoices"
EMP-3945,Marketing,"Sorting spreadsheets"
EMP-0594,Sales,"Extracting numbers from PDFs"
EMP-1747,IT,"Interviewing new candidates"
EMP-0580,Customer Support,"Copy-pasting emails into CRM"
EMP-2009,HR,"Negotiating a client contract"
EMP-3505,Customer Support,"Sorting spreadsheets"
EMP-0175,Customer Support,"Scheduling calendar invites"
EMP-2617,Customer Support,"Sorting spreadsheets"
EMP-2838,Marketing,"Scheduling calendar invites"
EMP-3694,HR,"High-level strategy planning"
EMP-0830,Marketing,"Data entry from invoices"
EMP-1733,Marketing,"Scheduling calendar invites"
EMP-3499,Marketing,"Extracting numbers from PDFs"
EMP-2903,Sales,"Formatting reports"
EMP-3528,HR,"Copy-pasting emails into CRM"
EMP-0742,Sales,"Interviewing new candidates"
EMP-0048,HR,"Leading a brainstorming session"
EMP-1618,Customer Support,"Data entry from invoices"
EMP-3796,Sales,"Sorting spreadsheets"
EMP-1348,Sales,"Data entry from invoices"
EMP-1744,IT,"Leading a brainstorming session"
EMP-1137,HR,"Negotiating a client contract"
EMP-1518,IT,"Designing a new brand logo"
EMP-0740,Sales,"Extracting numbers from PDFs"
EMP-3360,HR,"Data entry from invoices"
EMP-2576,Sales,"Interviewing new candidates"
EMP-3840,HR,"Interviewing new candidates"
EMP-3403,IT,"Copy-pasting emails into CRM"
EMP-2103,HR,"Resolving employee conflict"
EMP-0097,IT,"Negotiating a client contract"
EMP-1270,Customer Support,"Sorting spreadsheets"
EMP-0408,Sales,"Copy-pasting emails into CRM"
EMP-1643,Customer Support,"Data entry from invoices"
EMP-3418,IT,"Resolving employee conflict"
EMP-0289,Customer Support,"Sorting spreadsheets"
EMP-0652,Customer Support,"Scheduling calendar invites"
EMP-0861,IT,"Designing a new brand logo"
EMP-2609,IT,"Interviewing new candidates"
EMP-3478,HR,"Resolving employee conflict"
EMP-1735,Sales,"Copy-pasting emails into CRM"
EMP-2417,Marketing,"Copy-pasting emails into CRM"
EMP-1978,Customer Support,"Sorting spreadsheets"
EMP-3434,HR,"High-level strategy planning"
EMP-0352,HR,"Designing a new brand logo"
EMP-3969,Customer Support,"Interviewing new candidates"
EMP-2067,Customer Support,"Formatting reports"
EMP-3792,Sales,"Interviewing new candidates"
EMP-2079,Customer Support,"Data entry from invoices"
EMP-2038,Customer Support,"Copy-pasting emails into CRM"
EMP-1618,Customer Support,"Negotiating a client contract"
EMP-3785,IT,"Designing a new brand logo"
EMP-2941,IT,"Copy-pasting emails into CRM"
EMP-2554,IT,"Copy-pasting emails into CRM"
EMP-1824,IT,"Interviewing new candidates"
EMP-2376,Sales,"Interviewing new candidates"
EMP-0372,IT,"Resolving employee conflict"
EMP-3575,Sales,"Interviewing new candidates"
EMP-1294,IT,"Copy-pasting emails into CRM"
EMP-3107,Sales,"Formatting reports"
EMP-3343,Sales,"Sorting spreadsheets"
EMP-2934,Sales,"Copy-pasting emails into CRM"
EMP-2411,IT,"Interviewing new candidates"
EMP-1291,Sales,"Negotiating a client contract"
EMP-0715,IT,"High-level strategy planning"
EMP-2173,HR,"Resolving employee conflict"
EMP-0111,Marketing,"Copy-pasting emails into CRM"
EMP-2247,Customer Support,"Extracting numbers from PDFs"
EMP-2020,Sales,"Data entry from invoices"
EMP-1927,HR,"Resolving employee conflict"
EMP-2316,Sales,"Scheduling calendar invites"
EMP-2376,HR,"Negotiating a client contract"
EMP-3586,HR,"Data entry from invoices"
EMP-3445,HR,"Designing a new brand logo"
EMP-2776,HR,"Negotiating a client contract"
EMP-3613,Marketing,"Copy-pasting emails into CRM"
EMP-3042,IT,"Designing a new brand logo"
EMP-2724,HR,"Data entry from invoices"
EMP-3125,IT,"Resolving employee conflict"
EMP-3863,HR,"High-level strategy planning"
EMP-2469,HR,"Data entry from invoices"
EMP-0343,Customer Support,"Data entry from invoices"
EMP-1843,Marketing,"Interviewing new candidates"
EMP-2423,Marketing,"Negotiating a client contract"
EMP-0666,HR,"Data entry from invoices"
EMP-0204,IT,"Data entry from invoices"
EMP-3716,Sales,"Sorting spreadsheets"
EMP-3351,IT,"High-level strategy planning"
EMP-0808,HR,"Copy-pasting emails into CRM"
EMP-2002,Sales,"Scheduling calendar invites"
EMP-3512,Sales,"Extracting numbers from PDFs"
EMP-1128,Customer Support,"Formatting reports"
EMP-1303,Marketing,"Data entry from invoices"
EMP-3291,Sales,"Negotiating a client contract"
EMP-0406,Customer Support,"Extracting numbers from PDFs"
EMP-0627,Customer Support,"Negotiating a client contract"
EMP-2362,Sales,"Extracting numbers from PDFs"
EMP-1893,Marketing,"Extracting numbers from PDFs"
EMP-1764,Customer Support,"Scheduling calendar invites"
EMP-0702,HR,"Data entry from invoices"
EMP-1844,Marketing,"Copy-pasting emails into CRM"
EMP-0462,HR,"High-level strategy planning"
EMP-1737,HR,"Negotiating a client contract"
EMP-2597,Customer Support,"Negotiating a client contract"
EMP-2344,Sales,"Copy-pasting emails into CRM"
EMP-1152,Sales,"Sorting spreadsheets"
EMP-2944,HR,"Designing a new brand logo"
EMP-1019,IT,"Data entry from invoices"
EMP-3694,Sales,"Negotiating a client contract"
EMP-3043,Customer Support,"Copy-pasting emails into CRM"
EMP-2814,HR,"High-level strategy planning"
EMP-0015,Marketing,"Negotiating a client contract"
EMP-1540,Customer Support,"Extracting numbers from PDFs"
EMP-3267,IT,"Data entry from invoices"
EMP-3928,IT,"Data entry from invoices"
EMP-3083,Customer Support,"Copy-pasting emails into CRM"
EMP-0625,IT,"Data entry from invoices"
EMP-2305,Marketing,"Data entry from invoices"
EMP-2182,Marketing,"Negotiating a client contract"
EMP-2296,Marketing,"Data entry from invoices"
EMP-0989,Customer Support,"Negotiating a client contract"
EMP-0636,Customer Support,"Negotiating a client contract"
EMP-0884,Sales,"Interviewing new candidates"
EMP-0507,Marketing,"Sorting spreadsheets"
EMP-1222,Customer Support,"Interviewing new candidates"
EMP-0567,Sales,"Copy-pasting emails into CRM"
EMP-1114,Sales,"Negotiating a client contract"
EMP-1412,Marketing,"Formatting reports"
EMP-1859,HR,"Copy-pasting emails into CRM"
EMP-0070,Marketing,"Sorting spreadsheets"
EMP-2161,HR,"Designing a new brand logo"
EMP-2499,Customer Support,"Extracting numbers from PDFs"
EMP-1678,HR,"Data entry from invoices"
EMP-0105,Customer Support,"Scheduling calendar invites"
EMP-3575,Marketing,"Negotiating a client contract"
EMP-3563,HR,"Leading a brainstorming session"
EMP-3826,IT,"Designing a new brand logo"
EMP-3378,HR,"Designing a new brand logo"
EMP-2409,Marketing,"Scheduling calendar invites"
EMP-2899,IT,"High-level strategy planning"
EMP-0900,Marketing,"Interviewing new candidates"
EMP-0534,Customer Support,"Data entry from invoices"
EMP-1021,HR,"Leading a brainstorming session"
EMP-3921,Sales,"Sorting spreadsheets"
EMP-3244,Sales,"Extracting numbers from PDFs"
EMP-3047,HR,"High-level strategy planning"
EMP-0476,Customer Support,"Copy-pasting emails into CRM"
EMP-2300,Customer Support,"Data entry from invoices"
EMP-2202,Customer Support,"Copy-pasting emails into CRM"
EMP-3618,Sales,"Sorting spreadsheets"
EMP-0506,Customer Support,"Copy-pasting emails into CRM"
EMP-2877,HR,"Leading a brainstorming session"
EMP-0339,IT,"Resolving employee conflict"
EMP-1901,Customer Support,"Data entry from invoices"
EMP-1744,Customer Support,"Sorting spreadsheets"
EMP-0845,IT,"Resolving employee conflict"
EMP-1423,Sales,"Sorting spreadsheets"
EMP-0486,IT,"Interviewing new candidates"
EMP-2909,IT,"Negotiating a client contract"
EMP-1794,IT,"Negotiating a client contract"
EMP-2993,IT,"Designing a new brand logo"
EMP-1751,Sales,"Copy-pasting emails into CRM"
EMP-0800,HR,"Designing a new brand logo"
EMP-2928,Sales,"Interviewing new candidates"
EMP-2049,IT,"Data entry from invoices"
EMP-0439,HR,"High-level strategy planning"
EMP-0931,Marketing,"Formatting reports"
EMP-0457,HR,"Interviewing new candidates"
EMP-2735,HR,"Data entry from invoices"
EMP-0626,Customer Support,"Extracting numbers from PDFs"
EMP-0764,Customer Support,"Sorting spreadsheets"
EMP-2487,Marketing,"Formatting reports"
EMP-2289,Marketing,"Copy-pasting emails into CRM"
EMP-0622,IT,"High-level strategy planning"
EMP-0734,HR,"Leading a brainstorming session"
EMP-2680,HR,"Copy-pasting emails into CRM"
EMP-3604,IT,"High-level strategy planning"
EMP-0816,Customer Support,"Negotiating a client contract"
EMP-0685,Marketing,"Data entry from invoices"
EMP-0097,Marketing,"Data entry from invoices"
EMP-0976,Sales,"Extracting numbers from PDFs"
EMP-2729,IT,"Copy-pasting emails into CRM"
EMP-2188,Sales,"Sorting spreadsheets"
EMP-2908,IT,"Negotiating a client contract"
EMP-3674,IT,"Data entry from invoices"
EMP-2287,HR,"Designing a new brand logo"
EMP-1389,Customer Support,"Sorting spreadsheets"
EMP-1801,Sales,"Sorting spreadsheets"
EMP-1978,Customer Support,"Copy-pasting emails into CRM"
EMP-3707,IT,"Data entry from invoices"
EMP-0410,Sales,"Data entry from invoices"
EMP-1429,Marketing,"Negotiating a client contract"
EMP-0138,Marketing,"Copy-pasting emails into CRM"
EMP-1880,Sales,"Interviewing new candidates"
EMP-1908,Sales,"Copy-pasting emails into CRM"
EMP-1347,IT,"Designing a new brand logo"
EMP-3960,Sales,"Formatting reports"
EMP-1043,Sales,"Scheduling calendar invites"
EMP-0129,Sales,"Negotiating a client contract"
EMP-3470,Sales,"Sorting spreadsheets"
EMP-3739,IT,"Leading a brainstorming session"
EMP-1610,Customer Support,"Data entry from invoices"
EMP-0416,Customer Support,"Negotiating a client contract"
EMP-2528,Marketing,"Extracting numbers from PDFs"
EMP-3518,Marketing,"Formatting reports"
EMP-3473,IT,"Designing a new brand logo"
EMP-0948,IT,"Copy-pasting emails into CRM"
EMP-2595,Customer Support,"Data entry from invoices"
EMP-2872,Customer Support,"Scheduling calendar invites"
EMP-0856,Customer Support,"Interviewing new candidates"
EMP-2066,Marketing,"Formatting reports"
EMP-1707,HR,"Designing a new brand logo"
EMP-0084,Customer Support,"Data entry from invoices"
EMP-3468,Customer Support,"Scheduling calendar invites"
EMP-0168,Customer Support,"Sorting spreadsheets"
EMP-0135,IT,"Leading a brainstorming session"
EMP-2600,Customer Support,"Copy-pasting emails into CRM"
EMP-2458,Sales,"Extracting numbers from PDFs"
EMP-1726,Marketing,"Copy-pasting emails into CRM"
EMP-0965,IT,"Negotiating a client contract"
EMP-1416,IT,"Designing a new brand logo"
EMP-1020,HR,"Leading a brainstorming session"
EMP-3872,Marketing,"Interviewing new candidates"
EMP-1724,Customer Support,"Extracting numbers from PDFs"
EMP-1498,Marketing,"Extracting numbers from PDFs"
EMP-2256,Sales,"Data entry from invoices"
EMP-2422,Marketing,"Data entry from invoices"
EMP-2826,Marketing,"Scheduling calendar invites"
EMP-1579,Marketing,"Negotiating a client contract"
EMP-0038,Customer Support,"Sorting spreadsheets"
EMP-2027,Sales,"Copy-pasting emails into CRM"
EMP-1509,Customer Support,"Interviewing new candidates"
EMP-1122,HR,"Negotiating a client contract"
EMP-2243,Marketing,"Formatting reports"
EMP-0759,Marketing,"Extracting numbers from PDFs"
EMP-0944,Sales,"Data entry from invoices"
EMP-1289,Marketing,"Negotiating a client contract"
EMP-0055,IT,"Leading a brainstorming session"
EMP-3768,Customer Support,"Scheduling calendar invites"
EMP-1834,HR,"Designing a new brand logo"
EMP-2719,Customer Support,"Scheduling calendar invites"
EMP-3905,IT,"Interviewing new candidates"
EMP-3652,HR,"High-level strategy planning"
EMP-3591,HR,"Leading a brainstorming session"
EMP-3806,IT,"High-level strategy planning"
EMP-2440,IT,"Interviewing new candidates"
EMP-1161,Sales,"Formatting reports"
EMP-1899,Marketing,"Sorting spreadsheets"
EMP-0395,Customer Support,"Sorting spreadsheets"
EMP-2149,Sales,"Formatting reports"
EMP-2564,Customer Support,"Interviewing new candidates"
EMP-2479,Customer Support,"Formatting reports"
EMP-2811,IT,"High-level strategy planning"
EMP-3914,HR,"Negotiating a client contract"
EMP-3262,Customer Support,"Data entry from invoices"
EMP-2396,IT,"Leading a brainstorming session"
EMP-3746,HR,"Copy-pasting emails into CRM"
EMP-0050,Marketing,"Formatting reports"
EMP-1357,HR,"Data entry from invoices"
EMP-1673,Customer Support,"Scheduling calendar invites"
EMP-2241,Customer Support,"Data entry from invoices"
EMP-0715,HR,"Resolving employee conflict"
EMP-0209,Sales,"Sorting spreadsheets"
EMP-1856,Sales,"Copy-pasting emails into CRM"
EMP-0314,HR,"Resolving employee conflict"
EMP-1196,Marketing,"Scheduling calendar invites"
EMP-0777,Sales,"Formatting reports"
EMP-0935,HR,"Interviewing new candidates"
EMP-3179,HR,"Negotiating a client contract"
EMP-3876,Sales,"Copy-pasting emails into CRM"
EMP-3639,Marketing,"Extracting numbers from PDFs"
EMP-1291,HR,"Data entry from invoices"
EMP-2327,Sales,"Scheduling calendar invites"
EMP-3163,Sales,"Sorting spreadsheets"
EMP-3281,IT,"Interviewing new candidates"
EMP-0892,Marketing,"Extracting numbers from PDFs"
EMP-1844,Customer Support,"Sorting spreadsheets"
EMP-1147,Marketing,"Negotiating a client contract"
EMP-0745,IT,"Copy-pasting emails into CRM"
EMP-1120,Sales,"Extracting numbers from PDFs"
EMP-1587,IT,"Data entry from invoices"
EMP-3396,Customer Support,"Sorting spreadsheets"
EMP-0181,Sales,"Sorting spreadsheets"
EMP-1392,Customer Support,"Scheduling calendar invites"
EMP-1765,HR,"Leading a brainstorming session"
EMP-1311,HR,"Data entry from invoices"
EMP-0196,Customer Support,"Formatting reports"
EMP-2575,Marketing,"Data entry from invoices"
EMP-2325,IT,"Data entry from invoices"
EMP-3368,HR,"Resolving employee conflict"
EMP-2482,HR,"Leading a brainstorming session"
EMP-2219,Customer Support,"Data entry from invoices"
EMP-1504,Sales,"Scheduling calendar invites"
EMP-1582,Sales,"Copy-pasting emails into CRM"
EMP-0461,IT,"Resolving employee conflict"
EMP-0806,Marketing,"Scheduling calendar invites"
EMP-0975,Customer Support,"Negotiating a client contract"
EMP-2112,Customer Support,"Scheduling calendar invites"
EMP-1232,IT,"Designing a new brand logo"
EMP-3550,Sales,"Negotiating a client contract"
EMP-3193,HR,"Copy-pasting emails into CRM"
EMP-2974,Sales,"Copy-pasting emails into CRM"
EMP-2235,Sales,"Data entry from invoices"
EMP-1175,Marketing,"Negotiating a client contract"
EMP-2948,Marketing,"Scheduling calendar invites"
EMP-2424,Customer Support,"Scheduling calendar invites"
EMP-0334,Sales,"Formatting reports"
EMP-3449,Marketing,"Extracting numbers from PDFs"
EMP-3765,Sales,"Copy-pasting emails into CRM"
EMP-0729,HR,"Leading a brainstorming session"
EMP-2597,Sales,"Negotiating a client contract"
EMP-3957,IT,"Copy-pasting emails into CRM"
EMP-1546,HR,"High-level strategy planning"
EMP-1602,Customer Support,"Extracting numbers from PDFs"
EMP-1331,HR,"Leading a brainstorming session"
EMP-0832,IT,"Interviewing new candidates"
EMP-1287,IT,"Leading a brainstorming session"
EMP-3623,Marketing,"Extracting numbers from PDFs"
EMP-1315,HR,"Negotiating a client contract"
EMP-1909,Customer Support,"Copy-pasting emails into CRM"
EMP-0293,HR,"High-level strategy planning"
EMP-2858,HR,"Resolving employee conflict"
EMP-2676,IT,"Copy-pasting emails into CRM"
EMP-2184,Marketing,"Formatting reports"
EMP-2992,HR,"Interviewing new candidates"
EMP-3481,Marketing,"Sorting spreadsheets"
EMP-3321,IT,"Interviewing new candidates"
EMP-1066,Sales,"Extracting numbers from PDFs"
EMP-0601,HR,"High-level strategy planning"
EMP-3240,Customer Support,"Extracting numbers from PDFs"
EMP-1280,HR,"Interviewing new candidates"
EMP-3171,Sales,"Interviewing new candidates"
EMP-1683,Marketing,"Formatting reports"
EMP-3325,Marketing,"Sorting spreadsheets"
EMP-0246,Marketing,"Negotiating a client contract"
EMP-3050,Customer Support,"Data entry from invoices"
EMP-0210,IT,"Resolving employee conflict"
EMP-3701,Marketing,"Scheduling calendar invites"
EMP-3221,Customer Support,"Interviewing new candidates"
EMP-3994,IT,"Resolving employee conflict"
EMP-1556,Marketing,"Scheduling calendar invites"
EMP-1038,IT,"Copy-pasting emails into CRM"
EMP-0436,Marketing,"Scheduling calendar invites"
EMP-2447,Marketing,"Sorting spreadsheets"
EMP-3846,IT,"Negotiating a client contract"
EMP-0817,Sales,"Copy-pasting emails into CRM"
EMP-0766,Sales,"Copy-pasting emails into CRM"
EMP-2639,Marketing,"Interviewing new candidates"
EMP-0412,Customer Support,"Data entry from invoices"
EMP-0587,HR,"Copy-pasting emails into CRM"
EMP-0848,Sales,"Interviewing new candidates"
EMP-2519,HR,"Negotiating a client contract"
EMP-1749,Customer Support,"Scheduling calendar invites"
EMP-1258,HR,"Resolving employee conflict"
EMP-1398,Customer Support,"Sorting spreadsheets"
EMP-3145,Sales,"Data entry from invoices"
EMP-3114,HR,"Data entry from invoices"
EMP-3736,Sales,"Sorting spreadsheets"
EMP-1560,Sales,"Interviewing new candidates"
EMP-3605,HR,"Data entry from invoices"
EMP-0031,IT,"High-level strategy planning"
EMP-1040,Customer Support,"Sorting spreadsheets"
EMP-3203,IT,"Negotiating a client contract"
EMP-1798,Customer Support,"Sorting spreadsheets"
EMP-2323,Customer Support,"Scheduling calendar invites"
EMP-3297,Customer Support,"Extracting numbers from PDFs"
EMP-2332,HR,"Leading a brainstorming session"
EMP-3240,IT,"Resolving employee conflict"
EMP-3667,Customer Support,"Copy-pasting emails into CRM"
EMP-0483,HR,"Leading a brainstorming session"
EMP-2153,HR,"Interviewing new candidates"
EMP-0189,HR,"Data entry from invoices"
EMP-1852,HR,"Resolving employee conflict"
EMP-0749,HR,"Data entry from invoices"
EMP-2943,Marketing,"Copy-pasting emails into CRM"
EMP-2405,Marketing,"Interviewing new candidates"
EMP-3409,IT,"Resolving employee conflict"
EMP-0142,Customer Support,"Scheduling calendar invites"
EMP-2677,Marketing,"Copy-pasting emails into CRM"
EMP-2797,IT,"Interviewing new candidates"
EMP-2929,Marketing,"Formatting reports"
EMP-2062,IT,"High-level strategy planning"
EMP-0183,Sales,"Scheduling calendar invites"
EMP-2124,Marketing,"Scheduling calendar invites"
EMP-3223,Customer Support,"Negotiating a client contract"
EMP-3748,Customer Support,"Data entry from invoices"
EMP-2997,IT,"Data entry from invoices"
EMP-2658,Marketing,"Data entry from invoices"
EMP-3311,HR,"Negotiating a client contract"
EMP-3778,Marketing,"Formatting reports"
EMP-3844,HR,"Designing a new brand logo"
EMP-1783,Marketing,"Sorting spreadsheets"
EMP-2499,IT,"Designing a new brand logo"
EMP-3495,Marketing,"Formatting reports"
EMP-2011,Customer Support,"Extracting numbers from PDFs"
EMP-3456,Customer Support,"Sorting spreadsheets"
EMP-3306,Customer Support,"Data entry from invoices"
EMP-0339,HR,"Data entry from invoices"
EMP-3441,Customer Support,"Extracting numbers from PDFs"
EMP-1729,HR,"Leading a brainstorming session"
EMP-1445,HR,"Interviewing new candidates"
EMP-2788,Sales,"Sorting spreadsheets"
EMP-1144,Sales,"Sorting spreadsheets"
EMP-0965,HR,"Designing a new brand logo"
EMP-1087,IT,"Copy-pasting emails into CRM"
EMP-1349,HR,"High-level strategy planning"
EMP-3613,Marketing,"Negotiating a client contract"
EMP-3934,Customer Support,"Data entry from invoices"
EMP-2475,HR,"High-level strategy planning"
EMP-0997,Customer Support,"Copy-pasting emails into CRM"
EMP-2958,HR,"Negotiating a client contract"
EMP-1376,Customer Support,"Scheduling calendar invites"
EMP-2339,IT,"Leading a brainstorming session"
EMP-0805,IT,"Data entry from invoices"
EMP-2648,HR,"Interviewing new candidates"
EMP-1666,Marketing,"Data entry from invoices"
EMP-0601,Customer Support,"Extracting numbers from PDFs"
EMP-3723,Customer Support,"Data entry from invoices"
EMP-3418,Marketing,"Sorting spreadsheets"
EMP-0369,HR,"Data entry from invoices"
EMP-1343,Customer Support,"Data entry from invoices"
EMP-2862,Customer Support,"Copy-pasting emails into CRM"
EMP-2644,Marketing,"Copy-pasting emails into CRM"
EMP-0485,Marketing,"Formatting reports"
EMP-3268,Sales,"Scheduling calendar invites"
EMP-2212,Sales,"Interviewing new candidates"
EMP-0314,Marketing,"Extracting numbers from PDFs"
EMP-1145,IT,"Negotiating a client contract"
EMP-3498,Marketing,"Scheduling calendar invites"
EMP-2190,Marketing,"Formatting reports"
EMP-0669,IT,"Copy-pasting emails into CRM"
EMP-2545,Marketing,"Extracting numbers from PDFs"
EMP-2816,Customer Support,"Scheduling calendar invites"
EMP-0797,Customer Support,"Copy-pasting emails into CRM"
EMP-3037,IT,"Designing a new brand logo"
EMP-0065,Customer Support,"Scheduling calendar invites"
EMP-3881,Sales,"Formatting reports"
EMP-2758,IT,"Copy-pasting emails into CRM"
EMP-2188,HR,"Leading a brainstorming session"
EMP-3303,Customer Support,"Negotiating a client contract"
EMP-0759,Customer Support,"Extracting numbers from PDFs"
EMP-0207,Marketing,"Extracting numbers from PDFs"
EMP-2161,IT,"Interviewing new candidates"
EMP-3213,HR,"High-level strategy planning"
EMP-1214,Customer Support,"Interviewing new candidates"
EMP-1478,IT,"Leading a brainstorming session"
EMP-3998,Customer Support,"Copy-pasting emails into CRM"
EMP-1531,Sales,"Extracting numbers from PDFs"
EMP-0584,Marketing,"Interviewing new candidates"
EMP-2759,Marketing,"Copy-pasting emails into CRM"
EMP-1862,IT,"Leading a brainstorming session"
EMP-2995,Customer Support,"Scheduling calendar invites"
EMP-2649,HR,"High-level strategy planning"
EMP-3945,Marketing,"Sorting spreadsheets"
EMP-0233,Marketing,"Extracting numbers from PDFs"
EMP-1483,Marketing,"Copy-pasting emails into CRM"
EMP-1377,Sales,"Copy-pasting emails into CRM"
EMP-2733,Marketing,"Formatting reports"
EMP-3539,IT,"Leading a brainstorming session"
EMP-1260,Marketing,"Formatting reports"
EMP-2391,Customer Support,"Sorting spreadsheets"
EMP-0049,Sales,"Formatting reports"
EMP-2136,HR,"Leading a brainstorming session"
EMP-3702,IT,"Negotiating a client contract"
EMP-1401,Marketing,"Negotiating a client contract"
EMP-0823,IT,"Resolving employee conflict"
EMP-1406,HR,"Copy-pasting emails into CRM"
EMP-3089,Customer Support,"Scheduling calendar invites"
EMP-0496,Customer Support,"Data entry from invoices"
EMP-0693,Customer Support,"Copy-pasting emails into CRM"
EMP-1531,IT,"High-level strategy planning"
EMP-2053,Sales,"Scheduling calendar invites"
EMP-0984,Customer Support,"Scheduling calendar invites"
EMP-3840,IT,"Designing a new brand logo"
EMP-0328,Marketing,"Extracting numbers from PDFs"
EMP-3005,Sales,"Scheduling calendar invites"
EMP-0189,Sales,"Sorting spreadsheets"
EMP-3387,Marketing,"Extracting numbers from PDFs"
EMP-2729,HR,"Copy-pasting emails into CRM"
EMP-1214,IT,"Resolving employee conflict"
EMP-0766,Marketing,"Sorting spreadsheets"
EMP-3678,Customer Support,"Extracting numbers from PDFs"
EMP-2221,IT,"Designing a new brand logo"
EMP-1430,Marketing,"Interviewing new candidates"
EMP-0172,Sales,"Copy-pasting emails into CRM"
EMP-3635,HR,"Data entry from invoices"
EMP-1839,Customer Support,"Extracting numbers from PDFs"
EMP-1959,HR,"Data entry from invoices"
EMP-2077,IT,"Copy-pasting emails into CRM"
EMP-3745,IT,"Copy-pasting emails into CRM"
EMP-1437,Marketing,"Negotiating a client contract"
EMP-3875,IT,"Data entry from invoices"
EMP-3723,Customer Support,"Negotiating a client contract"
EMP-2378,Sales,"Copy-pasting emails into CRM"
EMP-1535,IT,"Interviewing new candidates"
EMP-1127,Customer Support,"Copy-pasting emails into CRM"
EMP-2938,IT,"High-level strategy planning"
EMP-3798,Customer Support,"Copy-pasting emails into CRM"
EMP-0624,Sales,"Formatting reports"
EMP-2028,Sales,"Extracting numbers from PDFs"
EMP-1331,Customer Support,"Data entry from invoices"
EMP-1964,IT,"Leading a brainstorming session"
EMP-2682,Sales,"Copy-pasting emails into CRM"
EMP-3217,HR,"Resolving employee conflict"
EMP-3162,Customer Support,"Extracting numbers from PDFs"
EMP-1192,Marketing,"Extracting numbers from PDFs"
EMP-3376,IT,"Leading a brainstorming session"
EMP-1476,IT,"Leading a brainstorming session"
EMP-3433,Marketing,"Data entry from invoices"
EMP-1316,HR,"Negotiating a client contract"
EMP-0739,Sales,"Formatting reports"
EMP-1045,HR,"Copy-pasting emails into CRM"
EMP-1505,Customer Support,"Data entry from invoices"
EMP-2657,Customer Support,"Negotiating a client contract"
EMP-1178,Sales,"Extracting numbers from PDFs"
EMP-3110,Sales,"Extracting numbers from PDFs"
EMP-2821,Customer Support,"Sorting spreadsheets"
EMP-0660,HR,"High-level strategy planning"
EMP-2574,HR,"Resolving employee conflict"
EMP-1413,Sales,"Data entry from invoices"
EMP-0729,Sales,"Copy-pasting emails into CRM"
EMP-3236,Sales,"Data entry from invoices"
EMP-0044,Marketing,"Formatting reports"
EMP-3673,Customer Support,"Data entry from invoices"
EMP-1905,Marketing,"Scheduling calendar invites"
EMP-1549,Sales,"Interviewing new candidates"
EMP-3216,Marketing,"Copy-pasting emails into CRM"
EMP-0590,Sales,"Extracting numbers from PDFs"
EMP-1509,Marketing,"Formatting reports"
EMP-0700,IT,"Resolving employee conflict"
EMP-3244,IT,"High-level strategy planning"
EMP-2241,Marketing,"Data entry from invoices"
EMP-1232,Customer Support,"Interviewing new candidates"
EMP-3155,Sales,"Scheduling calendar invites"
EMP-2710,HR,"Interviewing new candidates"
EMP-3842,Customer Support,"Formatting reports"
EMP-2502,Customer Support,"Data entry from invoices"
EMP-0611,HR,"Data entry from invoices"
EMP-2015,Marketing,"Data entry from invoices"
EMP-2207,Marketing,"Sorting spreadsheets"
EMP-2960,Sales,"Extracting numbers from PDFs"
EMP-3406,HR,"Negotiating a client contract"
EMP-0123,HR,"Leading a brainstorming session"
EMP-1289,Marketing,"Scheduling calendar invites"
EMP-2458,IT,"Copy-pasting emails into CRM"
EMP-2147,IT,"High-level strategy planning"
EMP-0815,IT,"Data entry from invoices"
EMP-3374,Customer Support,"Extracting numbers from PDFs"
EMP-3666,Sales,"Copy-pasting emails into CRM"
EMP-2266,IT,"Resolving employee conflict"
EMP-3908,Marketing,"Data entry from invoices"
EMP-3264,IT,"Copy-pasting emails into CRM"
EMP-1624,IT,"Copy-pasting emails into CRM"
EMP-1576,Marketing,"Negotiating a client contract"
EMP-0228,Customer Support,"Copy-pasting emails into CRM"
EMP-0475,Sales,"Sorting spreadsheets"
EMP-3419,HR,"Data entry from invoices"
EMP-3989,Marketing,"Formatting reports"
EMP-3948,Sales,"Scheduling calendar invites"
EMP-3174,IT,"Data entry from invoices"
EMP-0937,IT,"High-level strategy planning"
EMP-1508,Sales,"Interviewing new candidates"
EMP-3401,Sales,"Sorting spreadsheets"
EMP-2004,IT,"Leading a brainstorming session"
EMP-2787,Customer Support,"Interviewing new candidates"
EMP-3033,Marketing,"Sorting spreadsheets"
EMP-3374,HR,"Resolving employee conflict"
EMP-1205,Sales,"Interviewing new candidates"
EMP-1547,Sales,"Formatting reports"
EMP-3967,Sales,"Formatting reports"
EMP-0923,Marketing,"Negotiating a client contract"
EMP-3304,Customer Support,"Scheduling calendar invites"
EMP-1594,HR,"Data entry from invoices"
EMP-0760,Marketing,"Interviewing new candidates"
EMP-2373,Customer Support,"Data entry from invoices"
EMP-0393,Sales,"Extracting numbers from PDFs"
EMP-1624,Marketing,"Copy-pasting emails into CRM"
EMP-3011,Marketing,"Interviewing new candidates"
EMP-3740,HR,"Data entry from invoices"
EMP-1406,Marketing,"Sorting spreadsheets"
EMP-2912,HR,"Resolving employee conflict"
EMP-0830,IT,"Leading a brainstorming session"
EMP-3733,IT,"High-level strategy planning"
EMP-0496,Marketing,"Interviewing new candidates"
EMP-0541,Customer Support,"Data entry from invoices"
EMP-2012,Customer Support,"Scheduling calendar invites"
EMP-0924,IT,"Leading a brainstorming session"
EMP-0452,IT,"Copy-pasting emails into CRM"
EMP-3043,Customer Support,"Negotiating a client contract"
EMP-3121,Customer Support,"Scheduling calendar invites"
EMP-1034,HR,"Leading a brainstorming session"
EMP-1360,Customer Support,"Negotiating a client contract"
EMP-3780,Sales,"Interviewing new candidates"
EMP-2139,Sales,"Extracting numbers from PDFs"
EMP-3504,Sales,"Data entry from invoices"
EMP-0237,Customer Support,"Sorting spreadsheets"
EMP-3071,Sales,"Copy-pasting emails into CRM"
EMP-1913,HR,"Leading a brainstorming session"
EMP-2562,Customer Support,"Negotiating a client contract"
EMP-2878,Sales,"Negotiating a client contract"
EMP-0622,IT,"Copy-pasting emails into CRM"
EMP-0565,Sales,"Data entry from invoices"
EMP-0362,Marketing,"Extracting numbers from PDFs"
EMP-0730,Customer Support,"Negotiating a client contract"
EMP-0063,Customer Support,"Interviewing new candidates"
EMP-2826,Customer Support,"Scheduling calendar invites"
EMP-0222,Customer Support,"Negotiating a client contract"
EMP-1718,Customer Support,"Sorting spreadsheets"
EMP-3551,Marketing,"Scheduling calendar invites"
EMP-0353,Sales,"Formatting reports"
EMP-1639,IT,"Negotiating a client contract"
EMP-1845,Sales,"Scheduling calendar invites"
EMP-2230,Customer Support,"Copy-pasting emails into CRM"
EMP-0644,Marketing,"Extracting numbers from PDFs"
EMP-1133,Sales,"Copy-pasting emails into CRM"
EMP-3612,HR,"Designing a new brand logo"
EMP-3888,HR,"Data entry from invoices"
EMP-0831,IT,"Designing a new brand logo"
EMP-3668,Customer Support,"Data entry from invoices"
EMP-3517,IT,"Interviewing new candidates"
EMP-1407,Customer Support,"Copy-pasting emails into CRM"
EMP-3002,Customer Support,"Extracting numbers from PDFs"
EMP-0120,HR,"Leading a brainstorming session"
EMP-1064,HR,"Data entry from invoices"
EMP-2200,Marketing,"Negotiating a client contract"
EMP-2184,IT,"Designing a new brand logo"
EMP-0097,IT,"Leading a brainstorming session"
EMP-1296,Customer Support,"Data entry from invoices"
EMP-1832,Marketing,"Formatting reports"
EMP-2044,HR,"Data entry from invoices"
EMP-0600,IT,"High-level strategy planning"
EMP-1031,Customer Support,"Sorting spreadsheets"
EMP-3391,Sales,"Copy-pasting emails into CRM"
EMP-0989,Sales,"Data entry from invoices"
EMP-0201,Sales,"Extracting numbers from PDFs"
EMP-2175,IT,"Data entry from invoices"
EMP-1017,Marketing,"Formatting reports"
EMP-3558,Marketing,"Data entry from invoices"
EMP-0989,Customer Support,"Sorting spreadsheets"
EMP-3037,Sales,"Negotiating a client contract"
EMP-3667,Customer Support,"Formatting reports"
EMP-0305,Marketing,"Scheduling calendar invites"
EMP-0383,Customer Support,"Data entry from invoices"
EMP-0013,Marketing,"Formatting reports"
EMP-1873,HR,"High-level strategy planning"
EMP-1443,HR,"Interviewing new candidates"
EMP-0664,IT,"Resolving employee conflict"
EMP-0960,IT,"High-level strategy planning"
EMP-2149,Sales,"Sorting spreadsheets"
EMP-0099,Customer Support,"Extracting numbers from PDFs"
EMP-1799,Sales,"Formatting reports"
EMP-0199,HR,"Resolving employee conflict"
EMP-3047,Sales,"Scheduling calendar invites"
EMP-1756,HR,"Copy-pasting emails into CRM"
EMP-1918,IT,"Resolving employee conflict"
EMP-1533,Marketing,"Scheduling calendar invites"
EMP-0893,Marketing,"Data entry from invoices"
EMP-2628,Sales,"Data entry from invoices"
EMP-2663,HR,"Resolving employee conflict"
EMP-2393,HR,"Designing a new brand logo"
EMP-1960,Customer Support,"Extracting numbers from PDFs"
EMP-1940,Marketing,"Extracting numbers from PDFs"
EMP-2385,IT,"Interviewing new candidates"
EMP-1654,Customer Support,"Extracting numbers from PDFs"
EMP-2346,HR,"Copy-pasting emails into CRM"
EMP-0733,Marketing,"Sorting spreadsheets"
EMP-0252,IT,"Designing a new brand logo"
EMP-0719,Sales,"Formatting reports"
EMP-3281,IT,"Interviewing new candidates"
EMP-1097,Customer Support,"Sorting spreadsheets"
EMP-1303,Sales,"Sorting spreadsheets"
EMP-3472,Customer Support,"Formatting reports"
EMP-2844,Customer Support,"Scheduling calendar invites"
EMP-0189,Customer Support,"Scheduling calendar invites"
EMP-1151,Customer Support,"Formatting reports"
EMP-2282,HR,"High-level strategy planning"
EMP-0740,IT,"Data entry from invoices"
EMP-2808,IT,"Negotiating a client contract"
EMP-1541,Sales,"Interviewing new candidates"
EMP-1475,IT,"Data entry from invoices"
EMP-1337,IT,"Copy-pasting emails into CRM"
EMP-2060,Marketing,"Sorting spreadsheets"
EMP-1959,HR,"High-level strategy planning"
EMP-2402,Sales,"Sorting spreadsheets"
EMP-1089,Customer Support,"Negotiating a client contract"
EMP-2569,Marketing,"Formatting reports"
EMP-0984,Customer Support,"Data entry from invoices"
EMP-3447,Sales,"Sorting spreadsheets"
EMP-1829,IT,"Leading a brainstorming session"
EMP-1334,Customer Support,"Formatting reports"
EMP-1990,Sales,"Formatting reports"
EMP-2561,Sales,"Sorting spreadsheets"
EMP-1888,Sales,"Data entry from invoices"
EMP-1570,HR,"Data entry from invoices"
EMP-0045,Marketing,"Scheduling calendar invites"
EMP-3242,Marketing,"Sorting spreadsheets"
EMP-1033,IT,"Data entry from invoices"
EMP-1645,HR,"Copy-pasting emails into CRM"
EMP-0251,Customer Support,"Sorting spreadsheets"
EMP-2444,Sales,"Negotiating a client contract"
EMP-0612,HR,"Designing a new brand logo"
EMP-3193,Marketing,"Negotiating a client contract"
EMP-1809,Customer Support,"Scheduling calendar invites"
EMP-0147,Customer Support,"Data entry from invoices"
EMP-0568,HR,"Leading a brainstorming session"
EMP-1599,Customer Support,"Extracting numbers from PDFs"
EMP-2816,Customer Support,"Data entry from invoices"
EMP-0954,Sales,"Negotiating a client contract"
EMP-2356,Sales,"Extracting numbers from PDFs"
EMP-2657,IT,"Resolving employee conflict"
EMP-3332,HR,"Data entry from invoices"
EMP-1052,HR,"Designing a new brand logo"
EMP-0611,Sales,"Formatting reports"
EMP-0026,Sales,"Extracting numbers from PDFs"
EMP-2184,Marketing,"Copy-pasting emails into CRM"
EMP-2506,HR,"High-level strategy planning"
EMP-3525,Customer Support,"Copy-pasting emails into CRM"
EMP-0969,Customer Support,"Scheduling calendar invites"
EMP-3118,IT,"Leading a brainstorming session"
EMP-1790,IT,"High-level strategy planning"
EMP-3691,Sales,"Formatting reports"
EMP-3670,Marketing,"Copy-pasting emails into CRM"
EMP-2154,HR,"Copy-pasting emails into CRM"
EMP-1793,Customer Support,"Extracting numbers from PDFs"
EMP-1702,Customer Support,"Sorting spreadsheets"
EMP-2119,Marketing,"Interviewing new candidates"
EMP-2940,IT,"High-level strategy planning"
EMP-1697,IT,"High-level strategy planning"
EMP-2701,Sales,"Data entry from invoices"
EMP-0853,HR,"Resolving employee conflict"
EMP-1121,Marketing,"Negotiating a client contract"
EMP-2499,IT,"Copy-pasting emails into CRM"
EMP-3437,HR,"Negotiating a client contract"
EMP-3567,HR,"Designing a new brand logo"
EMP-1800,Marketing,"Data entry from invoices"
EMP-2606,IT,"Leading a brainstorming session"
EMP-1385,HR,"Data entry from invoices"
EMP-0424,HR,"Designing a new brand logo"
EMP-1942,Marketing,"Scheduling calendar invites"
EMP-3211,Customer Support,"Formatting reports"
EMP-1069,Marketing,"Scheduling calendar invites"
EMP-1040,HR,"Interviewing new candidates"
EMP-2071,Sales,"Formatting reports"
EMP-1238,Marketing,"Data entry from invoices"
EMP-3976,IT,"Copy-pasting emails into CRM"
EMP-3717,Customer Support,"Data entry from invoices"
EMP-2333,IT,"Resolving employee conflict"
EMP-3897,HR,"Copy-pasting emails into CRM"
EMP-1944,Sales,"Data entry from invoices"
EMP-0311,Customer Support,"Formatting reports"
EMP-2119,Sales,"Interviewing new candidates"
EMP-1646,Customer Support,"Scheduling calendar invites"
EMP-1645,HR,"Data entry from invoices"
EMP-1354,Marketing,"Formatting reports"
EMP-3135,IT,"Resolving employee conflict"
EMP-1668,Sales,"Data entry from invoices"
EMP-0700,Customer Support,"Negotiating a client contract"
EMP-3477,Marketing,"Scheduling calendar invites"
EMP-3915,IT,"Copy-pasting emails into CRM"
EMP-3421,Sales,"Copy-pasting emails into CRM"
EMP-2331,Marketing,"Formatting reports"
EMP-0595,Sales,"Extracting numbers from PDFs"
EMP-1929,IT,"Data entry from invoices"
EMP-3384,Sales,"Interviewing new candidates"
EMP-2527,IT,"Designing a new brand logo"
EMP-1309,IT,"High-level strategy planning"
EMP-1757,Marketing,"Formatting reports"
EMP-3288,IT,"Data entry from invoices"
EMP-3776,HR,"Data entry from invoices"
EMP-0602,Marketing,"Scheduling calendar invites"
EMP-0631,Marketing,"Negotiating a client contract"
EMP-2949,Sales,"Scheduling calendar invites"
EMP-0829,Sales,"Sorting spreadsheets"
EMP-3615,Customer Support,"Scheduling calendar invites"
EMP-3910,Marketing,"Scheduling calendar invites"
EMP-1641,Marketing,"Scheduling calendar invites"
EMP-0168,Customer Support,"Copy-pasting emails into CRM"
EMP-1418,Sales,"Sorting spreadsheets"
EMP-2730,IT,"Copy-pasting emails into CRM"
EMP-0891,HR,"Negotiating a client contract"
EMP-2655,Marketing,"Data entry from invoices"
EMP-1235,Sales,"Sorting spreadsheets"
EMP-1044,HR,"Leading a brainstorming session"
EMP-2321,Sales,"Sorting spreadsheets"
EMP-1537,Marketing,"Copy-pasting emails into CRM"
EMP-1785,Sales,"Extracting numbers from PDFs"
EMP-1587,IT,"Leading a brainstorming session"
EMP-0762,Sales,"Extracting numbers from PDFs"
EMP-3756,Customer Support,"Data entry from invoices"
EMP-0375,Customer Support,"Sorting spreadsheets"
EMP-0599,Sales,"Extracting numbers from PDFs"
EMP-3058,Customer Support,"Formatting reports"
EMP-0991,Sales,"Formatting reports"
EMP-0955,IT,"Copy-pasting emails into CRM"
EMP-0059,Sales,"Extracting numbers from PDFs"
EMP-0251,HR,"Interviewing new candidates"
EMP-3575,Sales,"Data entry from invoices"
EMP-1618,Marketing,"Interviewing new candidates"
EMP-1470,Marketing,"Copy-pasting emails into CRM"
EMP-3224,Customer Support,"Interviewing new candidates"
EMP-0498,Sales,"Interviewing new candidates"
EMP-0884,Customer Support,"Sorting spreadsheets"
EMP-0664,Sales,"Scheduling calendar invites"
EMP-3368,HR,"Leading a brainstorming session"
EMP-2104,Marketing,"Formatting reports"
EMP-0272,IT,"Data entry from invoices"
EMP-3047,IT,"Negotiating a client contract"
EMP-3436,Sales,"Data entry from invoices"
EMP-0247,Sales,"Data entry from invoices"
EMP-1022,Sales,"Formatting reports"
EMP-3773,Customer Support,"Extracting numbers from PDFs"
EMP-0841,HR,"Negotiating a client contract"
EMP-0579,HR,"Interviewing new candidates"
EMP-0504,Sales,"Copy-pasting emails into CRM"
EMP-1087,Sales,"Formatting reports"
EMP-0472,Sales,"Data entry from invoices"
EMP-3381,IT,"Interviewing new candidates"
EMP-3667,HR,"Data entry from invoices"
EMP-3443,Sales,"Sorting spreadsheets"
EMP-0788,Marketing,"Data entry from invoices"
EMP-0312,HR,"Copy-pasting emails into CRM"
EMP-2067,Customer Support,"Formatting reports"
EMP-1732,Customer Support,"Formatting reports"
EMP-2449,Customer Support,"Scheduling calendar invites"
EMP-3857,Customer Support,"Sorting spreadsheets"
EMP-0569,Customer Support,"Sorting spreadsheets"
EMP-1609,HR,"Interviewing new candidates"
EMP-3192,Marketing,"Formatting reports"
EMP-1276,Marketing,"Copy-pasting emails into CRM"
EMP-0999,HR,"Leading a brainstorming session"
EMP-2841,Customer Support,"Formatting reports"
EMP-3722,Marketing,"Negotiating a client contract"
EMP-2596,Sales,"Formatting reports"
EMP-3798,Marketing,"Data entry from invoices"
EMP-1849,HR,"High-level strategy planning"
EMP-3767,HR,"Data entry from invoices"
EMP-0158,HR,"Copy-pasting emails into CRM"
EMP-2767,Sales,"Sorting spreadsheets"
EMP-1695,IT,"Data entry from invoices"
EMP-3263,Customer Support,"Sorting spreadsheets"
EMP-3222,IT,"Interviewing new candidates"
EMP-0776,Sales,"Formatting reports"
EMP-1467,Customer Support,"Extracting numbers from PDFs"
EMP-0211,IT,"Resolving employee conflict"
EMP-1998,Customer Support,"Formatting reports"
EMP-2221,Marketing,"Sorting spreadsheets"
EMP-1389,HR,"High-level strategy planning"
EMP-2805,Sales,"Scheduling calendar invites"
EMP-0998,Sales,"Interviewing new candidates"
EMP-2763,Marketing,"Negotiating a client contract"
EMP-0121,Marketing,"Extracting numbers from PDFs"
EMP-1720,Sales,"Negotiating a client contract"
EMP-0189,Marketing,"Copy-pasting emails into CRM"
EMP-2335,Sales,"Formatting reports"
EMP-2677,IT,"Data entry from invoices"
EMP-2671,Customer Support,"Copy-pasting emails into CRM"
EMP-0431,Marketing,"Negotiating a client contract"
EMP-0394,Sales,"Negotiating a client contract"
EMP-2139,IT,"Data entry from invoices"
EMP-2678,Marketing,"Formatting reports"
EMP-3666,IT,"Negotiating a client contract"
EMP-1578,IT,"High-level strategy planning"
EMP-0169,Customer Support,"Copy-pasting emails into CRM"
EMP-1264,Marketing,"Data entry from invoices"
EMP-2691,HR,"Data entry from invoices"
EMP-2052,Customer Support,"Extracting numbers from PDFs"
EMP-0410,Sales,"Scheduling calendar invites"
EMP-2140,Customer Support,"Extracting numbers from PDFs"
EMP-3717,HR,"Leading a brainstorming session"
EMP-2514,Sales,"Sorting spreadsheets"
EMP-1589,Customer Support,"Copy-pasting emails into CRM"
EMP-2905,Sales,"Data entry from invoices"
EMP-2681,HR,"Interviewing new candidates"
EMP-1980,Marketing,"Formatting reports"
EMP-3577,IT,"Copy-pasting emails into CRM"
EMP-2768,Customer Support,"Data entry from invoices"
EMP-1072,Sales,"Interviewing new candidates"
EMP-1748,Sales,"Scheduling calendar invites"
EMP-1741,Sales,"Data entry from invoices"
EMP-1128,Marketing,"Sorting spreadsheets"
EMP-1717,Marketing,"Formatting reports"
EMP-3304,Marketing,"Interviewing new candidates"
EMP-0744,IT,"Negotiating a client contract"
EMP-0118,Customer Support,"Copy-pasting emails into CRM"
EMP-1168,Customer Support,"Extracting numbers from PDFs"
EMP-1505,Marketing,"Extracting numbers from PDFs"
EMP-0077,IT,"Copy-pasting emails into CRM"
EMP-0561,HR,"Interviewing new candidates"
EMP-2175,HR,"Interviewing new candidates"
EMP-3206,HR,"Interviewing new candidates"
EMP-0592,HR,"Leading a brainstorming session"
EMP-0238,Sales,"Negotiating a client contract"
EMP-0438,Customer Support,"Extracting numbers from PDFs"
EMP-3589,HR,"High-level strategy planning"
EMP-2540,HR,"Leading a brainstorming session"
EMP-2417,Marketing,"Sorting spreadsheets"
EMP-0204,Sales,"Negotiating a client contract"
EMP-1327,IT,"Data entry from invoices"
EMP-3455,Marketing,"Extracting numbers from PDFs"
EMP-0382,Sales,"Sorting spreadsheets"
EMP-3288,Sales,"Data entry from invoices"
EMP-1379,IT,"Interviewing new candidates"
EMP-0459,Marketing,"Interviewing new candidates"
EMP-2082,HR,"Resolving employee conflict"
EMP-3435,Customer Support,"Copy-pasting emails into CRM"
EMP-3516,Sales,"Sorting spreadsheets"
EMP-3096,HR,"Copy-pasting emails into CRM"
EMP-3778,IT,"Interviewing new candidates"
EMP-0513,Marketing,"Negotiating a client contract"
EMP-0867,Sales,"Interviewing new candidates"
EMP-2473,Sales,"Data entry from invoices"
EMP-0696,HR,"High-level strategy planning"
EMP-3202,IT,"Copy-pasting emails into CRM"
EMP-2429,HR,"Negotiating a client contract"
EMP-0654,Sales,"Interviewing new candidates"
EMP-2760,IT,"Data entry from invoices"
EMP-2734,Customer Support,"Copy-pasting emails into CRM"
EMP-1414,Customer Support,"Sorting spreadsheets"
EMP-3881,Marketing,"Scheduling calendar invites"
EMP-1632,Customer Support,"Copy-pasting emails into CRM"
EMP-1471,HR,"Data entry from invoices"
EMP-0700,Marketing,"Negotiating a client contract"
EMP-2691,Marketing,"Interviewing new candidates"
EMP-0458,HR,"Interviewing new candidates"
EMP-0779,Customer Support,"Extracting numbers from PDFs"
EMP-1559,IT,"Negotiating a client contract"
EMP-1835,Sales,"Data entry from invoices"
EMP-3087,IT,"Resolving employee conflict"
EMP-3082,Sales,"Data entry from invoices"
EMP-1211,Marketing,"Interviewing new candidates"
EMP-1264,Customer Support,"Copy-pasting emails into CRM"
EMP-3391,IT,"Leading a brainstorming session"
EMP-2999,Customer Support,"Scheduling calendar invites"
EMP-1520,Marketing,"Formatting reports"
EMP-2854,Customer Support,"Scheduling calendar invites"
EMP-2573,Marketing,"Negotiating a client contract"
EMP-0961,HR,"Data entry from invoices"
EMP-0089,IT,"High-level strategy planning"
EMP-0250,Sales,"Negotiating a client contract"
EMP-2708,Sales,"Data entry from invoices"
EMP-1592,HR,"Resolving employee conflict"
EMP-3799,Marketing,"Interviewing new candidates"
EMP-2787,Sales,"Copy-pasting emails into CRM"
EMP-1872,Marketing,"Copy-pasting emails into CRM"
EMP-0853,IT,"Copy-pasting emails into CRM"
EMP-2594,Sales,"Extracting numbers from PDFs"
EMP-1571,HR,"Resolving employee conflict"
EMP-1756,HR,"Data entry from invoices"
EMP-0913,Marketing,"Scheduling calendar invites"
EMP-0063,Sales,"Data entry from invoices"
EMP-0109,HR,"Leading a brainstorming session"
EMP-1461,IT,"Resolving employee conflict"
EMP-3662,IT,"Leading a brainstorming session"
EMP-2091,Marketing,"Scheduling calendar invites"
EMP-3571,Sales,"Scheduling calendar invites"
EMP-0562,Customer Support,"Extracting numbers from PDFs"
EMP-2224,Marketing,"Scheduling calendar invites"
EMP-0386,HR,"High-level strategy planning"
EMP-2140,Sales,"Negotiating a client contract"
EMP-1617,HR,"Leading a brainstorming session"
EMP-2311,Customer Support,"Sorting spreadsheets"
EMP-3484,Customer Support,"Sorting spreadsheets"
EMP-2546,Sales,"Copy-pasting emails into CRM"
EMP-2103,IT,"Interviewing new candidates"
EMP-2789,Customer Support,"Interviewing new candidates"
EMP-0067,HR,"High-level strategy planning"
EMP-0771,Marketing,"Sorting spreadsheets"
EMP-0340,Customer Support,"Extracting numbers from PDFs"
EMP-2508,Customer Support,"Copy-pasting emails into CRM"
EMP-3326,Marketing,"Negotiating a client contract"
EMP-2570,IT,"Designing a new brand logo"
EMP-3495,Customer Support,"Scheduling calendar invites"
EMP-2449,Marketing,"Scheduling calendar invites"
EMP-1264,IT,"Resolving employee conflict"
EMP-3815,Sales,"Scheduling calendar invites"
EMP-3124,Sales,"Formatting reports"
EMP-2784,HR,"Leading a brainstorming session"
EMP-2250,Customer Support,"Formatting reports"
EMP-3430,Customer Support,"Scheduling calendar invites"
EMP-3794,IT,"Negotiating a client contract"
EMP-0782,Sales,"Copy-pasting emails into CRM"
EMP-3285,Customer Support,"Sorting spreadsheets"
EMP-0026,Marketing,"Formatting reports"
EMP-1542,HR,"Data entry from invoices"
EMP-2134,Marketing,"Formatting reports"
EMP-0566,HR,"Copy-pasting emails into CRM"
EMP-1946,HR,"Data entry from invoices"
EMP-0202,Marketing,"Copy-pasting emails into CRM"
EMP-2297,HR,"Leading a brainstorming session"
EMP-2827,HR,"High-level strategy planning"
EMP-0598,IT,"Data entry from invoices"
EMP-1956,IT,"High-level strategy planning"
EMP-3306,Marketing,"Formatting reports"
EMP-2658,Customer Support,"Copy-pasting emails into CRM"
EMP-0340,HR,"Copy-pasting emails into CRM"
EMP-2502,Sales,"Formatting reports"
EMP-3598,Customer Support,"Scheduling calendar invites"
EMP-0316,Sales,"Copy-pasting emails into CRM"
EMP-3472,HR,"Interviewing new candidates"
EMP-0432,HR,"Data entry from invoices"
EMP-1753,Marketing,"Copy-pasting emails into CRM"
EMP-1232,HR,"Designing a new brand logo"
EMP-1297,Marketing,"Data entry from invoices"
EMP-0120,Marketing,"Extracting numbers from PDFs"
EMP-3871,Customer Support,"Scheduling calendar invites"
EMP-3908,Marketing,"Extracting numbers from PDFs"
EMP-2392,IT,"Resolving employee conflict"
EMP-1619,Sales,"Data entry from invoices"
EMP-0395,HR,"Designing a new brand logo"
EMP-2007,Marketing,"Sorting spreadsheets"
EMP-3839,IT,"Data entry from invoices"
EMP-0163,IT,"Interviewing new candidates"
EMP-2829,IT,"Interviewing new candidates"
EMP-0544,Sales,"Interviewing new candidates"
EMP-3754,Sales,"Extracting numbers from PDFs"
EMP-2800,Customer Support,"Scheduling calendar invites"
EMP-1196,IT,"Data entry from invoices"
EMP-3374,Customer Support,"Negotiating a client contract"
EMP-2329,HR,"Leading a brainstorming session"
EMP-2650,HR,"High-level strategy planning"
EMP-1829,HR,"High-level strategy planning"
EMP-2046,Marketing,"Copy-pasting emails into CRM"
EMP-2078,HR,"Leading a brainstorming session"
EMP-3656,Sales,"Interviewing new candidates"
EMP-0781,IT,"Interviewing new candidates"
EMP-2098,Sales,"Scheduling calendar invites"
EMP-1811,Customer Support,"Interviewing new candidates"
EMP-3648,Marketing,"Sorting spreadsheets"
EMP-0028,Customer Support,"Copy-pasting emails into CRM"
EMP-0340,HR,"Copy-pasting emails into CRM"
EMP-3254,Sales,"Copy-pasting emails into CRM"
EMP-3973,HR,"High-level strategy planning"
EMP-1988,Customer Support,"Copy-pasting emails into CRM"
EMP-0126,IT,"Resolving employee conflict"
EMP-2902,Marketing,"Sorting spreadsheets"
EMP-2481,IT,"High-level strategy planning"
EMP-0278,Marketing,"Copy-pasting emails into CRM"
EMP-2636,IT,"High-level strategy planning"
EMP-0578,IT,"Interviewing new candidates"
EMP-1901,Sales,"Extracting numbers from PDFs"
EMP-2005,HR,"Copy-pasting emails into CRM"
EMP-2261,IT,"Data entry from invoices"
EMP-2441,IT,"Designing a new brand logo"
EMP-1440,IT,"Designing a new brand logo"
EMP-0705,IT,"Interviewing new candidates"
EMP-0467,Customer Support,"Negotiating a client contract"
EMP-0457,Sales,"Sorting spreadsheets"
EMP-0618,Marketing,"Sorting spreadsheets"
EMP-3538,IT,"Negotiating a client contract"
EMP-3344,Marketing,"Negotiating a client contract"
EMP-2545,Sales,"Formatting reports"
EMP-2833,HR,"Copy-pasting emails into CRM"
EMP-2169,Customer Support,"Formatting reports"
EMP-3888,HR,"Interviewing new candidates"
EMP-2564,IT,"Interviewing new candidates"
EMP-2266,Marketing,"Sorting spreadsheets"
EMP-3645,Marketing,"Scheduling calendar invites"
EMP-1471,HR,"Resolving employee conflict"
EMP-3555,HR,"Negotiating a client contract"
EMP-0036,Customer Support,"Sorting spreadsheets"
EMP-1855,Sales,"Sorting spreadsheets"
EMP-3766,IT,"Designing a new brand logo"
EMP-3282,Marketing,"Data entry from invoices"
EMP-2385,IT,"Designing a new brand logo"
EMP-3878,Marketing,"Sorting spreadsheets"
EMP-1583,IT,"Copy-pasting emails into CRM"
EMP-3850,Marketing,"Sorting spreadsheets"
EMP-3907,Marketing,"Scheduling calendar invites"
EMP-3358,Marketing,"Scheduling calendar invites"
EMP-1108,Marketing,"Interviewing new candidates"
EMP-2695,Customer Support,"Scheduling calendar invites"
EMP-1766,Marketing,"Extracting numbers from PDFs"
EMP-2217,IT,"Resolving employee conflict"
EMP-1175,Marketing,"Interviewing new candidates"
EMP-1276,Customer Support,"Scheduling calendar invites"
EMP-3077,HR,"Leading a brainstorming session"
EMP-3660,HR,"Resolving employee conflict"
EMP-3307,IT,"Resolving employee conflict"
EMP-0719,Marketing,"Formatting reports"
EMP-1118,Customer Support,"Sorting spreadsheets"
EMP-3591,Customer Support,"Negotiating a client contract"
EMP-3083,Marketing,"Scheduling calendar invites"
EMP-1448,Marketing,"Interviewing new candidates"
EMP-1915,Customer Support,"Copy-pasting emails into CRM"
EMP-3459,Sales,"Formatting reports"
EMP-1767,Sales,"Extracting numbers from PDFs"
EMP-1844,Marketing,"Extracting numbers from PDFs"
EMP-0162,Customer Support,"Sorting spreadsheets"
EMP-0423,Marketing,"Sorting spreadsheets"
EMP-1522,Marketing,"Scheduling calendar invites"
EMP-2936,HR,"Copy-pasting emails into CRM"
EMP-0300,Marketing,"Interviewing new candidates"
EMP-2658,Customer Support,"Interviewing new candidates"
EMP-1980,Sales,"Sorting spreadsheets"
EMP-0442,Customer Support,"Sorting spreadsheets"
EMP-3537,Sales,"Interviewing new candidates"
EMP-1798,HR,"Data entry from invoices"
EMP-0179,Customer Support,"Scheduling calendar invites"
EMP-2607,Marketing,"Sorting spreadsheets"
EMP-0483,Customer Support,"Extracting numbers from PDFs"
EMP-0941,IT,"Leading a brainstorming session"
EMP-1138,Sales,"Sorting spreadsheets"
EMP-1400,Customer Support,"Formatting reports"
EMP-2496,Marketing,"Sorting spreadsheets"
EMP-3547,Customer Support,"Interviewing new candidates"
EMP-1195,HR,"Data entry from invoices"
EMP-0884,IT,"Copy-pasting emails into CRM"
EMP-3803,Marketing,"Scheduling calendar invites"
EMP-2347,HR,"Data entry from invoices"
EMP-0105,Customer Support,"Formatting reports"
EMP-1464,Sales,"Negotiating a client contract"
EMP-0921,HR,"Interviewing new candidates"
EMP-1192,Sales,"Extracting numbers from PDFs"
EMP-0809,HR,"Interviewing new candidates"
EMP-1928,IT,"Leading a brainstorming session"
EMP-3516,HR,"Resolving employee conflict"
EMP-0924,Customer Support,"Sorting spreadsheets"
EMP-2921,Customer Support,"Extracting numbers from PDFs"
EMP-3414,Sales,"Formatting reports"
EMP-1254,IT,"High-level strategy planning"
EMP-2900,IT,"Designing a new brand logo"
EMP-3715,HR,"Interviewing new candidates"
EMP-2501,Sales,"Data entry from invoices"
EMP-2956,Customer Support,"Data entry from invoices"
EMP-0088,Marketing,"Copy-pasting emails into CRM"
EMP-1002,Customer Support,"Sorting spreadsheets"
EMP-3580,Customer Support,"Sorting spreadsheets"
EMP-1967,Marketing,"Data entry from invoices"
EMP-3945,Sales,"Scheduling calendar invites"
EMP-0205,IT,"Resolving employee conflict"
EMP-1131,Marketing,"Copy-pasting emails into CRM"
EMP-1190,IT,"High-level strategy planning"
EMP-0543,HR,"High-level strategy planning"
EMP-1372,IT,"Interviewing new candidates"
EMP-3596,HR,"Copy-pasting emails into CRM"
EMP-3352,HR,"Designing a new brand logo"
EMP-0430,Marketing,"Extracting numbers from PDFs"
EMP-0201,HR,"Resolving employee conflict"
EMP-0199,IT,"High-level strategy planning"
EMP-1284,Marketing,"Negotiating a client contract"
EMP-0609,Marketing,"Extracting numbers from PDFs"
EMP-1439,HR,"Resolving employee conflict"
EMP-0287,HR,"Resolving employee conflict"
EMP-0268,HR,"Negotiating a client contract"
EMP-2609,Marketing,"Data entry from invoices"
EMP-1486,Sales,"Copy-pasting emails into CRM"
EMP-1665,IT,"Copy-pasting emails into CRM"
EMP-0430,HR,"Leading a brainstorming session"
EMP-1669,Marketing,"Data entry from invoices"
EMP-2777,Customer Support,"Sorting spreadsheets"
EMP-1649,IT,"Interviewing new candidates"
EMP-0007,Customer Support,"Sorting spreadsheets"
EMP-3774,Customer Support,"Data entry from invoices"
EMP-2532,Sales,"Sorting spreadsheets"
EMP-0332,Sales,"Formatting reports"
EMP-0609,IT,"Interviewing new candidates"
EMP-1608,Customer Support,"Extracting numbers from PDFs"
EMP-0807,IT,"Interviewing new candidates"
EMP-3286,HR,"Data entry from invoices"
EMP-3301,Sales,"Sorting spreadsheets"
EMP-1802,Marketing,"Negotiating a client contract"
EMP-0129,IT,"Copy-pasting emails into CRM"
EMP-0514,Sales,"Scheduling calendar invites"
EMP-1605,IT,"Interviewing new candidates"
EMP-0058,Marketing,"Data entry from invoices"
EMP-2793,HR,"Copy-pasting emails into CRM"
EMP-1410,IT,"Copy-pasting emails into CRM"
EMP-2358,Customer Support,"Data entry from invoices"
EMP-3060,Customer Support,"Copy-pasting emails into CRM"
EMP-0637,HR,"Data entry from invoices"
EMP-1771,IT,"High-level strategy planning"
EMP-3986,Sales,"Formatting reports"
EMP-2222,Customer Support,"Copy-pasting emails into CRM"
EMP-0543,HR,"Interviewing new candidates"
EMP-1465,IT,"Copy-pasting emails into CRM"
EMP-2900,Sales,"Scheduling calendar invites"
EMP-3595,Customer Support,"Interviewing new candidates"
EMP-0080,HR,"Data entry from invoices"
EMP-3457,HR,"Data entry from invoices"
EMP-2560,Sales,"Sorting spreadsheets"
EMP-0112,Customer Support,"Data entry from invoices"
EMP-1327,Marketing,"Interviewing new candidates"
EMP-3227,IT,"Leading a brainstorming session"
EMP-2271,HR,"Resolving employee conflict"
EMP-0598,Marketing,"Data entry from invoices"
EMP-0139,Sales,"Extracting numbers from PDFs"
EMP-0098,IT,"Copy-pasting emails into CRM"
EMP-1526,HR,"Resolving employee conflict"
EMP-1920,Marketing,"Copy-pasting emails into CRM"
EMP-1305,HR,"Copy-pasting emails into CRM"
EMP-1506,Marketing,"Scheduling calendar invites"
EMP-0120,IT,"Resolving employee conflict"
EMP-0287,HR,"Data entry from invoices"
EMP-0860,Sales,"Scheduling calendar invites"
EMP-2505,IT,"Resolving employee conflict"
EMP-2192,IT,"Interviewing new candidates"
EMP-2842,Customer Support,"Interviewing new candidates"
EMP-2395,Marketing,"Scheduling calendar invites"
EMP-0810,IT,"Resolving employee conflict"
EMP-3854,Marketing,"Scheduling calendar invites"
EMP-0386,IT,"Interviewing new candidates"
EMP-1334,IT,"Data entry from invoices"
EMP-0011,Sales,"Extracting numbers from PDFs"
EMP-3801,Customer Support,"Negotiating a client contract"
EMP-3823,Sales,"Interviewing new candidates"
EMP-2959,Sales,"Scheduling calendar invites"
EMP-1315,Customer Support,"Extracting numbers from PDFs"
EMP-2305,Marketing,"Scheduling calendar invites"
EMP-0422,HR,"High-level strategy planning"
EMP-3836,HR,"Copy-pasting emails into CRM"
EMP-0876,Marketing,"Formatting reports"
EMP-2939,Sales,"Negotiating a client contract"
EMP-3361,HR,"Leading a brainstorming session"
EMP-2090,Marketing,"Extracting numbers from PDFs"
EMP-2156,HR,"Negotiating a client contract"
EMP-3858,Marketing,"Scheduling calendar invites"
EMP-0163,HR,"Designing a new brand logo"
EMP-1710,Customer Support,"Data entry from invoices"
EMP-2771,HR,"Data entry from invoices"
EMP-2861,Sales,"Formatting reports"
EMP-3906,IT,"Negotiating a client contract"
EMP-2977,Sales,"Extracting numbers from PDFs"
EMP-1962,Customer Support,"Formatting reports"
EMP-2284,HR,"Leading a brainstorming session"
EMP-0062,IT,"Negotiating a client contract"
EMP-1279,HR,"Data entry from invoices"
EMP-1346,Marketing,"Data entry from invoices"
EMP-2636,Customer Support,"Extracting numbers from PDFs"
EMP-2769,Marketing,"Formatting reports"
EMP-2557,IT,"Designing a new brand logo"
EMP-2222,IT,"Copy-pasting emails into CRM"
EMP-0747,HR,"Data entry from invoices"
EMP-3621,HR,"Negotiating a client contract"
EMP-2355,Sales,"Copy-pasting emails into CRM"
EMP-2356,Sales,"Extracting numbers from PDFs"
EMP-0907,Sales,"Formatting reports"
EMP-1495,Marketing,"Interviewing new candidates"
EMP-1903,Marketing,"Extracting numbers from PDFs"
EMP-0357,IT,"Resolving employee conflict"
EMP-2363,HR,"Designing a new brand logo"
EMP-0102,IT,"Data entry from invoices"
EMP-2088,HR,"High-level strategy planning"
EMP-2405,Sales,"Formatting reports"
EMP-3562,HR,"Interviewing new candidates"
EMP-0012,IT,"Negotiating a client contract"
EMP-0766,HR,"Data entry from invoices"
EMP-2372,IT,"Leading a brainstorming session"
EMP-2890,Sales,"Scheduling calendar invites"
EMP-2760,Sales,"Copy-pasting emails into CRM"
EMP-1532,HR,"Interviewing new candidates"
EMP-2116,Customer Support,"Data entry from invoices"
EMP-2416,Customer Support,"Scheduling calendar invites"
EMP-0787,IT,"High-level strategy planning"
EMP-2100,HR,"Interviewing new candidates"
EMP-0674,HR,"Resolving employee conflict"
EMP-2684,Marketing,"Sorting spreadsheets"
EMP-0478,Marketing,"Interviewing new candidates"
EMP-2031,Customer Support,"Copy-pasting emails into CRM"
EMP-0070,HR,"Resolving employee conflict"
EMP-2223,Customer Support,"Extracting numbers from PDFs"
EMP-0489,Sales,"Formatting reports"
EMP-1589,HR,"Designing a new brand logo"
EMP-3688,HR,"Copy-pasting emails into CRM"
EMP-0070,Sales,"Copy-pasting emails into CRM"
EMP-0320,HR,"Designing a new brand logo"
EMP-3422,Customer Support,"Negotiating a client contract"
EMP-1497,Sales,"Data entry from invoices"
EMP-2251,HR,"Designing a new brand logo"
EMP-2087,Sales,"Extracting numbers from PDFs"
EMP-1407,HR,"High-level strategy planning"
EMP-1143,Customer Support,"Extracting numbers from PDFs"
EMP-3983,Customer Support,"Negotiating a client contract"
EMP-0744,IT,"Designing a new brand logo"
EMP-1755,Sales,"Data entry from invoices"
EMP-1394,HR,"Data entry from invoices"
EMP-0510,HR,"Resolving employee conflict"
EMP-0608,HR,"Data entry from invoices"
EMP-3030,IT,"Data entry from invoices"
EMP-3832,Marketing,"Negotiating a client contract"
EMP-0428,IT,"Negotiating a client contract"
EMP-3002,HR,"Negotiating a client contract"
EMP-0032,Sales,"Scheduling calendar invites"
EMP-1235,IT,"Leading a brainstorming session"
EMP-0673,IT,"Designing a new brand logo"
EMP-1908,Sales,"Scheduling calendar invites"
EMP-1855,Sales,"Interviewing new candidates"
EMP-2312,HR,"Interviewing new candidates"
EMP-2146,IT,"Negotiating a client contract"
EMP-2501,Marketing,"Scheduling calendar invites"
EMP-0763,IT,"Copy-pasting emails into CRM"
EMP-1247,Customer Support,"Copy-pasting emails into CRM"
EMP-3520,HR,"Resolving employee conflict"
EMP-0945,Marketing,"Copy-pasting emails into CRM"
EMP-3230,Customer Support,"Formatting reports"
EMP-3654,Marketing,"Sorting spreadsheets"
EMP-1288,HR,"Leading a brainstorming session"
EMP-1302,Customer Support,"Interviewing new candidates"
EMP-1984,Customer Support,"Extracting numbers from PDFs"
EMP-0559,Customer Support,"Interviewing new candidates"
EMP-2783,IT,"Designing a new brand logo"
EMP-3341,HR,"Interviewing new candidates"
EMP-2251,Sales,"Data entry from invoices"
EMP-2530,IT,"Designing a new brand logo"
EMP-0974,IT,"Copy-pasting emails into CRM"
EMP-0334,HR,"Leading a brainstorming session"
EMP-1510,Marketing,"Sorting spreadsheets"
EMP-2628,Sales,"Scheduling calendar invites"
EMP-1600,Marketing,"Data entry from invoices"
EMP-0770,IT,"Designing a new brand logo"
EMP-3037,Marketing,"Negotiating a client contract"
EMP-2960,Marketing,"Formatting reports"
EMP-2716,Marketing,"Scheduling calendar invites"
EMP-2346,HR,"High-level strategy planning"
EMP-2132,Sales,"Formatting reports"
EMP-3866,Customer Support,"Sorting spreadsheets"
EMP-3866,HR,"Negotiating a client contract"
EMP-1918,Sales,"Data entry from invoices"
EMP-1566,Marketing,"Sorting spreadsheets"
EMP-1727,Sales,"Data entry from invoices"
EMP-0832,Marketing,"Sorting spreadsheets"
EMP-3432,HR,"Interviewing new candidates"
EMP-0602,Marketing,"Formatting reports"
EMP-1527,Customer Support,"Negotiating a client contract"
EMP-2001,IT,"Data entry from invoices"
EMP-1361,IT,"Copy-pasting emails into CRM"
EMP-0113,IT,"Resolving employee conflict"
EMP-0124,HR,"Resolving employee conflict"
EMP-1359,IT,"Copy-pasting emails into CRM"
EMP-3755,IT,"High-level strategy planning"
EMP-3885,Customer Support,"Formatting reports"
EMP-0858,IT,"Designing a new brand logo"
EMP-1204,IT,"Data entry from invoices"
EMP-0994,IT,"Data entry from invoices"
EMP-0951,HR,"Copy-pasting emails into CRM"
EMP-1985,HR,"Leading a brainstorming session"
EMP-1077,Marketing,"Data entry from invoices"
EMP-1809,IT,"Designing a new brand logo"
EMP-2123,IT,"High-level strategy planning"
EMP-3427,Sales,"Negotiating a client contract"
EMP-3556,HR,"Leading a brainstorming session"
EMP-1893,Sales,"Copy-pasting emails into CRM"
EMP-1395,IT,"Interviewing new candidates"
EMP-3093,Sales,"Negotiating a client contract"
EMP-1318,Marketing,"Negotiating a client contract"
EMP-1445,Customer Support,"Copy-pasting emails into CRM"
EMP-1898,Customer Support,"Copy-pasting emails into CRM"
EMP-1104,Sales,"Scheduling calendar invites"
EMP-1669,HR,"Copy-pasting emails into CRM"
EMP-0390,Sales,"Interviewing new candidates"
EMP-1253,Sales,"Copy-pasting emails into CRM"
EMP-1813,HR,"Designing a new brand logo"
EMP-0246,IT,"Resolving employee conflict"
EMP-2743,Marketing,"Copy-pasting emails into CRM"
EMP-1082,Customer Support,"Scheduling calendar invites"
EMP-0690,HR,"Interviewing new candidates"
EMP-2266,Marketing,"Interviewing new candidates"
EMP-2113,Marketing,"Interviewing new candidates"
EMP-1909,IT,"High-level strategy planning"
EMP-0300,Customer Support,"Data entry from invoices"
EMP-2406,Sales,"Formatting reports"
EMP-2581,Customer Support,"Extracting numbers from PDFs"
EMP-3707,Customer Support,"Formatting reports"
EMP-1144,Marketing,"Formatting reports"
EMP-1659,Sales,"Extracting numbers from PDFs"
EMP-2502,Customer Support,"Negotiating a client contract"
EMP-3003,Sales,"Sorting spreadsheets"
EMP-0797,IT,"Designing a new brand logo"
EMP-0206,Customer Support,"Scheduling calendar invites"
EMP-0664,Customer Support,"Data entry from invoices"
EMP-0474,Marketing,"Interviewing new candidates"
EMP-0282,Customer Support,"Negotiating a client contract"
EMP-0871,Sales,"Data entry from invoices"
EMP-3439,Marketing,"Sorting spreadsheets"
EMP-1910,Customer Support,"Interviewing new candidates"
EMP-1053,HR,"Designing a new brand logo"
EMP-0416,IT,"Resolving employee conflict"
EMP-2753,Marketing,"Copy-pasting emails into CRM"
EMP-3794,Marketing,"Interviewing new candidates"
EMP-3601,Customer Support,"Copy-pasting emails into CRM"
EMP-0483,Customer Support,"Sorting spreadsheets"
EMP-0551,Marketing,"Extracting numbers from PDFs"
EMP-3871,IT,"Copy-pasting emails into CRM"
EMP-2562,HR,"Data entry from invoices"
EMP-1420,Sales,"Extracting numbers from PDFs"
EMP-0925,Customer Support,"Sorting spreadsheets"
EMP-0931,Sales,"Formatting reports"
EMP-0159,Marketing,"Interviewing new candidates"
EMP-3494,HR,"Interviewing new candidates"
EMP-3035,Sales,"Sorting spreadsheets"
EMP-2272,HR,"Leading a brainstorming session"
EMP-0025,Marketing,"Data entry from invoices"
EMP-0944,Sales,"Data entry from invoices"
EMP-2205,IT,"Designing a new brand logo"
EMP-2893,Customer Support,"Extracting numbers from PDFs"
EMP-3365,Customer Support,"Sorting spreadsheets"
EMP-3767,Sales,"Negotiating a client contract"
EMP-2897,IT,"Interviewing new candidates"
EMP-3712,Customer Support,"Data entry from invoices"
EMP-1983,Marketing,"Formatting reports"
EMP-0932,IT,"Data entry from invoices"
EMP-1937,IT,"Resolving employee conflict"
EMP-2738,Customer Support,"Data entry from invoices"
EMP-3684,IT,"High-level strategy planning"
EMP-3414,Customer Support,"Formatting reports"
EMP-1305,Sales,"Data entry from invoices"
EMP-1117,Customer Support,"Scheduling calendar invites"
EMP-0225,HR,"Interviewing new candidates"
EMP-1401,Sales,"Sorting spreadsheets"
EMP-0164,Marketing,"Interviewing new candidates"
EMP-1045,Customer Support,"Extracting numbers from PDFs"
EMP-1089,HR,"Data entry from invoices"
EMP-3385,HR,"Negotiating a client contract"
EMP-2833,Customer Support,"Negotiating a client contract"
EMP-2439,IT,"Interviewing new candidates"
EMP-2878,Marketing,"Scheduling calendar invites"
EMP-0747,Sales,"Copy-pasting emails into CRM"
EMP-0806,Customer Support,"Extracting numbers from PDFs"
EMP-0120,Marketing,"Extracting numbers from PDFs"
EMP-3964,IT,"High-level strategy planning"
EMP-3261,IT,"High-level strategy planning"
EMP-1973,Customer Support,"Sorting spreadsheets"
EMP-0192,HR,"Interviewing new candidates"
EMP-2771,Marketing,"Interviewing new candidates"
EMP-0870,Customer Support,"Copy-pasting emails into CRM"
EMP-3117,Sales,"Copy-pasting emails into CRM"
EMP-2583,HR,"Resolving employee conflict"
EMP-0657,HR,"Designing a new brand logo"
EMP-2950,IT,"Copy-pasting emails into CRM"
EMP-0497,HR,"Data entry from invoices"
EMP-3385,Customer Support,"Scheduling calendar invites"
EMP-0944,Sales,"Negotiating a client contract"
EMP-1732,HR,"Interviewing new candidates"
EMP-3724,HR,"Designing a new brand logo"
EMP-1437,Customer Support,"Copy-pasting emails into CRM"
EMP-2857,HR,"Copy-pasting emails into CRM"
EMP-2014,IT,"Copy-pasting emails into CRM"
EMP-2962,Marketing,"Scheduling calendar invites"
EMP-0147,HR,"Interviewing new candidates"
EMP-1770,Sales,"Negotiating a client contract"
EMP-3698,Marketing,"Formatting reports"
EMP-1227,Sales,"Scheduling calendar invites"
EMP-0525,IT,"Leading a brainstorming session"
EMP-3595,Sales,"Copy-pasting emails into CRM"
EMP-1700,Marketing,"Extracting numbers from PDFs"
EMP-2426,IT,"High-level strategy planning"
EMP-1457,Marketing,"Data entry from invoices"
EMP-0527,IT,"Interviewing new candidates"
EMP-0120,IT,"High-level strategy planning"
EMP-0149,Sales,"Copy-pasting emails into CRM"
EMP-0310,HR,"Data entry from invoices"
EMP-2328,IT,"High-level strategy planning"
EMP-1504,Customer Support,"Extracting numbers from PDFs"
EMP-0553,HR,"Interviewing new candidates"
EMP-0169,IT,"Resolving employee conflict"
EMP-3402,HR,"Interviewing new candidates"
EMP-0246,IT,"Negotiating a client contract"
EMP-3473,Customer Support,"Interviewing new candidates"
EMP-0500,HR,"High-level strategy planning"
EMP-2268,Marketing,"Data entry from invoices"
EMP-2435,Customer Support,"Data entry from invoices"
EMP-3395,Customer Support,"Sorting spreadsheets"
EMP-3802,IT,"Copy-pasting emails into CRM"
EMP-1194,Marketing,"Negotiating a client contract"
EMP-2040,Marketing,"Sorting spreadsheets"
EMP-2356,Sales,"Formatting reports"
EMP-2120,IT,"Negotiating a client contract"
EMP-0509,Customer Support,"Copy-pasting emails into CRM"
EMP-3126,Marketing,"Extracting numbers from PDFs"
EMP-3700,HR,"Resolving employee conflict"
EMP-0221,Marketing,"Extracting numbers from PDFs"
EMP-2698,Sales,"Negotiating a client contract"
EMP-3409,HR,"Interviewing new candidates"
EMP-2998,HR,"Interviewing new candidates"
EMP-2627,Marketing,"Data entry from invoices"
EMP-3956,IT,"High-level strategy planning"
EMP-3194,IT,"Interviewing new candidates"
EMP-0562,HR,"Negotiating a client contract"
EMP-1762,Sales,"Copy-pasting emails into CRM"
EMP-3673,Sales,"Interviewing new candidates"
EMP-1251,Customer Support,"Formatting reports"
EMP-0431,Customer Support,"Data entry from invoices"
EMP-3425,Customer Support,"Scheduling calendar invites"
EMP-0931,HR,"Negotiating a client contract"
EMP-0726,IT,"Interviewing new candidates"
EMP-2712,IT,"Copy-pasting emails into CRM"
EMP-1599,Customer Support,"Formatting reports"
EMP-0315,IT,"Negotiating a client contract"
EMP-2938,Marketing,"Data entry from invoices"
EMP-2645,HR,"High-level strategy planning"
EMP-3932,Sales,"Sorting spreadsheets"
EMP-2190,HR,"Data entry from invoices"
EMP-1389,Sales,"Formatting reports"
EMP-2379,Customer Support,"Formatting reports"
EMP-2464,IT,"Interviewing new candidates"
EMP-2760,Marketing,"Interviewing new candidates"
EMP-3034,Customer Support,"Interviewing new candidates"
EMP-0256,Customer Support,"Extracting numbers from PDFs"
EMP-3214,IT,"Designing a new brand logo"
EMP-1419,Sales,"Copy-pasting emails into CRM"
EMP-2014,Customer Support,"Copy-pasting emails into CRM"
EMP-0978,IT,"Interviewing new candidates"
EMP-2350,HR,"Designing a new brand logo"
EMP-1586,HR,"High-level strategy planning"
EMP-0060,Sales,"Scheduling calendar invites"
EMP-0694,Customer Support,"Copy-pasting emails into CRM"
EMP-3324,IT,"Leading a brainstorming session"
EMP-3580,IT,"Copy-pasting emails into CRM"
EMP-0674,Marketing,"Data entry from invoices"
EMP-3005,Marketing,"Sorting spreadsheets"
EMP-2461,IT,"Negotiating a client contract"
EMP-0792,IT,"Negotiating a client contract"
EMP-2457,Sales,"Copy-pasting emails into CRM"
EMP-0648,Customer Support,"Sorting spreadsheets"
EMP-2484,HR,"Designing a new brand logo"
EMP-1745,Marketing,"Sorting spreadsheets"
EMP-1810,Customer Support,"Data entry from invoices"
EMP-1175,Customer Support,"Sorting spreadsheets"
EMP-0730,Marketing,"Copy-pasting emails into CRM"
EMP-0306,Marketing,"Sorting spreadsheets"
EMP-1026,IT,"Leading a brainstorming session"
EMP-3081,IT,"Resolving employee conflict"
EMP-0566,Customer Support,"Negotiating a client contract"
EMP-1870,HR,"Negotiating a client contract"
EMP-3178,Marketing,"Formatting reports"
EMP-0805,IT,"Leading a brainstorming session"
EMP-3596,Sales,"Sorting spreadsheets"
EMP-1194,Marketing,"Data entry from invoices"
EMP-0564,Marketing,"Scheduling calendar invites"
EMP-3271,Customer Support,"Interviewing new candidates"
EMP-0367,Marketing,"Scheduling calendar invites"
EMP-0868,HR,"High-level strategy planning"
EMP-0706,IT,"Negotiating a client contract"
EMP-2941,Customer Support,"Negotiating a client contract"
EMP-3157,Marketing,"Interviewing new candidates"
EMP-0057,IT,"High-level strategy planning"
EMP-2643,IT,"Negotiating a client contract"
EMP-3981,HR,"Negotiating a client contract"
EMP-1635,Marketing,"Sorting spreadsheets"
EMP-2826,Customer Support,"Formatting reports"
EMP-2892,Customer Support,"Interviewing new candidates"
EMP-1600,Sales,"Data entry from invoices"
EMP-3962,HR,"Data entry from invoices"
EMP-0809,Sales,"Formatting reports"
EMP-3879,IT,"Resolving employee conflict"
EMP-0251,Marketing,"Scheduling calendar invites"
EMP-0433,Marketing,"Data entry from invoices"
EMP-2311,Customer Support,"Data entry from invoices"
EMP-3806,HR,"Data entry from invoices"
EMP-3540,Sales,"Data entry from invoices"
EMP-0900,Sales,"Negotiating a client contract"
EMP-1197,HR,"Resolving employee conflict"
EMP-0405,Sales,"Interviewing new candidates"
EMP-3497,Customer Support,"Scheduling calendar invites"
EMP-1437,IT,"Data entry from invoices"
EMP-0978,Sales,"Scheduling calendar invites"
EMP-1963,IT,"Copy-pasting emails into CRM"
EMP-1943,HR,"Data entry from invoices"
EMP-3345,Customer Support,"Scheduling calendar invites"
EMP-3700,Sales,"Scheduling calendar invites"
EMP-2010,Sales,"Scheduling calendar invites"
EMP-2667,Customer Support,"Sorting spreadsheets"
EMP-1138,Marketing,"Extracting numbers from PDFs"
EMP-1495,Marketing,"Formatting reports"
EMP-1005,Customer Support,"Extracting numbers from PDFs"
EMP-0124,IT,"Designing a new brand logo"
EMP-1698,HR,"Leading a brainstorming session"
EMP-1847,HR,"Designing a new brand logo"
EMP-1064,Sales,"Interviewing new candidates"
EMP-3478,Marketing,"Formatting reports"
EMP-1469,Marketing,"Formatting reports"
EMP-0477,Sales,"Data entry from invoices"
EMP-2928,Marketing,"Interviewing new candidates"
EMP-1910,Sales,"Formatting reports"
EMP-2766,Sales,"Data entry from invoices"
EMP-2814,IT,"High-level strategy planning"
EMP-2957,Customer Support,"Extracting numbers from PDFs"
EMP-1378,IT,"Data entry from invoices"
EMP-3482,HR,"Copy-pasting emails into CRM"
EMP-1966,Marketing,"Copy-pasting emails into CRM"
EMP-3852,Marketing,"Scheduling calendar invites"
EMP-2293,Customer Support,"Scheduling calendar invites"
EMP-3906,HR,"Interviewing new candidates"
EMP-3180,IT,"Interviewing new candidates"
EMP-2844,HR,"High-level strategy planning"
EMP-3142,IT,"Copy-pasting emails into CRM"
EMP-3820,Marketing,"Data entry from invoices"
EMP-3362,Customer Support,"Scheduling calendar invites"
EMP-0839,HR,"Designing a new brand logo"
EMP-2053,Customer Support,"Negotiating a client contract"
EMP-0170,HR,"High-level strategy planning"
EMP-2320,Customer Support,"Sorting spreadsheets"
EMP-2417,IT,"Copy-pasting emails into CRM"
EMP-0079,HR,"Negotiating a client contract"
EMP-2197,Sales,"Extracting numbers from PDFs"
EMP-0391,Marketing,"Negotiating a client contract"
EMP-0359,Marketing,"Data entry from invoices"
EMP-3504,IT,"Resolving employee conflict"
EMP-3843,Marketing,"Sorting spreadsheets"
EMP-1588,HR,"Copy-pasting emails into CRM"
EMP-0894,IT,"Copy-pasting emails into CRM"
EMP-3782,Marketing,"Data entry from invoices"
EMP-0742,IT,"Negotiating a client contract"
EMP-0582,Marketing,"Data entry from invoices"
EMP-0540,Sales,"Scheduling calendar invites"
EMP-0195,IT,"Data entry from invoices"
EMP-0501,Sales,"Sorting spreadsheets"
EMP-0930,Marketing,"Interviewing new candidates"
EMP-1660,Customer Support,"Extracting numbers from PDFs"
EMP-3819,HR,"Leading a brainstorming session"
EMP-3122,Marketing,"Data entry from invoices"
EMP-1726,IT,"Data entry from invoices"
EMP-3422,Customer Support,"Copy-pasting emails into CRM"
EMP-0587,Marketing,"Scheduling calendar invites"
EMP-0931,HR,"Data entry from invoices"
EMP-3539,Customer Support,"Data entry from invoices"
EMP-2537,HR,"High-level strategy planning"
EMP-2577,Sales,"Negotiating a client contract"
EMP-2594,Customer Support,"Extracting numbers from PDFs"
EMP-2633,HR,"Designing a new brand logo"
EMP-2096,Sales,"Copy-pasting emails into CRM"
EMP-2850,Marketing,"Interviewing new candidates"
EMP-2124,Customer Support,"Copy-pasting emails into CRM"
EMP-2571,Marketing,"Formatting reports"
EMP-1812,IT,"Data entry from invoices"
EMP-2263,Sales,"Formatting reports"
EMP-1019,Marketing,"Data entry from invoices"
EMP-3818,HR,"Designing a new brand logo"
EMP-1500,Sales,"Copy-pasting emails into CRM"
EMP-0904,Sales,"Scheduling calendar invites"
EMP-2843,Customer Support,"Scheduling calendar invites"
EMP-3751,HR,"Negotiating a client contract"
EMP-3180,IT,"Resolving employee conflict"
EMP-0954,Customer Support,"Scheduling calendar invites"
EMP-2860,Marketing,"Scheduling calendar invites"
EMP-2906,HR,"Resolving employee conflict"
EMP-3243,HR,"Data entry from invoices"
EMP-0392,Marketing,"Data entry from invoices"
EMP-1375,Sales,"Sorting spreadsheets"
EMP-0571,Marketing,"Formatting reports"
EMP-1625,Sales,"Scheduling calendar invites"
EMP-1737,Customer Support,"Interviewing new candidates"
EMP-0225,Marketing,"Sorting spreadsheets"
EMP-3344,Sales,"Formatting reports"
EMP-3927,IT,"High-level strategy planning"
EMP-2174,Sales,"Data entry from invoices"
EMP-0222,Marketing,"Negotiating a client contract"
EMP-0616,Sales,"Extracting numbers from PDFs"
EMP-0964,Marketing,"Formatting reports"
EMP-2672,Marketing,"Extracting numbers from PDFs"
EMP-0043,Marketing,"Formatting reports"
EMP-1348,Customer Support,"Data entry from invoices"
EMP-0579,Marketing,"Interviewing new candidates"
EMP-1391,Marketing,"Interviewing new candidates"
EMP-1906,HR,"Designing a new brand logo"
EMP-2267,Customer Support,"Extracting numbers from PDFs"
EMP-2421,HR,"Resolving employee conflict"
EMP-2023,HR,"Resolving employee conflict"
EMP-1752,Marketing,"Copy-pasting emails into CRM"
EMP-0448,Customer Support,"Scheduling calendar invites"
EMP-2617,Marketing,"Formatting reports"
EMP-3488,HR,"Data entry from invoices"
EMP-3704,HR,"High-level strategy planning"
EMP-1935,Sales,"Data entry from invoices"
EMP-0210,HR,"Interviewing new candidates"
EMP-1687,Marketing,"Negotiating a client contract"
EMP-0521,Sales,"Negotiating a client contract"
EMP-3556,Marketing,"Data entry from invoices"
EMP-3709,Marketing,"Formatting reports"
EMP-3369,HR,"High-level strategy planning"
EMP-3643,Customer Support,"Sorting spreadsheets"
EMP-2336,Sales,"Sorting spreadsheets"
EMP-0768,HR,"Data entry from invoices"
EMP-1296,IT,"Copy-pasting emails into CRM"
EMP-3558,Marketing,"Negotiating a client contract"
EMP-1578,Marketing,"Sorting spreadsheets"
EMP-1025,Sales,"Copy-pasting emails into CRM"
EMP-1067,Customer Support,"Sorting spreadsheets"
EMP-0721,IT,"Leading a brainstorming session"
EMP-1672,Marketing,"Scheduling calendar invites"
EMP-2210,IT,"Designing a new brand logo"
EMP-0129,Sales,"Scheduling calendar invites"
EMP-1339,Sales,"Data entry from invoices"
EMP-1410,Marketing,"Sorting spreadsheets"
EMP-0117,Sales,"Extracting numbers from PDFs"
EMP-2226,Sales,"Formatting reports"
EMP-1738,Sales,"Data entry from invoices"
EMP-3684,Marketing,"Sorting spreadsheets"
EMP-1405,IT,"High-level strategy planning"
EMP-0567,Sales,"Copy-pasting emails into CRM"
EMP-3457,IT,"High-level strategy planning"
EMP-3268,Sales,"Data entry from invoices"
EMP-0118,Customer Support,"Formatting reports"
EMP-2887,Sales,"Formatting reports"
EMP-1086,Marketing,"Scheduling calendar invites"
EMP-1789,Marketing,"Data entry from invoices"
EMP-2916,Marketing,"Interviewing new candidates"
EMP-0763,Customer Support,"Formatting reports"
EMP-0581,Customer Support,"Data entry from invoices"
EMP-1179,IT,"Copy-pasting emails into CRM"
EMP-3637,Sales,"Formatting reports"
EMP-2158,Sales,"Extracting numbers from PDFs"
EMP-3278,Marketing,"Formatting reports"
EMP-2851,IT,"Negotiating a client contract"
EMP-3565,Sales,"Sorting spreadsheets"
EMP-3046,Marketing,"Sorting spreadsheets"
EMP-3148,Marketing,"Copy-pasting emails into CRM"
EMP-0856,IT,"Designing a new brand logo"
EMP-1299,IT,"Leading a brainstorming session"
EMP-3381,Customer Support,"Data entry from invoices"
EMP-0789,IT,"Data entry from invoices"
EMP-1215,Customer Support,"Formatting reports"
EMP-0779,Marketing,"Scheduling calendar invites"
EMP-1645,Customer Support,"Data entry from invoices"
EMP-0884,HR,"High-level strategy planning"
EMP-0962,HR,"Resolving employee conflict"
EMP-3670,IT,"Interviewing new candidates"
EMP-1052,Sales,"Data entry from invoices"
EMP-0778,Marketing,"Interviewing new candidates"
EMP-2901,Sales,"Scheduling calendar invites"
EMP-1183,HR,"Interviewing new candidates"
EMP-3065,Sales,"Copy-pasting emails into CRM"
EMP-1293,Sales,"Scheduling calendar invites"
EMP-2706,Customer Support,"Data entry from invoices"
EMP-0007,Marketing,"Extracting numbers from PDFs"
EMP-0705,Marketing,"Interviewing new candidates"
EMP-3155,Marketing,"Scheduling calendar invites"
EMP-2391,IT,"Designing a new brand logo"
EMP-2170,IT,"Data entry from invoices"
EMP-3783,Sales,"Extracting numbers from PDFs"
EMP-1613,Sales,"Extracting numbers from PDFs"
EMP-2880,Customer Support,"Data entry from invoices"
EMP-2751,Sales,"Copy-pasting emails into CRM"
EMP-3830,HR,"Interviewing new candidates"
EMP-1820,IT,"High-level strategy planning"
EMP-0894,Sales,"Sorting spreadsheets"
EMP-0111,Sales,"Data entry from invoices"
EMP-0227,Customer Support,"Copy-pasting emails into CRM"
EMP-2869,IT,"High-level strategy planning"
EMP-0260,Marketing,"Data entry from invoices"
EMP-2234,HR,"Resolving employee conflict"
EMP-0718,Marketing,"Scheduling calendar invites"
EMP-3208,Marketing,"Extracting numbers from PDFs"
EMP-0911,IT,"Leading a brainstorming session"
EMP-3365,Marketing,"Scheduling calendar invites"
EMP-1062,Customer Support,"Copy-pasting emails into CRM"
EMP-2900,IT,"Designing a new brand logo"
EMP-0842,HR,"High-level strategy planning"
EMP-0645,IT,"High-level strategy planning"
EMP-3046,Customer Support,"Formatting reports"
EMP-2243,Customer Support,"Formatting reports"
EMP-1657,IT,"Interviewing new candidates"
EMP-3096,Sales,"Copy-pasting emails into CRM"
EMP-1696,HR,"Negotiating a client contract"
EMP-1341,Sales,"Copy-pasting emails into CRM"
EMP-2711,IT,"Resolving employee conflict"
EMP-0656,IT,"High-level strategy planning"
EMP-0784,Sales,"Copy-pasting emails into CRM"
EMP-3108,HR,"Copy-pasting emails into CRM"
EMP-2454,Marketing,"Data entry from invoices"
EMP-1688,HR,"Designing a new brand logo"
EMP-0666,Customer Support,"Copy-pasting emails into CRM"
EMP-0194,Customer Support,"Sorting spreadsheets"
EMP-1756,IT,"Negotiating a client contract"
EMP-2774,HR,"High-level strategy planning"
EMP-0071,Sales,"Formatting reports"
EMP-2107,Customer Support,"Interviewing new candidates"
EMP-1921,IT,"High-level strategy planning"
EMP-0142,Customer Support,"Negotiating a client contract"
EMP-2867,Sales,"Sorting spreadsheets"
EMP-0966,Sales,"Negotiating a client contract"
EMP-2552,Customer Support,"Formatting reports"
EMP-3164,IT,"Copy-pasting emails into CRM"
EMP-0922,HR,"Interviewing new candidates"
EMP-2762,HR,"Copy-pasting emails into CRM"
EMP-1641,HR,"Negotiating a client contract"
EMP-3830,Marketing,"Scheduling calendar invites"
EMP-0888,Customer Support,"Interviewing new candidates"
EMP-3847,Customer Support,"Formatting reports"
EMP-3691,Sales,"Copy-pasting emails into CRM"
EMP-3864,Marketing,"Extracting numbers from PDFs"
EMP-3613,Customer Support,"Scheduling calendar invites"
EMP-2293,Sales,"Sorting spreadsheets"
EMP-3973,Marketing,"Extracting numbers from PDFs"
EMP-2805,Customer Support,"Formatting reports"
EMP-0059,Marketing,"Data entry from invoices"
EMP-0549,Marketing,"Data entry from invoices"
EMP-0359,Sales,"Sorting spreadsheets"
EMP-3211,Customer Support,"Sorting spreadsheets"
EMP-2656,HR,"Negotiating a client contract"
EMP-0721,Customer Support,"Copy-pasting emails into CRM"
EMP-2009,IT,"Data entry from invoices"
EMP-1780,Marketing,"Sorting spreadsheets"
EMP-0939,Customer Support,"Formatting reports"
EMP-3921,Customer Support,"Interviewing new candidates"
EMP-3452,HR,"Leading a brainstorming session"
EMP-1157,IT,"Copy-pasting emails into CRM"
EMP-2517,Marketing,"Copy-pasting emails into CRM"
EMP-0587,HR,"Resolving employee conflict"
EMP-0857,IT,"Copy-pasting emails into CRM"
EMP-3809,IT,"Designing a new brand logo"
EMP-2303,Marketing,"Sorting spreadsheets"
EMP-0393,Customer Support,"Data entry from invoices"
EMP-3194,Customer Support,"Formatting reports"
EMP-2233,Customer Support,"Data entry from invoices"
EMP-2647,Customer Support,"Data entry from invoices"
EMP-3945,Marketing,"Scheduling calendar invites"
EMP-1413,Sales,"Scheduling calendar invites"
EMP-2299,HR,"High-level strategy planning"
EMP-3575,IT,"Data entry from invoices"
EMP-1715,IT,"Resolving employee conflict"
EMP-1047,Marketing,"Scheduling calendar invites"
EMP-0523,IT,"Leading a brainstorming session"
EMP-2181,Customer Support,"Extracting numbers from PDFs"
EMP-0239,HR,"Leading a brainstorming session"
EMP-0489,HR,"High-level strategy planning"
EMP-0637,Customer Support,"Negotiating a client contract"
EMP-1390,Customer Support,"Extracting numbers from PDFs"
EMP-2389,IT,"Interviewing new candidates"
EMP-3612,HR,"Resolving employee conflict"
EMP-2695,IT,"Negotiating a client contract"
EMP-1978,HR,"Data entry from invoices"
EMP-1810,Marketing,"Sorting spreadsheets"
EMP-3942,HR,"High-level strategy planning"
EMP-0132,HR,"Resolving employee conflict"
EMP-0933,HR,"Copy-pasting emails into CRM"
EMP-1039,Customer Support,"Copy-pasting emails into CRM"
EMP-1622,Marketing,"Data entry from invoices"
EMP-3978,Customer Support,"Extracting numbers from PDFs"
EMP-0602,Marketing,"Copy-pasting emails into CRM"
EMP-1167,HR,"Negotiating a client contract"
EMP-3990,HR,"Designing a new brand logo"
EMP-0656,Sales,"Data entry from invoices"
EMP-2201,Customer Support,"Sorting spreadsheets"
EMP-0316,Customer Support,"Copy-pasting emails into CRM"
EMP-2914,Sales,"Scheduling calendar invites"
EMP-3214,Marketing,"Data entry from invoices"
EMP-3279,IT,"Negotiating a client contract"
EMP-0127,Marketing,"Formatting reports"
EMP-3005,Marketing,"Interviewing new candidates"
EMP-3071,Customer Support,"Extracting numbers from PDFs"
EMP-0817,HR,"Negotiating a client contract"
EMP-0154,IT,"Data entry from invoices"
EMP-0067,Customer Support,"Scheduling calendar invites"
EMP-2994,IT,"High-level strategy planning"
EMP-1334,HR,"Interviewing new candidates"
EMP-3833,Customer Support,"Extracting numbers from PDFs"
EMP-1748,Sales,"Copy-pasting emails into CRM"
EMP-2589,HR,"High-level strategy planning"
EMP-0022,Customer Support,"Extracting numbers from PDFs"
EMP-2262,Sales,"Scheduling calendar invites"
EMP-2443,Marketing,"Formatting reports"
EMP-3410,Sales,"Data entry from invoices"
EMP-1846,IT,"High-level strategy planning"
EMP-3166,Customer Support,"Sorting spreadsheets"
EMP-3641,Marketing,"Copy-pasting emails into CRM"
EMP-3725,Customer Support,"Copy-pasting emails into CRM"
EMP-2683,Customer Support,"Interviewing new candidates"
EMP-1458,Customer Support,"Extracting numbers from PDFs"
EMP-1845,Customer Support,"Copy-pasting emails into CRM"
EMP-1215,Customer Support,"Data entry from invoices"
EMP-0577,Marketing,"Extracting numbers from PDFs"
EMP-3949,HR,"Leading a brainstorming session"
EMP-2875,Marketing,"Negotiating a client contract"
EMP-1995,IT,"Data entry from invoices"
EMP-0494,Marketing,"Sorting spreadsheets"
EMP-3772,Marketing,"Data entry from invoices"
EMP-2892,HR,"Interviewing new candidates"
EMP-0127,IT,"Data entry from invoices"
EMP-3343,HR,"Designing a new brand logo"
EMP-3708,IT,"Data entry from invoices"
EMP-0035,Sales,"Formatting reports"
EMP-3694,IT,"Interviewing new candidates"
EMP-1721,IT,"Designing a new brand logo"
EMP-1398,Sales,"Copy-pasting emails into CRM"
EMP-0779,IT,"High-level strategy planning"
EMP-1234,HR,"Leading a brainstorming session"
EMP-0906,Marketing,"Scheduling calendar invites"
EMP-1488,HR,"Negotiating a client contract"
EMP-2430,Sales,"Formatting reports"
EMP-2879,HR,"Copy-pasting emails into CRM"
EMP-1948,IT,"Data entry from invoices"
EMP-0694,Marketing,"Formatting reports"
EMP-0508,IT,"Copy-pasting emails into CRM"
EMP-1773,IT,"Resolving employee conflict"
EMP-2890,IT,"Copy-pasting emails into CRM"
EMP-2221,Marketing,"Negotiating a client contract"
EMP-0457,Marketing,"Sorting spreadsheets"
EMP-1473,Sales,"Extracting numbers from PDFs"
EMP-0681,IT,"Data entry from invoices"
EMP-1972,IT,"Data entry from invoices"
EMP-0768,Customer Support,"Data entry from invoices"
EMP-0482,HR,"Resolving employee conflict"
EMP-2025,HR,"Designing a new brand logo"
EMP-1771,Marketing,"Formatting reports"
EMP-2091,Customer Support,"Interviewing new candidates"
EMP-0870,Marketing,"Data entry from invoices"
EMP-0730,IT,"Copy-pasting emails into CRM"
EMP-2175,IT,"Negotiating a client contract"
EMP-0391,Customer Support,"Scheduling calendar invites"
EMP-2602,IT,"Data entry from invoices"
EMP-2514,IT,"Designing a new brand logo"
EMP-0318,Marketing,"Negotiating a client contract"
EMP-0124,Customer Support,"Copy-pasting emails into CRM"
EMP-0723,IT,"High-level strategy planning"
EMP-3804,HR,"Copy-pasting emails into CRM"
EMP-1286,HR,"Resolving employee conflict"
EMP-1491,HR,"Data entry from invoices"
EMP-3213,Customer Support,"Formatting reports"
EMP-0469,Customer Support,"Data entry from invoices"
EMP-0864,Sales,"Sorting spreadsheets"
EMP-3246,Sales,"Sorting spreadsheets"
EMP-0440,HR,"Designing a new brand logo"
EMP-1148,Sales,"Sorting spreadsheets"
EMP-2479,Marketing,"Data entry from invoices"
EMP-1901,HR,"Designing a new brand logo"
EMP-1154,HR,"Leading a brainstorming session"
EMP-0855,IT,"High-level strategy planning"
EMP-3356,Marketing,"Data entry from invoices"
EMP-1711,Customer Support,"Sorting spreadsheets"
EMP-3432,Customer Support,"Data entry from invoices"
EMP-1204,Marketing,"Sorting spreadsheets"
EMP-0145,IT,"Negotiating a client contract"
EMP-0193,IT,"Data entry from invoices"
EMP-2463,Marketing,"Formatting reports"
EMP-2641,IT,"Copy-pasting emails into CRM"
EMP-0607,Customer Support,"Data entry from invoices"
EMP-0327,Marketing,"Sorting spreadsheets"
EMP-0515,Customer Support,"Sorting spreadsheets"
EMP-0093,Sales,"Formatting reports"
EMP-3126,Customer Support,"Sorting spreadsheets"
EMP-1102,Sales,"Interviewing new candidates"
EMP-3055,Sales,"Copy-pasting emails into CRM"
EMP-0485,HR,"Copy-pasting emails into CRM"
EMP-0843,Marketing,"Extracting numbers from PDFs"
EMP-1510,Customer Support,"Sorting spreadsheets"
EMP-2648,HR,"High-level strategy planning"
EMP-1380,IT,"Leading a brainstorming session"
EMP-0922,Marketing,"Extracting numbers from PDFs"
EMP-1767,HR,"High-level strategy planning"
EMP-3098,HR,"Interviewing new candidates"
EMP-2443,Marketing,"Sorting spreadsheets"
EMP-1384,HR,"Leading a brainstorming session"
EMP-0256,IT,"Interviewing new candidates"
EMP-3626,HR,"High-level strategy planning"
EMP-1881,Customer Support,"Scheduling calendar invites"
EMP-1059,HR,"Negotiating a client contract"
EMP-0604,Marketing,"Negotiating a client contract"
EMP-3991,Sales,"Formatting reports"
EMP-1388,Sales,"Extracting numbers from PDFs"
EMP-3994,IT,"Interviewing new candidates"
EMP-2102,Marketing,"Extracting numbers from PDFs"
EMP-3783,Marketing,"Sorting spreadsheets"
EMP-2342,HR,"Resolving employee conflict"
EMP-2302,IT,"Data entry from invoices"
EMP-0398,HR,"Negotiating a client contract"
EMP-0177,IT,"Data entry from invoices"
EMP-1506,Customer Support,"Formatting reports"
EMP-1967,HR,"Data entry from invoices"
EMP-0080,HR,"Data entry from invoices"
EMP-1859,Marketing,"Formatting reports"
EMP-1648,Customer Support,"Scheduling calendar invites"
EMP-2311,HR,"Designing a new brand logo"
EMP-3930,IT,"High-level strategy planning"
EMP-0494,IT,"Data entry from invoices"
EMP-3373,Customer Support,"Scheduling calendar invites"
EMP-2469,Customer Support,"Extracting numbers from PDFs"
EMP-3538,Customer Support,"Sorting spreadsheets"
EMP-0294,Customer Support,"Formatting reports"
EMP-2596,Sales,"Copy-pasting emails into CRM"
EMP-0564,Marketing,"Copy-pasting emails into CRM"
EMP-2340,Marketing,"Sorting spreadsheets"
EMP-2140,Sales,"Copy-pasting emails into CRM"
EMP-0426,HR,"Negotiating a client contract"
EMP-1942,HR,"Negotiating a client contract"
EMP-1859,HR,"Copy-pasting emails into CRM"
EMP-3593,Sales,"Negotiating a client contract"
EMP-1839,HR,"Resolving employee conflict"
EMP-2332,Customer Support,"Interviewing new candidates"
EMP-0182,Customer Support,"Data entry from invoices"
EMP-2942,Sales,"Copy-pasting emails into CRM"
EMP-1469,IT,"Designing a new brand logo"
EMP-2849,Sales,"Scheduling calendar invites"
EMP-1650,IT,"Copy-pasting emails into CRM"
EMP-3217,Sales,"Copy-pasting emails into CRM"
EMP-0061,Customer Support,"Extracting numbers from PDFs"
EMP-2539,Sales,"Extracting numbers from PDFs"
EMP-1438,Sales,"Data entry from invoices"
EMP-3735,Marketing,"Interviewing new candidates"
EMP-3363,Marketing,"Interviewing new candidates"
EMP-0979,Customer Support,"Scheduling calendar invites"
EMP-3434,Marketing,"Data entry from invoices"
EMP-2425,Customer Support,"Extracting numbers from PDFs"
EMP-2005,Sales,"Data entry from invoices"
EMP-3721,Customer Support,"Interviewing new candidates"
EMP-1794,Marketing,"Extracting numbers from PDFs"
EMP-1063,HR,"Designing a new brand logo"
EMP-0747,IT,"High-level strategy planning"
EMP-1460,Marketing,"Sorting spreadsheets"
EMP-2235,Customer Support,"Data entry from invoices"
EMP-0740,HR,"Data entry from invoices"
EMP-2467,Marketing,"Sorting spreadsheets"
EMP-2562,IT,"Data entry from invoices"
EMP-0325,Marketing,"Data entry from invoices"
EMP-2526,Customer Support,"Scheduling calendar invites"
EMP-2742,HR,"Designing a new brand logo"
EMP-0431,Sales,"Interviewing new candidates"
EMP-3958,Sales,"Copy-pasting emails into CRM"
EMP-2709,Sales,"Extracting numbers from PDFs"
EMP-3591,IT,"Data entry from invoices"
EMP-1053,Marketing,"Formatting reports"
EMP-2347,HR,"Resolving employee conflict"
EMP-0394,IT,"Negotiating a client contract"
EMP-0559,HR,"Resolving employee conflict"
EMP-1309,IT,"Resolving employee conflict"
EMP-2583,Customer Support,"Sorting spreadsheets"
EMP-3505,Sales,"Data entry from invoices"
EMP-0265,Customer Support,"Formatting reports"
EMP-2256,Marketing,"Formatting reports"
EMP-2957,IT,"Designing a new brand logo"
EMP-0622,Customer Support,"Copy-pasting emails into CRM"
EMP-1839,HR,"Copy-pasting emails into CRM"
EMP-3133,Customer Support,"Data entry from invoices"
EMP-0046,IT,"Copy-pasting emails into CRM"
EMP-2597,Sales,"Negotiating a client contract"
EMP-1101,Marketing,"Scheduling calendar invites"
EMP-3184,HR,"Resolving employee conflict"
EMP-0510,IT,"Resolving employee conflict"
EMP-3705,Marketing,"Scheduling calendar invites"
EMP-0917,IT,"Resolving employee conflict"
EMP-3035,Sales,"Extracting numbers from PDFs"
EMP-2290,Marketing,"Extracting numbers from PDFs"
EMP-1294,IT,"Data entry from invoices"
EMP-0119,Marketing,"Sorting spreadsheets"
EMP-2136,Marketing,"Sorting spreadsheets"
EMP-0050,HR,"High-level strategy planning"
EMP-1865,Customer Support,"Scheduling calendar invites"
EMP-1903,Marketing,"Extracting numbers from PDFs"
EMP-0557,IT,"Negotiating a client contract"
EMP-1440,Customer Support,"Extracting numbers from PDFs"
EMP-1621,HR,"Negotiating a client contract"
EMP-0813,Sales,"Interviewing new candidates"
EMP-3210,HR,"Negotiating a client contract"
EMP-2685,IT,"Negotiating a client contract"
EMP-0497,HR,"High-level strategy planning"
EMP-3683,HR,"Copy-pasting emails into CRM"
EMP-0664,IT,"Resolving employee conflict"
EMP-2550,Customer Support,"Scheduling calendar invites"
EMP-3700,Marketing,"Formatting reports"
EMP-1490,Marketing,"Sorting spreadsheets"
EMP-1293,Customer Support,"Copy-pasting emails into CRM"
EMP-2741,Marketing,"Extracting numbers from PDFs"
EMP-0577,Customer Support,"Interviewing new candidates"
EMP-1174,Sales,"Sorting spreadsheets"
EMP-0398,IT,"Negotiating a client contract"
EMP-0191,Customer Support,"Scheduling calendar invites"
EMP-3729,Sales,"Scheduling calendar invites"
EMP-2406,IT,"Leading a brainstorming session"
EMP-2829,Marketing,"Copy-pasting emails into CRM"
EMP-3663,Customer Support,"Formatting reports"
EMP-2543,Marketing,"Scheduling calendar invites"
EMP-0512,Marketing,"Scheduling calendar invites"
EMP-2888,IT,"Resolving employee conflict"
EMP-1083,Customer Support,"Scheduling calendar invites"
EMP-2842,Sales,"Interviewing new candidates"
EMP-2496,IT,"Negotiating a client contract"
EMP-3898,Marketing,"Sorting spreadsheets"
EMP-1706,IT,"Data entry from invoices"
EMP-2733,Marketing,"Copy-pasting emails into CRM"
EMP-1937,Marketing,"Formatting reports"
EMP-2524,IT,"Resolving employee conflict"
EMP-2200,HR,"Designing a new brand logo"
EMP-0633,Sales,"Interviewing new candidates"
EMP-0663,Marketing,"Data entry from invoices"
EMP-3922,HR,"Data entry from invoices"
EMP-3710,IT,"Negotiating a client contract"
EMP-3472,Marketing,"Copy-pasting emails into CRM"
EMP-2286,Sales,"Extracting numbers from PDFs"
EMP-3739,Marketing,"Formatting reports"
EMP-1955,IT,"Copy-pasting emails into CRM"
EMP-0617,Marketing,"Sorting spreadsheets"
EMP-3590,Customer Support,"Extracting numbers from PDFs"
EMP-3146,HR,"Data entry from invoices"
EMP-3811,Customer Support,"Scheduling calendar invites"
EMP-0238,Customer Support,"Negotiating a client contract"
EMP-3802,Customer Support,"Sorting spreadsheets"
EMP-0416,IT,"Copy-pasting emails into CRM"
EMP-2206,Customer Support,"Interviewing new candidates"
EMP-1816,Sales,"Negotiating a client contract"
EMP-2517,IT,"Negotiating a client contract"
EMP-0057,HR,"Copy-pasting emails into CRM"
EMP-2541,Customer Support,"Formatting reports"
EMP-3584,HR,"High-level strategy planning"
EMP-2216,Customer Support,"Formatting reports"
EMP-0157,Customer Support,"Interviewing new candidates"
EMP-1939,Marketing,"Extracting numbers from PDFs"
EMP-3666,Marketing,"Negotiating a client contract"
EMP-1313,Sales,"Formatting reports"
EMP-3474,Customer Support,"Extracting numbers from PDFs"
EMP-3963,Sales,"Formatting reports"
EMP-0044,Sales,"Extracting numbers from PDFs"
EMP-1456,HR,"Designing a new brand logo"
EMP-3836,Marketing,"Sorting spreadsheets"
EMP-3776,Customer Support,"Formatting reports"
EMP-0449,Marketing,"Formatting reports"
EMP-2981,Customer Support,"Negotiating a client contract"
EMP-1049,Customer Support,"Interviewing new candidates"
EMP-3231,IT,"Data entry from invoices"
EMP-3806,HR,"Leading a brainstorming session"
EMP-1206,Customer Support,"Scheduling calendar invites"
EMP-1469,Customer Support,"Copy-pasting emails into CRM"
EMP-2923,Marketing,"Scheduling calendar invites"
EMP-0663,Customer Support,"Negotiating a client contract"
EMP-3065,IT,"High-level strategy planning"
EMP-2722,Sales,"Copy-pasting emails into CRM"
EMP-2085,IT,"Copy-pasting emails into CRM"
EMP-2827,Sales,"Extracting numbers from PDFs"
EMP-0812,IT,"Designing a new brand logo"
EMP-3177,Customer Support,"Sorting spreadsheets"
EMP-3470,HR,"Negotiating a client contract"
EMP-0679,Sales,"Negotiating a client contract"
EMP-3386,Marketing,"Scheduling calendar invites"
EMP-0187,Customer Support,"Negotiating a client contract"
EMP-1492,HR,"Negotiating a client contract"
EMP-1080,HR,"Copy-pasting emails into CRM"
EMP-1530,Customer Support,"Scheduling calendar invites"
EMP-0802,Sales,"Extracting numbers from PDFs"
EMP-3196,IT,"Copy-pasting emails into CRM"
EMP-0019,IT,"Copy-pasting emails into CRM"
EMP-2448,IT,"Interviewing new candidates"
EMP-1546,IT,"High-level strategy planning"
EMP-3850,HR,"Interviewing new candidates"
EMP-0324,Customer Support,"Negotiating a client contract"
EMP-0179,Marketing,"Extracting numbers from PDFs"
EMP-1644,Sales,"Extracting numbers from PDFs"
EMP-1666,IT,"Leading a brainstorming session"
EMP-2520,Sales,"Data entry from invoices"
EMP-2908,HR,"Resolving employee conflict"
EMP-2794,Sales,"Data entry from invoices"
EMP-2533,HR,"Negotiating a client contract"
EMP-3944,Marketing,"Sorting spreadsheets"
EMP-3428,Marketing,"Sorting spreadsheets"
EMP-1268,Customer Support,"Copy-pasting emails into CRM"
EMP-1295,HR,"Copy-pasting emails into CRM"
EMP-0218,HR,"Resolving employee conflict"
EMP-0353,HR,"Data entry from invoices"
EMP-0899,IT,"Copy-pasting emails into CRM"
EMP-3925,IT,"High-level strategy planning"
EMP-0544,HR,"Data entry from invoices"
EMP-2467,HR,"Interviewing new candidates"
EMP-0588,HR,"Negotiating a client contract"
EMP-1804,IT,"Leading a brainstorming session"
EMP-2166,Marketing,"Data entry from invoices"
EMP-1796,HR,"Data entry from invoices"
EMP-0394,Sales,"Interviewing new candidates"
EMP-0369,Marketing,"Extracting numbers from PDFs"
EMP-3619,Marketing,"Negotiating a client contract"
EMP-0691,HR,"Data entry from invoices"
EMP-0803,Marketing,"Data entry from invoices"
EMP-3490,IT,"Negotiating a client contract"
EMP-0449,Customer Support,"Formatting reports"
EMP-0172,Marketing,"Extracting numbers from PDFs"
EMP-0711,HR,"Interviewing new candidates"
EMP-2376,Customer Support,"Data entry from invoices"
EMP-3433,Sales,"Scheduling calendar invites"
EMP-0918,IT,"Resolving employee conflict"
EMP-1350,Customer Support,"Copy-pasting emails into CRM"
EMP-2264,Sales,"Data entry from invoices"
EMP-3733,IT,"Data entry from invoices"
EMP-0673,Marketing,"Formatting reports"
EMP-0585,Customer Support,"Negotiating a client contract"
EMP-2045,Customer Support,"Data entry from invoices"
EMP-0683,Marketing,"Scheduling calendar invites"
EMP-0255,Customer Support,"Scheduling calendar invites"
EMP-1735,Customer Support,"Scheduling calendar invites"
EMP-0731,Customer Support,"Extracting numbers from PDFs"
EMP-1325,Marketing,"Extracting numbers from PDFs"
EMP-2084,Marketing,"Formatting reports"
EMP-0548,Sales,"Sorting spreadsheets"
EMP-0973,HR,"Interviewing new candidates"
EMP-0512,HR,"Leading a brainstorming session"
EMP-2333,IT,"High-level strategy planning"
EMP-0896,IT,"High-level strategy planning"
EMP-0560,Sales,"Scheduling calendar invites"
EMP-0215,IT,"High-level strategy planning"
EMP-1343,Customer Support,"Sorting spreadsheets"
EMP-0680,Customer Support,"Scheduling calendar invites"
EMP-0487,HR,"High-level strategy planning"
EMP-3213,HR,"Designing a new brand logo"
EMP-3458,Sales,"Sorting spreadsheets"
EMP-0985,Marketing,"Scheduling calendar invites"
EMP-3823,HR,"Data entry from invoices"
EMP-1092,Marketing,"Negotiating a client contract"
EMP-3194,Marketing,"Formatting reports"
EMP-3040,Customer Support,"Data entry from invoices"
EMP-2912,Sales,"Data entry from invoices"
EMP-2869,Sales,"Data entry from invoices"
EMP-3230,Marketing,"Scheduling calendar invites"
EMP-3686,Customer Support,"Scheduling calendar invites"
EMP-3591,Sales,"Interviewing new candidates"
EMP-2397,HR,"Data entry from invoices"
EMP-3395,Sales,"Scheduling calendar invites"
EMP-1478,HR,"Copy-pasting emails into CRM"
EMP-0177,Customer Support,"Data entry from invoices"
EMP-3928,Sales,"Extracting numbers from PDFs"
EMP-2277,Marketing,"Copy-pasting emails into CRM"
EMP-1698,Marketing,"Copy-pasting emails into CRM"
EMP-3705,IT,"Data entry from invoices"
EMP-0976,Customer Support,"Negotiating a client contract"
EMP-0830,Marketing,"Data entry from invoices"
EMP-2495,HR,"Copy-pasting emails into CRM"
EMP-0693,Marketing,"Extracting numbers from PDFs"
EMP-0669,IT,"Negotiating a client contract"
EMP-1234,HR,"Resolving employee conflict"
EMP-3248,IT,"Resolving employee conflict"
EMP-1596,HR,"High-level strategy planning"
EMP-0411,IT,"Designing a new brand logo"
EMP-3617,Sales,"Formatting reports"
EMP-1368,Marketing,"Data entry from invoices"
EMP-2807,Customer Support,"Scheduling calendar invites"
EMP-3734,Customer Support,"Data entry from invoices"
EMP-3348,IT,"High-level strategy planning"
EMP-0887,HR,"Copy-pasting emails into CRM"
EMP-1725,Sales,"Interviewing new candidates"
EMP-2252,IT,"Data entry from invoices"
EMP-0887,Customer Support,"Extracting numbers from PDFs"
EMP-2677,Marketing,"Copy-pasting emails into CRM"
EMP-3195,Marketing,"Extracting numbers from PDFs"
EMP-2234,Customer Support,"Data entry from invoices"
EMP-3392,Marketing,"Interviewing new candidates"
EMP-0175,Customer Support,"Formatting reports"
EMP-0947,Marketing,"Negotiating a client contract"
EMP-2118,HR,"Negotiating a client contract"
EMP-0866,Customer Support,"Negotiating a client contract"
EMP-3072,HR,"Resolving employee conflict"
EMP-1495,IT,"High-level strategy planning"
EMP-0884,Sales,"Sorting spreadsheets"
EMP-2612,HR,"Data entry from invoices"
EMP-1420,IT,"Designing a new brand logo"
EMP-3007,Marketing,"Scheduling calendar invites"
EMP-3391,Marketing,"Sorting spreadsheets"
EMP-0373,Sales,"Scheduling calendar invites"
EMP-2497,IT,"Copy-pasting emails into CRM"
EMP-0920,IT,"High-level strategy planning"
EMP-3450,IT,"Data entry from invoices"
EMP-1441,Marketing,"Extracting numbers from PDFs"
EMP-3959,Customer Support,"Sorting spreadsheets"
EMP-1439,Sales,"Scheduling calendar invites"
EMP-3166,Sales,"Interviewing new candidates"
EMP-0745,Customer Support,"Formatting reports"
EMP-3247,Sales,"Interviewing new candidates"
EMP-3017,Customer Support,"Sorting spreadsheets"
EMP-3208,HR,"Negotiating a client contract"
EMP-0185,Marketing,"Sorting spreadsheets"
EMP-3614,Marketing,"Copy-pasting emails into CRM"
EMP-2666,Customer Support,"Data entry from invoices"
EMP-1589,Sales,"Scheduling calendar invites"
EMP-1145,HR,"Interviewing new candidates"
EMP-3125,IT,"Negotiating a client contract"
EMP-1136,IT,"Leading a brainstorming session"
EMP-0435,Customer Support,"Data entry from invoices"
EMP-1857,HR,"Leading a brainstorming session"
EMP-1647,Sales,"Interviewing new candidates"
EMP-0727,IT,"Designing a new brand logo"
EMP-2600,HR,"Interviewing new candidates"
EMP-2316,IT,"Negotiating a client contract"
EMP-3366,HR,"Interviewing new candidates"
EMP-2513,IT,"Designing a new brand logo"
EMP-3726,Marketing,"Scheduling calendar invites"
EMP-0704,Customer Support,"Scheduling calendar invites"
EMP-0795,Marketing,"Formatting reports"
EMP-3049,HR,"Copy-pasting emails into CRM"
EMP-3993,IT,"Data entry from invoices"
EMP-3093,Customer Support,"Data entry from invoices"
EMP-0028,Sales,"Sorting spreadsheets"
EMP-1585,Marketing,"Sorting spreadsheets"
EMP-1563,IT,"Copy-pasting emails into CRM"
EMP-3347,Marketing,"Negotiating a client contract"
EMP-0005,Customer Support,"Sorting spreadsheets"
EMP-0428,Marketing,"Sorting spreadsheets"
EMP-0587,Marketing,"Scheduling calendar invites"
EMP-0677,Marketing,"Negotiating a client contract"
EMP-0828,Customer Support,"Scheduling calendar invites"
EMP-2466,Sales,"Sorting spreadsheets"
EMP-0511,Customer Support,"Formatting reports"
EMP-1634,Customer Support,"Scheduling calendar invites"
EMP-2163,Sales,"Scheduling calendar invites"
EMP-3461,HR,"Leading a brainstorming session"
EMP-2522,HR,"Resolving employee conflict"
EMP-3655,Customer Support,"Data entry from invoices"
EMP-3641,IT,"Data entry from invoices"
EMP-1136,HR,"Negotiating a client contract"
EMP-0303,HR,"Leading a brainstorming session"
EMP-2834,IT,"Designing a new brand logo"
EMP-0769,IT,"High-level strategy planning"
EMP-1001,Marketing,"Extracting numbers from PDFs"
EMP-1845,Sales,"Sorting spreadsheets"
EMP-3517,Sales,"Formatting reports"
EMP-1089,IT,"Leading a brainstorming session"
EMP-3884,Customer Support,"Extracting numbers from PDFs"
EMP-0610,IT,"Interviewing new candidates"
EMP-1210,HR,"Designing a new brand logo"
EMP-3522,Marketing,"Sorting spreadsheets"
EMP-0740,IT,"Interviewing new candidates"
EMP-3971,Sales,"Formatting reports"
EMP-2427,Marketing,"Negotiating a client contract"
EMP-3155,HR,"Interviewing new candidates"
EMP-3204,HR,"Data entry from invoices"
EMP-2461,Sales,"Interviewing new candidates"
EMP-2269,Marketing,"Extracting numbers from PDFs"
EMP-2659,Sales,"Data entry from invoices"
EMP-1445,Customer Support,"Sorting spreadsheets"
EMP-0893,Sales,"Scheduling calendar invites"
EMP-1001,IT,"Data entry from invoices"
EMP-3566,HR,"Copy-pasting emails into CRM"
EMP-0227,Sales,"Copy-pasting emails into CRM"
EMP-2451,Marketing,"Formatting reports"
EMP-1697,HR,"Designing a new brand logo"
EMP-3327,IT,"Copy-pasting emails into CRM"
EMP-2148,Sales,"Formatting reports"
EMP-3591,IT,"Negotiating a client contract"
EMP-1313,Sales,"Extracting numbers from PDFs"
EMP-0193,Customer Support,"Copy-pasting emails into CRM"
EMP-0539,Customer Support,"Copy-pasting emails into CRM"
EMP-1386,HR,"Negotiating a client contract"
EMP-1965,Marketing,"Scheduling calendar invites"
EMP-0723,Marketing,"Scheduling calendar invites"
EMP-1935,HR,"Data entry from invoices"
EMP-4001,Sales,"Copy-pasting emails into CRM"
EMP-1482,Customer Support,"Scheduling calendar invites"
EMP-2668,IT,"Interviewing new candidates"
EMP-1173,Marketing,"Negotiating a client contract"
EMP-3336,Sales,"Extracting numbers from PDFs"
EMP-2959,Sales,"Interviewing new candidates"
EMP-2857,Customer Support,"Formatting reports"
EMP-2498,Sales,"Data entry from invoices"
EMP-3012,HR,"Data entry from invoices"
EMP-2430,Sales,"Formatting reports"
EMP-3040,HR,"Interviewing new candidates"
EMP-3511,IT,"Designing a new brand logo"
EMP-3679,HR,"Designing a new brand logo"
EMP-0027,IT,"High-level strategy planning"
EMP-0314,Sales,"Copy-pasting emails into CRM"
EMP-0886,HR,"Resolving employee conflict"
EMP-3024,HR,"Copy-pasting emails into CRM"
EMP-1125,HR,"Designing a new brand logo"
EMP-0574,IT,"High-level strategy planning"
EMP-2862,Sales,"Formatting reports"
EMP-2046,Sales,"Data entry from invoices"
EMP-3210,Sales,"Negotiating a client contract"
EMP-2210,Sales,"Copy-pasting emails into CRM"
EMP-0954,HR,"Negotiating a client contract"
EMP-3384,HR,"Data entry from invoices"
EMP-2179,Marketing,"Formatting reports"
EMP-3851,Customer Support,"Negotiating a client contract"
EMP-0787,IT,"Interviewing new candidates"
EMP-1679,IT,"Resolving employee conflict"
EMP-1087,Customer Support,"Scheduling calendar invites"
EMP-2641,Marketing,"Interviewing new candidates"
EMP-0480,Customer Support,"Data entry from invoices"
EMP-1933,IT,"Interviewing new candidates"
EMP-3412,Customer Support,"Negotiating a client contract"
EMP-2565,HR,"Interviewing new candidates"
EMP-2392,Marketing,"Formatting reports"
EMP-1323,HR,"Leading a brainstorming session"
EMP-3651,HR,"Negotiating a client contract"
EMP-1859,HR,"Copy-pasting emails into CRM"
EMP-1661,IT,"Designing a new brand logo"
EMP-2714,Customer Support,"Copy-pasting emails into CRM"
EMP-4001,Sales,"Extracting numbers from PDFs"
EMP-2147,IT,"Leading a brainstorming session"
EMP-1735,Marketing,"Data entry from invoices"
EMP-0188,Marketing,"Data entry from invoices"
EMP-1457,Customer Support,"Scheduling calendar invites"
EMP-0486,Sales,"Data entry from invoices"
EMP-2805,Sales,"Interviewing new candidates"
EMP-3252,HR,"Negotiating a client contract"
EMP-3067,Customer Support,"Negotiating a client contract"
EMP-3084,Customer Support,"Extracting numbers from PDFs"
EMP-1849,IT,"Resolving employee conflict"
EMP-2080,Customer Support,"Sorting spreadsheets"
EMP-0009,Marketing,"Negotiating a client contract"
EMP-0895,IT,"Data entry from invoices"
EMP-1067,Marketing,"Extracting numbers from PDFs"
EMP-2416,Customer Support,"Copy-pasting emails into CRM"
EMP-2306,Marketing,"Copy-pasting emails into CRM"
EMP-0957,Sales,"Formatting reports"
EMP-1638,Marketing,"Scheduling calendar invites"
EMP-1049,Marketing,"Scheduling calendar invites"
EMP-1735,HR,"Copy-pasting emails into CRM"
EMP-0331,Marketing,"Scheduling calendar invites"
EMP-3751,Marketing,"Scheduling calendar invites"
EMP-2684,Sales,"Formatting reports"
EMP-0717,Marketing,"Negotiating a client contract"
EMP-1150,Sales,"Scheduling calendar invites"
EMP-0514,IT,"Interviewing new candidates"
EMP-1430,Sales,"Extracting numbers from PDFs"
EMP-0440,Customer Support,"Data entry from invoices"
EMP-1326,Customer Support,"Formatting reports"
EMP-3601,Sales,"Data entry from invoices"
EMP-0111,Marketing,"Data entry from invoices"
EMP-1144,HR,"Data entry from invoices"
EMP-1326,IT,"Negotiating a client contract"
EMP-1316,Sales,"Interviewing new candidates"
EMP-1485,Customer Support,"Sorting spreadsheets"
EMP-2573,Marketing,"Copy-pasting emails into CRM"
EMP-3650,HR,"High-level strategy planning"
EMP-3651,Marketing,"Copy-pasting emails into CRM"
EMP-0441,Marketing,"Sorting spreadsheets"
EMP-0590,HR,"Data entry from invoices"
EMP-1026,IT,"High-level strategy planning"
EMP-1697,Customer Support,"Data entry from invoices"
EMP-2028,IT,"Designing a new brand logo"
EMP-3389,IT,"Interviewing new candidates"
EMP-2948,HR,"High-level strategy planning"
EMP-1183,Sales,"Scheduling calendar invites"
EMP-1399,Sales,"Formatting reports"
EMP-1686,IT,"Designing a new brand logo"
EMP-2685,IT,"Data entry from invoices"
EMP-1404,IT,"Resolving employee conflict"
EMP-3668,Marketing,"Sorting spreadsheets"
EMP-1970,Customer Support,"Copy-pasting emails into CRM"
EMP-1933,Marketing,"Scheduling calendar invites"
EMP-1730,Sales,"Data entry from invoices"
EMP-2777,IT,"Interviewing new candidates"
EMP-0341,HR,"Copy-pasting emails into CRM"
EMP-2908,HR,"Resolving employee conflict"
EMP-2526,Marketing,"Interviewing new candidates"
EMP-0968,HR,"Negotiating a client contract"
EMP-1162,HR,"Data entry from invoices"
EMP-3556,Customer Support,"Copy-pasting emails into CRM"
EMP-2653,HR,"Negotiating a client contract"
EMP-2392,Marketing,"Extracting numbers from PDFs"
EMP-0522,Sales,"Extracting numbers from PDFs"
EMP-3810,HR,"Leading a brainstorming session"
EMP-3905,HR,"Interviewing new candidates"
EMP-1049,Customer Support,"Formatting reports"
EMP-2341,Marketing,"Negotiating a client contract"
EMP-2220,Marketing,"Scheduling calendar invites"
EMP-2445,Marketing,"Interviewing new candidates"
EMP-0177,HR,"Copy-pasting emails into CRM"
EMP-0572,IT,"Copy-pasting emails into CRM"
EMP-3285,Marketing,"Negotiating a client contract"
EMP-3674,Sales,"Scheduling calendar invites"
EMP-3998,Customer Support,"Formatting reports"
EMP-2212,HR,"High-level strategy planning"
EMP-3942,Customer Support,"Interviewing new candidates"
EMP-3619,IT,"Data entry from invoices"
EMP-2965,Sales,"Data entry from invoices"
EMP-3197,Sales,"Sorting spreadsheets"
EMP-0369,IT,"Negotiating a client contract"
EMP-2631,Customer Support,"Formatting reports"
EMP-3973,HR,"Data entry from invoices"
EMP-3280,Sales,"Extracting numbers from PDFs"
EMP-1879,Marketing,"Sorting spreadsheets"
EMP-0967,HR,"Data entry from invoices"
EMP-1434,Marketing,"Data entry from invoices"
EMP-0073,HR,"Leading a brainstorming session"
EMP-3958,HR,"Interviewing new candidates"
EMP-0796,IT,"Data entry from invoices"
EMP-3907,Marketing,"Sorting spreadsheets"
EMP-3757,Sales,"Data entry from invoices"
EMP-3478,IT,"Resolving employee conflict"
EMP-1064,Sales,"Data entry from invoices"
EMP-0403,HR,"Interviewing new candidates"
EMP-3660,IT,"Interviewing new candidates"
EMP-3483,IT,"Negotiating a client contract"
EMP-3639,HR,"Designing a new brand logo"
EMP-3279,Customer Support,"Data entry from invoices"
EMP-0902,Marketing,"Negotiating a client contract"
EMP-3461,Marketing,"Sorting spreadsheets"
EMP-3199,IT,"Copy-pasting emails into CRM"
EMP-1206,Customer Support,"Negotiating a client contract"
EMP-1749,Sales,"Formatting reports"
EMP-0497,HR,"Copy-pasting emails into CRM"
EMP-1233,HR,"Designing a new brand logo"
EMP-3572,Customer Support,"Negotiating a client contract"
EMP-3785,Customer Support,"Copy-pasting emails into CRM"
EMP-0110,HR,"Designing a new brand logo"
EMP-0830,HR,"Resolving employee conflict"
EMP-2539,Marketing,"Formatting reports"
EMP-3254,Sales,"Data entry from invoices"
EMP-3116,HR,"Data entry from invoices"
EMP-2265,HR,"Data entry from invoices"
EMP-0211,Marketing,"Scheduling calendar invites"
EMP-2696,Marketing,"Extracting numbers from PDFs"
EMP-3008,Marketing,"Copy-pasting emails into CRM"
EMP-3511,Sales,"Copy-pasting emails into CRM"
EMP-1156,IT,"Designing a new brand logo"
EMP-0136,Marketing,"Extracting numbers from PDFs"
EMP-2456,IT,"Data entry from invoices"
EMP-2104,Sales,"Interviewing new candidates"
EMP-3116,HR,"Copy-pasting emails into CRM"
EMP-0277,IT,"Copy-pasting emails into CRM"
EMP-2279,HR,"Interviewing new candidates"
EMP-1461,Customer Support,"Sorting spreadsheets"
EMP-3131,Sales,"Formatting reports"
EMP-0277,HR,"Resolving employee conflict"
EMP-3868,IT,"Interviewing new candidates"
EMP-2317,Marketing,"Sorting spreadsheets"
EMP-1647,Marketing,"Negotiating a client contract"
EMP-2091,Sales,"Sorting spreadsheets"
EMP-3805,IT,"High-level strategy planning"
EMP-1529,Sales,"Copy-pasting emails into CRM"
EMP-1647,HR,"Copy-pasting emails into CRM"
EMP-3877,Sales,"Data entry from invoices"
EMP-3860,Sales,"Sorting spreadsheets"
EMP-2342,Marketing,"Scheduling calendar invites"
EMP-2169,Customer Support,"Data entry from invoices"
EMP-3886,IT,"Designing a new brand logo"
EMP-3963,Sales,"Sorting spreadsheets"
EMP-1276,Customer Support,"Copy-pasting emails into CRM"
EMP-0599,Marketing,"Negotiating a client contract"
EMP-2253,Marketing,"Formatting reports"
EMP-2373,Marketing,"Copy-pasting emails into CRM"
EMP-1071,Customer Support,"Formatting reports"
EMP-3120,IT,"High-level strategy planning"
EMP-3498,Marketing,"Sorting spreadsheets"
EMP-0575,Sales,"Data entry from invoices"
EMP-0258,IT,"Resolving employee conflict"
EMP-2866,Sales,"Extracting numbers from PDFs"
EMP-0485,Customer Support,"Data entry from invoices"
EMP-2206,HR,"Leading a brainstorming session"
EMP-0820,Customer Support,"Interviewing new candidates"
EMP-2510,IT,"Data entry from invoices"
EMP-1149,Customer Support,"Formatting reports"
EMP-2033,Customer Support,"Extracting numbers from PDFs"
EMP-0439,HR,"Leading a brainstorming session"
EMP-1561,Sales,"Negotiating a client contract"
EMP-3130,Customer Support,"Data entry from invoices"
EMP-1494,Marketing,"Sorting spreadsheets"
EMP-2201,Customer Support,"Formatting reports"
EMP-1541,HR,"Leading a brainstorming session"
EMP-2926,Sales,"Formatting reports"
EMP-2710,Customer Support,"Data entry from invoices"
EMP-0335,Customer Support,"Negotiating a client contract"
EMP-1379,Sales,"Negotiating a client contract"
EMP-2957,HR,"Resolving employee conflict"
EMP-2375,IT,"Copy-pasting emails into CRM"
EMP-2635,Sales,"Copy-pasting emails into CRM"
EMP-1891,Marketing,"Copy-pasting emails into CRM"
EMP-2182,IT,"Copy-pasting emails into CRM"
EMP-0205,HR,"Leading a brainstorming session"
EMP-3972,Customer Support,"Formatting reports"
EMP-0381,IT,"Interviewing new candidates"
EMP-0763,Customer Support,"Scheduling calendar invites"
EMP-3918,HR,"Designing a new brand logo"
EMP-2749,Marketing,"Interviewing new candidates"
EMP-3913,HR,"Interviewing new candidates"
EMP-3282,Customer Support,"Scheduling calendar invites"
EMP-2703,IT,"Interviewing new candidates"
EMP-0771,HR,"High-level strategy planning"
EMP-3899,Sales,"Interviewing new candidates"
EMP-0380,IT,"Resolving employee conflict"
EMP-3068,Marketing,"Sorting spreadsheets"
EMP-0880,Sales,"Scheduling calendar invites"
EMP-1694,Sales,"Extracting numbers from PDFs"
EMP-0828,Customer Support,"Extracting numbers from PDFs"
EMP-2561,HR,"Leading a brainstorming session"
EMP-1632,Sales,"Copy-pasting emails into CRM"
EMP-3751,Marketing,"Formatting reports"
EMP-3588,Marketing,"Data entry from invoices"
EMP-2178,IT,"Leading a brainstorming session"
EMP-1120,Sales,"Sorting spreadsheets"
EMP-1647,HR,"Leading a brainstorming session"
EMP-1072,IT,"Data entry from invoices"
EMP-0325,Customer Support,"Extracting numbers from PDFs"
EMP-2278,IT,"High-level strategy planning"
EMP-2925,IT,"Interviewing new candidates"
EMP-2136,Customer Support,"Data entry from invoices"
EMP-1616,Marketing,"Data entry from invoices"
EMP-0958,Customer Support,"Copy-pasting emails into CRM"
EMP-1370,Sales,"Extracting numbers from PDFs"
EMP-1502,IT,"Resolving employee conflict"
EMP-2529,HR,"Resolving employee conflict"
EMP-3270,HR,"Data entry from invoices"
EMP-3984,Marketing,"Data entry from invoices"
EMP-1011,Marketing,"Extracting numbers from PDFs"
EMP-2796,Customer Support,"Copy-pasting emails into CRM"
EMP-2219,Sales,"Scheduling calendar invites"
EMP-1951,HR,"Negotiating a client contract"
EMP-3530,Marketing,"Copy-pasting emails into CRM"
EMP-3004,HR,"Negotiating a client contract"
EMP-3939,IT,"Copy-pasting emails into CRM"
EMP-1335,IT,"Resolving employee conflict"
EMP-1450,Customer Support,"Formatting reports"
EMP-3766,Customer Support,"Extracting numbers from PDFs"
EMP-1311,HR,"Designing a new brand logo"
EMP-2183,IT,"Resolving employee conflict"
EMP-3050,HR,"Negotiating a client contract"
EMP-1379,Marketing,"Copy-pasting emails into CRM"
EMP-2089,HR,"Designing a new brand logo"
EMP-0162,Customer Support,"Extracting numbers from PDFs"
EMP-1400,HR,"Copy-pasting emails into CRM"
EMP-2666,HR,"Leading a brainstorming session"
EMP-1371,Marketing,"Interviewing new candidates"
EMP-1441,Sales,"Formatting reports"
EMP-0639,IT,"Data entry from invoices"
EMP-0673,HR,"Copy-pasting emails into CRM"
EMP-0838,HR,"Interviewing new candidates"
EMP-1729,Customer Support,"Negotiating a client contract"
EMP-0024,Customer Support,"Data entry from invoices"
EMP-1426,Customer Support,"Scheduling calendar invites"
EMP-0197,IT,"Designing a new brand logo"
EMP-0590,IT,"Leading a brainstorming session"
EMP-1571,Marketing,"Scheduling calendar invites"
EMP-3039,HR,"Negotiating a client contract"
EMP-1325,IT,"Copy-pasting emails into CRM"
EMP-0551,Marketing,"Sorting spreadsheets"
EMP-2118,HR,"Negotiating a client contract"
EMP-1585,Sales,"Data entry from invoices"
EMP-0938,IT,"Interviewing new candidates"
EMP-0844,Marketing,"Negotiating a client contract"
EMP-3183,HR,"Interviewing new candidates"
EMP-1777,HR,"Leading a brainstorming session"
EMP-0695,Customer Support,"Sorting spreadsheets"
EMP-2459,Customer Support,"Data entry from invoices"
EMP-3585,Customer Support,"Copy-pasting emails into CRM"
EMP-3823,Marketing,"Interviewing new candidates"
EMP-3298,HR,"Negotiating a client contract"
EMP-0362,HR,"Interviewing new candidates"
EMP-2398,IT,"Copy-pasting emails into CRM"
EMP-0179,Marketing,"Interviewing new candidates"
EMP-0710,IT,"Leading a brainstorming session"
EMP-2679,Customer Support,"Formatting reports"
EMP-0434,Customer Support,"Copy-pasting emails into CRM"
EMP-3519,Marketing,"Data entry from invoices"
EMP-2787,Marketing,"Interviewing new candidates"
EMP-0065,IT,"Designing a new brand logo"
EMP-1248,Marketing,"Copy-pasting emails into CRM"
EMP-1536,Marketing,"Extracting numbers from PDFs"
EMP-1417,Marketing,"Extracting numbers from PDFs"
EMP-3966,IT,"Data entry from invoices"
EMP-0321,HR,"Interviewing new candidates"
EMP-0968,IT,"Designing a new brand logo"
EMP-2222,IT,"Interviewing new candidates"
EMP-1784,Sales,"Sorting spreadsheets"
EMP-3437,IT,"Copy-pasting emails into CRM"
EMP-2444,Customer Support,"Data entry from invoices"
EMP-3337,Customer Support,"Scheduling calendar invites"
EMP-1471,HR,"Data entry from invoices"
EMP-1517,Marketing,"Sorting spreadsheets"
EMP-1477,Customer Support,"Interviewing new candidates"
EMP-1805,Marketing,"Data entry from invoices"
EMP-0834,Sales,"Sorting spreadsheets"
EMP-0101,Marketing,"Extracting numbers from PDFs"
EMP-1405,Sales,"Interviewing new candidates"
EMP-0299,Marketing,"Extracting numbers from PDFs"
EMP-3085,Sales,"Copy-pasting emails into CRM"
EMP-1172,Marketing,"Extracting numbers from PDFs"
EMP-0450,Sales,"Negotiating a client contract"
EMP-1016,Marketing,"Data entry from invoices"
EMP-3429,Sales,"Scheduling calendar invites"
EMP-2608,Sales,"Sorting spreadsheets"
EMP-0062,Sales,"Interviewing new candidates"
EMP-3033,IT,"Designing a new brand logo"
EMP-1072,Marketing,"Data entry from invoices"
EMP-2070,HR,"Leading a brainstorming session"
EMP-3841,Marketing,"Extracting numbers from PDFs"
EMP-0273,HR,"Data entry from invoices"
EMP-2949,Marketing,"Copy-pasting emails into CRM"
EMP-0187,Marketing,"Sorting spreadsheets"
EMP-3391,Sales,"Interviewing new candidates"
EMP-2972,HR,"High-level strategy planning"
EMP-0922,Customer Support,"Scheduling calendar invites"
EMP-1347,Customer Support,"Interviewing new candidates"
EMP-1177,IT,"Interviewing new candidates"
EMP-3758,HR,"Negotiating a client contract"
EMP-0388,Sales,"Extracting numbers from PDFs"
EMP-1130,Sales,"Extracting numbers from PDFs"
EMP-0256,Customer Support,"Sorting spreadsheets"
EMP-2264,IT,"Interviewing new candidates"
EMP-0074,Customer Support,"Formatting reports"
EMP-0887,Customer Support,"Scheduling calendar invites"
EMP-0193,Customer Support,"Scheduling calendar invites"
EMP-1181,IT,"Negotiating a client contract"
EMP-3585,Customer Support,"Data entry from invoices"
EMP-2204,Sales,"Sorting spreadsheets"
EMP-2347,IT,"Data entry from invoices"
EMP-2142,HR,"Data entry from invoices"
EMP-1638,Marketing,"Data entry from invoices"
EMP-0659,Marketing,"Formatting reports"
EMP-0777,Sales,"Negotiating a client contract"
EMP-0051,Customer Support,"Sorting spreadsheets"
EMP-3981,Marketing,"Extracting numbers from PDFs"
EMP-0610,Marketing,"Copy-pasting emails into CRM"
EMP-2452,Marketing,"Copy-pasting emails into CRM"
EMP-1809,HR,"Interviewing new candidates"
EMP-3074,Sales,"Copy-pasting emails into CRM"
EMP-3656,Customer Support,"Scheduling calendar invites"
EMP-2677,IT,"Leading a brainstorming session"
EMP-3975,Customer Support,"Interviewing new candidates"
EMP-1674,HR,"Copy-pasting emails into CRM"
EMP-1064,Marketing,"Interviewing new candidates"
EMP-1439,HR,"Interviewing new candidates"
EMP-0887,Customer Support,"Scheduling calendar invites"
EMP-2622,Marketing,"Formatting reports"
EMP-1034,HR,"Leading a brainstorming session"
EMP-0642,Customer Support,"Data entry from invoices"
EMP-1160,Marketing,"Formatting reports"
EMP-3343,Customer Support,"Interviewing new candidates"
EMP-0223,Customer Support,"Formatting reports"
EMP-0425,Marketing,"Sorting spreadsheets"
EMP-3829,IT,"Copy-pasting emails into CRM"
EMP-2985,Sales,"Interviewing new candidates"
EMP-3816,Marketing,"Copy-pasting emails into CRM"
EMP-3229,Customer Support,"Extracting numbers from PDFs"
EMP-2844,Sales,"Interviewing new candidates"
EMP-2070,Marketing,"Formatting reports"
EMP-2684,HR,"Data entry from invoices"
EMP-0806,HR,"Negotiating a client contract"
EMP-1024,IT,"Resolving employee conflict"
EMP-3162,HR,"Negotiating a client contract"
EMP-2128,HR,"Data entry from invoices"
EMP-3322,IT,"Leading a brainstorming session"
EMP-3007,IT,"Negotiating a client contract"
EMP-3182,HR,"Leading a brainstorming session"
EMP-3392,IT,"Copy-pasting emails into CRM"
EMP-0330,Marketing,"Extracting numbers from PDFs"
EMP-0958,Marketing,"Sorting spreadsheets"
EMP-2634,HR,"High-level strategy planning"
EMP-2901,IT,"Interviewing new candidates"
EMP-2513,IT,"Designing a new brand logo"
EMP-3957,IT,"High-level strategy planning"
EMP-3849,IT,"Data entry from invoices"
EMP-1803,Customer Support,"Scheduling calendar invites"
EMP-3253,Marketing,"Data entry from invoices"
EMP-0728,Customer Support,"Negotiating a client contract"
EMP-2802,HR,"Leading a brainstorming session"
EMP-1374,IT,"Designing a new brand logo"
EMP-1060,Sales,"Formatting reports"
EMP-1647,IT,"Data entry from invoices"
EMP-1092,Marketing,"Formatting reports"
EMP-3414,IT,"Data entry from invoices"
EMP-3017,HR,"Resolving employee conflict"
EMP-1438,IT,"High-level strategy planning"
EMP-0781,Customer Support,"Extracting numbers from PDFs"
EMP-1328,IT,"Negotiating a client contract"
EMP-1170,HR,"High-level strategy planning"
EMP-1881,Sales,"Sorting spreadsheets"
EMP-1359,Marketing,"Scheduling calendar invites"
EMP-0042,Marketing,"Negotiating a client contract"
EMP-2433,Marketing,"Extracting numbers from PDFs"
EMP-3521,Marketing,"Extracting numbers from PDFs"
EMP-0029,Customer Support,"Data entry from invoices"
EMP-0523,Sales,"Sorting spreadsheets"
EMP-0338,HR,"Negotiating a client contract"
EMP-1574,HR,"Data entry from invoices"
EMP-0392,Customer Support,"Copy-pasting emails into CRM"
EMP-0109,Marketing,"Extracting numbers from PDFs"
EMP-3249,HR,"Data entry from invoices"
EMP-1240,Customer Support,"Scheduling calendar invites"
EMP-2859,HR,"Negotiating a client contract"
EMP-3685,HR,"Resolving employee conflict"
EMP-3865,Marketing,"Formatting reports"
EMP-2953,IT,"High-level strategy planning"
EMP-2938,Customer Support,"Extracting numbers from PDFs"
EMP-3590,Sales,"Interviewing new candidates"
EMP-2017,IT,"Copy-pasting emails into CRM"
EMP-2224,HR,"Data entry from invoices"
EMP-0216,Customer Support,"Interviewing new candidates"
EMP-3350,Customer Support,"Extracting numbers from PDFs"
EMP-0082,Marketing,"Formatting reports"
EMP-2462,Customer Support,"Scheduling calendar invites"
EMP-1566,Customer Support,"Formatting reports"
EMP-2450,HR,"High-level strategy planning"
EMP-3914,Marketing,"Extracting numbers from PDFs"
EMP-3661,Sales,"Sorting spreadsheets"
EMP-1224,HR,"High-level strategy planning"
EMP-1950,Marketing,"Formatting reports"
EMP-1529,Sales,"Negotiating a client contract"
EMP-3831,Customer Support,"Interviewing new candidates"
EMP-1004,HR,"Leading a brainstorming session"
EMP-3014,IT,"Copy-pasting emails into CRM"
EMP-2101,Customer Support,"Interviewing new candidates"
EMP-3106,HR,"Leading a brainstorming session"
EMP-3480,IT,"Copy-pasting emails into CRM"
EMP-3256,IT,"Copy-pasting emails into CRM"
EMP-0897,Customer Support,"Interviewing new candidates"
EMP-1409,Customer Support,"Formatting reports"
EMP-2274,Sales,"Extracting numbers from PDFs"
EMP-2721,HR,"Copy-pasting emails into CRM"
EMP-3886,IT,"Copy-pasting emails into CRM"
EMP-0225,Customer Support,"Sorting spreadsheets"
EMP-3882,Customer Support,"Extracting numbers from PDFs"
EMP-1833,HR,"High-level strategy planning"
EMP-1694,IT,"Interviewing new candidates"
EMP-3510,Marketing,"Data entry from invoices"
EMP-3777,Marketing,"Extracting numbers from PDFs"
EMP-3339,HR,"Resolving employee conflict"
EMP-1075,Marketing,"Interviewing new candidates"
EMP-1586,Sales,"Scheduling calendar invites"
EMP-1775,Customer Support,"Extracting numbers from PDFs"
EMP-3550,Customer Support,"Scheduling calendar invites"
EMP-0110,Sales,"Formatting reports"
EMP-2912,IT,"Resolving employee conflict"
EMP-1917,IT,"Resolving employee conflict"
EMP-3123,HR,"Leading a brainstorming session"
EMP-3068,HR,"Data entry from invoices"
EMP-3509,IT,"Negotiating a client contract"
EMP-2799,Marketing,"Sorting spreadsheets"
EMP-2645,Customer Support,"Formatting reports"
EMP-0364,HR,"Interviewing new candidates"
EMP-3190,IT,"Interviewing new candidates"
EMP-0704,Customer Support,"Interviewing new candidates"
EMP-3177,Marketing,"Formatting reports"
EMP-0799,HR,"Negotiating a client contract"
EMP-2678,Sales,"Data entry from invoices"
EMP-0740,Customer Support,"Interviewing new candidates"
EMP-0255,Sales,"Interviewing new candidates"
EMP-2174,Marketing,"Data entry from invoices"
EMP-3483,Sales,"Scheduling calendar invites"
EMP-2602,HR,"High-level strategy planning"
EMP-3424,Marketing,"Copy-pasting emails into CRM"
EMP-2610,IT,"Designing a new brand logo"
EMP-1997,HR,"Data entry from invoices"
EMP-1389,Sales,"Sorting spreadsheets"
EMP-2576,Marketing,"Scheduling calendar invites"
EMP-0328,HR,"High-level strategy planning"
EMP-3563,HR,"Copy-pasting emails into CRM"
EMP-3614,Marketing,"Sorting spreadsheets"
EMP-2484,IT,"Resolving employee conflict"
EMP-3464,Marketing,"Scheduling calendar invites"
EMP-1448,Marketing,"Sorting spreadsheets"
EMP-3126,Customer Support,"Extracting numbers from PDFs"
EMP-0072,HR,"Resolving employee conflict"
EMP-2267,Customer Support,"Extracting numbers from PDFs"
EMP-3462,HR,"Data entry from invoices"
EMP-2770,Marketing,"Data entry from invoices"
EMP-2196,Marketing,"Sorting spreadsheets"
EMP-3600,Marketing,"Formatting reports"
EMP-1931,IT,"Data entry from invoices"
EMP-0516,IT,"Data entry from invoices"
EMP-3679,Customer Support,"Extracting numbers from PDFs"
EMP-3494,HR,"Data entry from invoices"
EMP-2255,IT,"Negotiating a client contract"
EMP-2288,Sales,"Data entry from invoices"
EMP-1347,Customer Support,"Copy-pasting emails into CRM"
EMP-3033,IT,"Copy-pasting emails into CRM"
EMP-2875,Customer Support,"Copy-pasting emails into CRM"
EMP-1115,Marketing,"Copy-pasting emails into CRM"
EMP-0563,Sales,"Negotiating a client contract"
EMP-3720,IT,"Negotiating a client contract"
EMP-1346,Marketing,"Negotiating a client contract"
EMP-1128,IT,"Data entry from invoices"
EMP-2113,Marketing,"Copy-pasting emails into CRM"
EMP-2685,IT,"Leading a brainstorming session"
EMP-3623,Sales,"Sorting spreadsheets"
EMP-2395,IT,"Interviewing new candidates"
EMP-1452,Sales,"Interviewing new candidates"
EMP-2444,Customer Support,"Extracting numbers from PDFs"
EMP-2342,HR,"Interviewing new candidates"
EMP-1749,Customer Support,"Negotiating a client contract"
EMP-1780,Marketing,"Data entry from invoices"
EMP-1277,Sales,"Sorting spreadsheets"
EMP-0132,Sales,"Interviewing new candidates"
EMP-2480,Customer Support,"Data entry from invoices"
EMP-3214,HR,"Negotiating a client contract"
EMP-3341,HR,"Interviewing new candidates"
EMP-2280,Customer Support,"Interviewing new candidates"
EMP-3103,IT,"Designing a new brand logo"
EMP-3308,Marketing,"Copy-pasting emails into CRM"
EMP-3070,HR,"Leading a brainstorming session"
EMP-2072,Customer Support,"Interviewing new candidates"
EMP-0824,Customer Support,"Interviewing new candidates"
EMP-0252,Sales,"Interviewing new candidates"
EMP-3477,Sales,"Copy-pasting emails into CRM"
EMP-0091,Sales,"Sorting spreadsheets"
EMP-2551,IT,"High-level strategy planning"
EMP-1141,Marketing,"Formatting reports"
EMP-1300,Sales,"Interviewing new candidates"
EMP-1579,Customer Support,"Extracting numbers from PDFs"
EMP-2661,Marketing,"Scheduling calendar invites"
EMP-1029,Customer Support,"Negotiating a client contract"
EMP-0745,Marketing,"Copy-pasting emails into CRM"
EMP-2235,Customer Support,"Negotiating a client contract"
EMP-2867,HR,"Negotiating a client contract"
EMP-2071,IT,"Copy-pasting emails into CRM"
EMP-0062,Customer Support,"Extracting numbers from PDFs"
EMP-1771,Sales,"Extracting numbers from PDFs"
EMP-1023,IT,"Designing a new brand logo"
EMP-3844,IT,"Copy-pasting emails into CRM"
EMP-2835,Marketing,"Extracting numbers from PDFs"
EMP-1784,Marketing,"Sorting spreadsheets"
EMP-2357,IT,"Leading a brainstorming session"
EMP-0553,Sales,"Sorting spreadsheets"
EMP-0692,Marketing,"Interviewing new candidates"
EMP-3974,Customer Support,"Sorting spreadsheets"
EMP-2566,Marketing,"Scheduling calendar invites"
EMP-1563,IT,"Copy-pasting emails into CRM"
EMP-0729,Marketing,"Extracting numbers from PDFs"
EMP-0036,Marketing,"Data entry from invoices"
EMP-0562,Marketing,"Scheduling calendar invites"
EMP-1635,Sales,"Sorting spreadsheets"
EMP-2556,Marketing,"Data entry from invoices"
EMP-0815,Sales,"Formatting reports"
EMP-0629,IT,"Copy-pasting emails into CRM"
EMP-2465,Marketing,"Negotiating a client contract"
EMP-3935,Customer Support,"Extracting numbers from PDFs"
EMP-2258,Marketing,"Formatting reports"
EMP-2909,Customer Support,"Scheduling calendar invites"
EMP-2301,IT,"High-level strategy planning"
EMP-0273,Marketing,"Formatting reports"
EMP-2274,Marketing,"Extracting numbers from PDFs"
EMP-1897,Customer Support,"Extracting numbers from PDFs"
EMP-1434,Sales,"Data entry from invoices"
EMP-1608,Sales,"Negotiating a client contract"
EMP-3866,HR,"High-level strategy planning"
EMP-2468,Sales,"Data entry from invoices"
EMP-0052,IT,"Leading a brainstorming session"
EMP-1556,Marketing,"Formatting reports"
EMP-0582,Sales,"Data entry from invoices"
EMP-1319,Customer Support,"Sorting spreadsheets"
EMP-2547,HR,"Copy-pasting emails into CRM"
EMP-1940,IT,"Interviewing new candidates"
EMP-0047,Customer Support,"Formatting reports"
EMP-0898,IT,"Interviewing new candidates"
EMP-3731,Marketing,"Scheduling calendar invites"
EMP-0982,HR,"Data entry from invoices"
EMP-1683,Sales,"Copy-pasting emails into CRM"
EMP-2681,HR,"Negotiating a client contract"
EMP-1086,Customer Support,"Scheduling calendar invites"
EMP-1629,Marketing,"Interviewing new candidates"
EMP-0313,Customer Support,"Formatting reports"
EMP-1881,HR,"Resolving employee conflict"
EMP-3950,IT,"Resolving employee conflict"
EMP-2209,Sales,"Copy-pasting emails into CRM"
EMP-3994,Customer Support,"Copy-pasting emails into CRM"
EMP-1393,HR,"Copy-pasting emails into CRM"
EMP-0030,IT,"Interviewing new candidates"
EMP-0478,HR,"High-level strategy planning"
EMP-1022,Sales,"Negotiating a client contract"
EMP-3719,Sales,"Scheduling calendar invites"
EMP-1742,Sales,"Data entry from invoices"
EMP-2589,HR,"Copy-pasting emails into CRM"
EMP-3656,Sales,"Formatting reports"
EMP-3304,Sales,"Data entry from invoices"
EMP-0721,Sales,"Data entry from invoices"
EMP-0970,HR,"High-level strategy planning"
EMP-3090,Customer Support,"Formatting reports"
EMP-3987,IT,"Leading a brainstorming session"
EMP-2857,IT,"Resolving employee conflict"
EMP-2974,Marketing,"Formatting reports"
EMP-3475,Sales,"Data entry from invoices"
EMP-2126,HR,"Interviewing new candidates"
EMP-2726,IT,"Resolving employee conflict"
EMP-0556,IT,"Resolving employee conflict"
EMP-0643,Marketing,"Scheduling calendar invites"
EMP-0467,Marketing,"Copy-pasting emails into CRM"
EMP-3761,Marketing,"Sorting spreadsheets"
EMP-3644,Marketing,"Sorting spreadsheets"
EMP-1889,IT,"Designing a new brand logo"
EMP-1206,HR,"Negotiating a client contract"
EMP-1938,IT,"Leading a brainstorming session"
EMP-1095,Marketing,"Sorting spreadsheets"
EMP-1033,IT,"Data entry from invoices"
EMP-0132,Sales,"Interviewing new candidates"
EMP-3589,HR,"High-level strategy planning"
EMP-3594,HR,"Designing a new brand logo"
EMP-2643,Sales,"Copy-pasting emails into CRM"
EMP-2653,Marketing,"Scheduling calendar invites"
EMP-2071,Sales,"Sorting spreadsheets"
EMP-3088,Marketing,"Scheduling calendar invites"
EMP-3577,Customer Support,"Interviewing new candidates"
EMP-3291,Marketing,"Sorting spreadsheets"
EMP-1351,IT,"Interviewing new candidates"
EMP-2475,Marketing,"Interviewing new candidates"
EMP-2778,Sales,"Data entry from invoices"
EMP-0867,Marketing,"Formatting reports"
EMP-1731,Customer Support,"Scheduling calendar invites"
EMP-2268,Marketing,"Sorting spreadsheets"
EMP-3748,Customer Support,"Sorting spreadsheets"
EMP-3616,Sales,"Sorting spreadsheets"
EMP-3274,IT,"Designing a new brand logo"
EMP-0995,HR,"Data entry from invoices"
EMP-2654,Customer Support,"Copy-pasting emails into CRM"
EMP-3457,Sales,"Sorting spreadsheets"
EMP-0036,HR,"Data entry from invoices"
EMP-2440,HR,"Leading a brainstorming session"
EMP-3436,HR,"Leading a brainstorming session"
EMP-2047,Marketing,"Copy-pasting emails into CRM"
EMP-1248,Sales,"Negotiating a client contract"
EMP-0007,Customer Support,"Sorting spreadsheets"
EMP-0012,Customer Support,"Negotiating a client contract"
EMP-0077,Sales,"Formatting reports"
EMP-1284,HR,"Data entry from invoices"
EMP-0707,Sales,"Extracting numbers from PDFs"
EMP-2761,Sales,"Scheduling calendar invites"
EMP-3321,Customer Support,"Copy-pasting emails into CRM"
EMP-1035,Sales,"Extracting numbers from PDFs"
EMP-1693,Marketing,"Negotiating a client contract"
EMP-1574,IT,"Copy-pasting emails into CRM"
EMP-1910,Customer Support,"Data entry from invoices"
EMP-2888,IT,"Designing a new brand logo"
EMP-2138,IT,"Leading a brainstorming session"
EMP-0225,HR,"Data entry from invoices"
EMP-0031,Customer Support,"Formatting reports"
EMP-3209,HR,"Leading a brainstorming session"
EMP-2331,Marketing,"Interviewing new candidates"
EMP-2486,IT,"Designing a new brand logo"
EMP-3117,HR,"Resolving employee conflict"
EMP-0532,Marketing,"Formatting reports"
EMP-0446,HR,"Designing a new brand logo"
EMP-1040,Sales,"Formatting reports"
EMP-3550,IT,"High-level strategy planning"
EMP-3618,Customer Support,"Interviewing new candidates"
EMP-3276,IT,"Leading a brainstorming session"
EMP-2330,Marketing,"Formatting reports"
EMP-1634,Sales,"Sorting spreadsheets"
EMP-1169,Marketing,"Interviewing new candidates"
EMP-3375,Sales,"Data entry from invoices"
EMP-1758,Sales,"Scheduling calendar invites"
EMP-3778,Sales,"Scheduling calendar invites"
EMP-0078,Marketing,"Sorting spreadsheets"
EMP-1257,Marketing,"Copy-pasting emails into CRM"
EMP-0326,Marketing,"Extracting numbers from PDFs"
EMP-2848,Sales,"Extracting numbers from PDFs"
EMP-0319,Marketing,"Copy-pasting emails into CRM"
EMP-0535,Marketing,"Extracting numbers from PDFs"
EMP-2852,HR,"Leading a brainstorming session"
EMP-2416,Sales,"Interviewing new candidates"
EMP-1679,Sales,"Negotiating a client contract"
EMP-3868,HR,"Designing a new brand logo"
EMP-3344,Sales,"Formatting reports"
EMP-3418,Customer Support,"Sorting spreadsheets"
EMP-3825,Marketing,"Interviewing new candidates"
EMP-1407,Marketing,"Extracting numbers from PDFs"
EMP-1184,IT,"Negotiating a client contract"
EMP-1015,Customer Support,"Data entry from invoices"
EMP-0779,HR,"Designing a new brand logo"
EMP-2232,Customer Support,"Formatting reports"
EMP-1865,IT,"Negotiating a client contract"
EMP-2236,IT,"High-level strategy planning"
EMP-0818,IT,"Negotiating a client contract"
EMP-3639,Customer Support,"Interviewing new candidates"
EMP-0645,Customer Support,"Copy-pasting emails into CRM"
EMP-2042,Marketing,"Interviewing new candidates"
EMP-1675,Customer Support,"Scheduling calendar invites"
EMP-2039,HR,"Copy-pasting emails into CRM"
EMP-0038,IT,"High-level strategy planning"
EMP-2501,HR,"Leading a brainstorming session"
EMP-2745,HR,"High-level strategy planning"
EMP-3675,Sales,"Data entry from invoices"
EMP-3649,Sales,"Interviewing new candidates"
EMP-1497,Sales,"Formatting reports"
EMP-1291,IT,"Negotiating a client contract"
EMP-1859,Marketing,"Copy-pasting emails into CRM"
EMP-3264,IT,"Resolving employee conflict"
EMP-2251,HR,"Negotiating a client contract"
EMP-1973,Marketing,"Copy-pasting emails into CRM"
EMP-1988,Marketing,"Formatting reports"
EMP-1687,Marketing,"Data entry from invoices"
EMP-0577,IT,"Negotiating a client contract"
EMP-2287,Marketing,"Interviewing new candidates"
EMP-1283,HR,"Resolving employee conflict"
EMP-2111,IT,"Copy-pasting emails into CRM"
EMP-3081,HR,"Data entry from invoices"
EMP-3390,IT,"Data entry from invoices"
EMP-3647,IT,"Copy-pasting emails into CRM"
EMP-1703,Customer Support,"Sorting spreadsheets"
EMP-3841,Sales,"Sorting spreadsheets"
EMP-1792,IT,"Data entry from invoices"
EMP-2271,Customer Support,"Sorting spreadsheets"
EMP-3839,HR,"High-level strategy planning"
EMP-1408,IT,"Negotiating a client contract"
EMP-2899,IT,"Data entry from invoices"
EMP-2545,HR,"Negotiating a client contract"
EMP-3480,IT,"Leading a brainstorming session"
EMP-2873,Sales,"Sorting spreadsheets"
EMP-2496,Sales,"Formatting reports"
EMP-0307,Sales,"Interviewing new candidates"
EMP-1159,Sales,"Scheduling calendar invites"
EMP-2336,HR,"Interviewing new candidates"
EMP-3959,Marketing,"Negotiating a client contract"
EMP-2977,Sales,"Interviewing new candidates"
EMP-2812,Marketing,"Extracting numbers from PDFs"
EMP-3412,HR,"Designing a new brand logo"
EMP-0922,HR,"Leading a brainstorming session"
EMP-2735,Customer Support,"Sorting spreadsheets"
EMP-0075,Customer Support,"Copy-pasting emails into CRM"
EMP-3660,HR,"Data entry from invoices"
EMP-3796,HR,"Interviewing new candidates"
EMP-1299,Marketing,"Data entry from invoices"
EMP-3079,Customer Support,"Negotiating a client contract"
EMP-0750,Marketing,"Data entry from invoices"
EMP-2402,Marketing,"Formatting reports"
EMP-2331,HR,"Interviewing new candidates"
EMP-1818,Marketing,"Copy-pasting emails into CRM"
EMP-3548,Sales,"Formatting reports"
EMP-1054,Marketing,"Sorting spreadsheets"
EMP-0352,Marketing,"Interviewing new candidates"
EMP-0167,Marketing,"Formatting reports"
EMP-3334,Customer Support,"Scheduling calendar invites"
EMP-1604,IT,"Resolving employee conflict"
EMP-3461,IT,"Data entry from invoices"
EMP-3368,HR,"High-level strategy planning"
EMP-1265,Customer Support,"Extracting numbers from PDFs"
EMP-3991,HR,"Designing a new brand logo"
EMP-0751,Customer Support,"Formatting reports"
EMP-1844,Customer Support,"Data entry from invoices"
EMP-3277,HR,"Negotiating a client contract"
EMP-0289,Marketing,"Extracting numbers from PDFs"
EMP-3019,Marketing,"Formatting reports"
EMP-2501,IT,"Leading a brainstorming session"
EMP-1814,Customer Support,"Scheduling calendar invites"
EMP-1945,Marketing,"Extracting numbers from PDFs"
EMP-0233,HR,"Copy-pasting emails into CRM"
EMP-0691,Marketing,"Copy-pasting emails into CRM"
EMP-2303,Customer Support,"Sorting spreadsheets"
EMP-1306,HR,"Designing a new brand logo"
EMP-2002,Customer Support,"Negotiating a client contract"
EMP-1836,IT,"Negotiating a client contract"
EMP-1748,Sales,"Data entry from invoices"
EMP-2413,HR,"Leading a brainstorming session"
EMP-3090,Sales,"Extracting numbers from PDFs"
EMP-1248,HR,"Data entry from invoices"
EMP-1545,Customer Support,"Formatting reports"
EMP-2565,Sales,"Sorting spreadsheets"
EMP-2473,Marketing,"Negotiating a client contract"
EMP-0732,IT,"Leading a brainstorming session"
EMP-2571,Marketing,"Scheduling calendar invites"
EMP-2751,Sales,"Negotiating a client contract"
EMP-2502,HR,"Designing a new brand logo"
EMP-3014,Customer Support,"Sorting spreadsheets"
EMP-1339,Customer Support,"Copy-pasting emails into CRM"
EMP-0531,Sales,"Negotiating a client contract"
EMP-3030,Marketing,"Scheduling calendar invites"
EMP-0068,Customer Support,"Formatting reports"
EMP-2840,Customer Support,"Scheduling calendar invites"
EMP-0692,Sales,"Copy-pasting emails into CRM"
EMP-0532,IT,"Data entry from invoices"
EMP-0132,HR,"Copy-pasting emails into CRM"
EMP-1612,HR,"Interviewing new candidates"
EMP-0022,IT,"Data entry from invoices"
EMP-2926,Customer Support,"Data entry from invoices"
EMP-0945,HR,"Interviewing new candidates"
EMP-1137,HR,"Data entry from invoices"
EMP-2786,Marketing,"Scheduling calendar invites"
EMP-2692,Customer Support,"Copy-pasting emails into CRM"
EMP-1807,IT,"Resolving employee conflict"
EMP-0942,Sales,"Sorting spreadsheets"
EMP-0542,IT,"Designing a new brand logo"
EMP-3650,Marketing,"Negotiating a client contract"
EMP-1537,IT,"Copy-pasting emails into CRM"
EMP-1980,Customer Support,"Copy-pasting emails into CRM"
EMP-2975,Sales,"Scheduling calendar invites"
EMP-3803,Sales,"Extracting numbers from PDFs"
EMP-2645,HR,"Interviewing new candidates"
EMP-3792,Customer Support,"Copy-pasting emails into CRM"
EMP-3789,Marketing,"Data entry from invoices"
EMP-1512,Customer Support,"Negotiating a client contract"
EMP-3560,Customer Support,"Data entry from invoices"
EMP-1230,Marketing,"Formatting reports"
EMP-0037,HR,"Copy-pasting emails into CRM"
EMP-2955,Sales,"Scheduling calendar invites"
EMP-2986,Customer Support,"Data entry from invoices"
EMP-3121,IT,"Copy-pasting emails into CRM"
EMP-2889,Sales,"Formatting reports"
EMP-0243,Customer Support,"Extracting numbers from PDFs"
EMP-0528,Customer Support,"Negotiating a client contract"
EMP-0633,Customer Support,"Negotiating a client contract"
EMP-2002,HR,"Data entry from invoices"
EMP-3687,HR,"Interviewing new candidates"
EMP-0944,Customer Support,"Copy-pasting emails into CRM"
EMP-2708,Sales,"Formatting reports"
EMP-2684,Sales,"Data entry from invoices"
EMP-1674,Marketing,"Copy-pasting emails into CRM"
EMP-0224,Customer Support,"Formatting reports"
EMP-0159,Marketing,"Sorting spreadsheets"
EMP-0519,Marketing,"Interviewing new candidates"
EMP-0487,Customer Support,"Data entry from invoices"
EMP-0889,Customer Support,"Scheduling calendar invites"
EMP-1297,IT,"Negotiating a client contract"
EMP-3767,IT,"Negotiating a client contract"
EMP-2802,Sales,"Formatting reports"
EMP-3290,HR,"Copy-pasting emails into CRM"
EMP-0394,HR,"Designing a new brand logo"
EMP-0063,IT,"Negotiating a client contract"
EMP-2444,Customer Support,"Copy-pasting emails into CRM"
EMP-3593,HR,"Resolving employee conflict"
EMP-2702,HR,"High-level strategy planning"
EMP-1901,IT,"Leading a brainstorming session"
EMP-2440,Marketing,"Copy-pasting emails into CRM"
EMP-3821,Marketing,"Formatting reports"
EMP-0468,Sales,"Interviewing new candidates"
EMP-2139,Marketing,"Scheduling calendar invites"
EMP-1895,Sales,"Formatting reports"
EMP-0315,Marketing,"Copy-pasting emails into CRM"
EMP-1928,HR,"Data entry from invoices"
EMP-2386,HR,"Leading a brainstorming session"
EMP-1544,Customer Support,"Formatting reports"
EMP-3914,IT,"Resolving employee conflict"
EMP-0642,Marketing,"Negotiating a client contract"
EMP-3402,Sales,"Extracting numbers from PDFs"
EMP-0331,Customer Support,"Copy-pasting emails into CRM"
EMP-1716,Sales,"Formatting reports"
EMP-1510,Marketing,"Negotiating a client contract"
EMP-0103,HR,"Data entry from invoices"
EMP-3889,IT,"Data entry from invoices"
EMP-0400,Marketing,"Data entry from invoices"
EMP-2116,HR,"Data entry from invoices"
EMP-1780,HR,"High-level strategy planning"
EMP-0070,Customer Support,"Negotiating a client contract"
EMP-2168,IT,"Copy-pasting emails into CRM"
EMP-3297,HR,"Negotiating a client contract"
EMP-2405,Sales,"Formatting reports"
EMP-1087,HR,"Copy-pasting emails into CRM"
EMP-0996,Marketing,"Interviewing new candidates"
EMP-3879,Sales,"Scheduling calendar invites"
EMP-1886,IT,"High-level strategy planning"
EMP-2191,HR,"Copy-pasting emails into CRM"
EMP-2563,Sales,"Formatting reports"
EMP-2302,HR,"Negotiating a client contract"
EMP-3418,Sales,"Extracting numbers from PDFs"
EMP-0262,Marketing,"Formatting reports"
EMP-0142,Customer Support,"Sorting spreadsheets"
EMP-1561,Sales,"Sorting spreadsheets"
EMP-0495,Marketing,"Interviewing new candidates"
EMP-2278,Sales,"Interviewing new candidates"
EMP-1428,Marketing,"Interviewing new candidates"
EMP-3256,Sales,"Negotiating a client contract"
EMP-3399,Marketing,"Data entry from invoices"
EMP-3528,Marketing,"Sorting spreadsheets"
EMP-2688,HR,"Copy-pasting emails into CRM"
EMP-1258,Sales,"Extracting numbers from PDFs"
EMP-2790,IT,"Negotiating a client contract"
EMP-1846,Customer Support,"Interviewing new candidates"
EMP-2628,Marketing,"Interviewing new candidates"
EMP-1994,HR,"Data entry from invoices"
EMP-0086,HR,"Interviewing new candidates"
EMP-3294,Marketing,"Formatting reports"
EMP-1955,IT,"Designing a new brand logo"
EMP-2424,Customer Support,"Scheduling calendar invites"
EMP-0754,HR,"High-level strategy planning"
EMP-2916,Customer Support,"Scheduling calendar invites"
EMP-3878,Sales,"Copy-pasting emails into CRM"
EMP-0227,Marketing,"Extracting numbers from PDFs"
EMP-3668,Marketing,"Copy-pasting emails into CRM"
EMP-3041,Marketing,"Extracting numbers from PDFs"
EMP-0452,Sales,"Data entry from invoices"
EMP-1242,Marketing,"Sorting spreadsheets"
EMP-1799,HR,"Negotiating a client contract"
EMP-1672,HR,"High-level strategy planning"
EMP-3754,HR,"Leading a brainstorming session"
EMP-1940,IT,"High-level strategy planning"
EMP-3431,HR,"Leading a brainstorming session"
EMP-1024,IT,"Designing a new brand logo"
EMP-1564,IT,"Designing a new brand logo"
EMP-1846,Sales,"Extracting numbers from PDFs"
EMP-3371,HR,"Copy-pasting emails into CRM"
EMP-0619,Customer Support,"Sorting spreadsheets"
EMP-2280,Customer Support,"Formatting reports"
EMP-3341,IT,"Designing a new brand logo"
EMP-0936,Sales,"Negotiating a client contract"
EMP-3371,Customer Support,"Negotiating a client contract"
EMP-3087,Customer Support,"Formatting reports"
EMP-2138,Sales,"Formatting reports"
EMP-2277,HR,"Resolving employee conflict"
EMP-2398,Customer Support,"Copy-pasting emails into CRM"
EMP-1106,IT,"Leading a brainstorming session"
EMP-3037,IT,"Designing a new brand logo"
EMP-3185,HR,"Leading a brainstorming session"
EMP-2481,IT,"High-level strategy planning"
EMP-3334,Sales,"Formatting reports"
EMP-1745,IT,"Interviewing new candidates"
EMP-3584,Sales,"Formatting reports"
EMP-1709,Sales,"Negotiating a client contract"
EMP-2968,IT,"High-level strategy planning"
EMP-3368,Customer Support,"Copy-pasting emails into CRM"
EMP-0049,Customer Support,"Data entry from invoices"
EMP-2129,Marketing,"Extracting numbers from PDFs"
EMP-1127,IT,"Data entry from invoices"
EMP-2723,Marketing,"Copy-pasting emails into CRM"
EMP-3434,Marketing,"Interviewing new candidates"
EMP-0582,Sales,"Extracting numbers from PDFs"
EMP-0446,Marketing,"Extracting numbers from PDFs"
EMP-2974,Sales,"Data entry from invoices"
EMP-2657,HR,"Designing a new brand logo"
EMP-0430,Customer Support,"Scheduling calendar invites"
EMP-3779,IT,"Leading a brainstorming session"
EMP-0673,Customer Support,"Formatting reports"
EMP-2054,Sales,"Formatting reports"
EMP-3854,Sales,"Interviewing new candidates"
EMP-3789,IT,"Leading a brainstorming session"
EMP-2021,HR,"Resolving employee conflict"
EMP-2270,Customer Support,"Data entry from invoices"
EMP-0239,IT,"Resolving employee conflict"
EMP-0628,IT,"Interviewing new candidates"
EMP-2280,Customer Support,"Extracting numbers from PDFs"
EMP-1531,IT,"Designing a new brand logo"
EMP-3126,HR,"Interviewing new candidates"
EMP-2770,Customer Support,"Interviewing new candidates"
EMP-1614,Customer Support,"Copy-pasting emails into CRM"
EMP-2777,HR,"Negotiating a client contract"
EMP-1137,Customer Support,"Copy-pasting emails into CRM"
EMP-2496,Sales,"Formatting reports"
EMP-2729,Marketing,"Negotiating a client contract"
EMP-2950,Marketing,"Formatting reports"
EMP-0196,Marketing,"Formatting reports"
EMP-0733,IT,"Resolving employee conflict"
EMP-2321,Sales,"Data entry from invoices"
EMP-3768,Customer Support,"Negotiating a client contract"
EMP-3904,HR,"Interviewing new candidates"
EMP-2409,Marketing,"Extracting numbers from PDFs"
EMP-1029,IT,"Negotiating a client contract"
EMP-3858,Marketing,"Interviewing new candidates"
EMP-2107,Sales,"Data entry from invoices"
EMP-1652,HR,"High-level strategy planning"
EMP-3003,Marketing,"Interviewing new candidates"
EMP-0420,IT,"Negotiating a client contract"
EMP-3341,Marketing,"Formatting reports"
EMP-3974,Customer Support,"Negotiating a client contract"
EMP-2947,Customer Support,"Data entry from invoices"
EMP-1454,Marketing,"Negotiating a client contract"
EMP-0612,Customer Support,"Data entry from invoices"
EMP-2266,Customer Support,"Formatting reports"
EMP-2106,HR,"Negotiating a client contract"
EMP-3123,Customer Support,"Sorting spreadsheets"
EMP-1435,Sales,"Copy-pasting emails into CRM"
EMP-0132,HR,"Negotiating a client contract"
EMP-0078,IT,"Designing a new brand logo"
EMP-2063,Sales,"Sorting spreadsheets"
EMP-3447,Marketing,"Negotiating a client contract"
EMP-3540,Sales,"Data entry from invoices"
EMP-3111,Sales,"Data entry from invoices"
EMP-3244,IT,"Leading a brainstorming session"
EMP-3855,IT,"High-level strategy planning"
EMP-3554,Sales,"Interviewing new candidates"
EMP-3790,Marketing,"Extracting numbers from PDFs"
EMP-0874,Marketing,"Interviewing new candidates"
EMP-0079,Marketing,"Extracting numbers from PDFs"
EMP-3269,Marketing,"Data entry from invoices"
EMP-0082,Sales,"Interviewing new candidates"
EMP-0114,IT,"Resolving employee conflict"
EMP-2922,IT,"Copy-pasting emails into CRM"
EMP-0846,IT,"Leading a brainstorming session"
EMP-1133,Sales,"Copy-pasting emails into CRM"
EMP-2535,HR,"Leading a brainstorming session"
EMP-3274,Marketing,"Sorting spreadsheets"
EMP-3428,IT,"Resolving employee conflict"
EMP-3130,Customer Support,"Copy-pasting emails into CRM"
EMP-1383,Marketing,"Formatting reports"
EMP-3688,HR,"Interviewing new candidates"
EMP-2964,HR,"Designing a new brand logo"
EMP-1288,Customer Support,"Scheduling calendar invites"
EMP-1051,HR,"High-level strategy planning"
EMP-0209,Customer Support,"Scheduling calendar invites"
EMP-0428,Customer Support,"Scheduling calendar invites"
EMP-0918,Customer Support,"Extracting numbers from PDFs"
EMP-1221,Marketing,"Extracting numbers from PDFs"
EMP-2171,Sales,"Data entry from invoices"
EMP-0387,HR,"Interviewing new candidates"
EMP-2786,IT,"Copy-pasting emails into CRM"
EMP-1841,Sales,"Sorting spreadsheets"
EMP-3986,Customer Support,"Formatting reports"
EMP-2282,Customer Support,"Data entry from invoices"
EMP-2865,Customer Support,"Copy-pasting emails into CRM"
EMP-2375,HR,"Copy-pasting emails into CRM"
EMP-0278,HR,"Leading a brainstorming session"
EMP-3005,IT,"Designing a new brand logo"
EMP-1493,IT,"Leading a brainstorming session"
EMP-0160,HR,"Interviewing new candidates"
EMP-0550,Marketing,"Interviewing new candidates"
EMP-0337,Marketing,"Interviewing new candidates"
EMP-2044,HR,"Designing a new brand logo"
EMP-2417,IT,"Data entry from invoices"
EMP-2018,Marketing,"Negotiating a client contract"
EMP-2104,Marketing,"Interviewing new candidates"
EMP-2982,Marketing,"Sorting spreadsheets"
EMP-0884,IT,"Data entry from invoices"
EMP-1130,HR,"Negotiating a client contract"
EMP-0161,Customer Support,"Data entry from invoices"
EMP-3884,Sales,"Copy-pasting emails into CRM"
EMP-1602,Sales,"Extracting numbers from PDFs"
EMP-0658,IT,"Resolving employee conflict"
EMP-1546,Sales,"Sorting spreadsheets"
EMP-3871,HR,"Copy-pasting emails into CRM"
EMP-1941,IT,"Negotiating a client contract"
EMP-3823,IT,"Interviewing new candidates"
EMP-3306,IT,"Resolving employee conflict"
EMP-2557,Sales,"Negotiating a client contract"
EMP-3311,Sales,"Interviewing new candidates"
EMP-2632,Customer Support,"Negotiating a client contract"
EMP-0891,Sales,"Formatting reports"
EMP-3242,Sales,"Interviewing new candidates"
EMP-0774,Sales,"Extracting numbers from PDFs"
EMP-1569,Marketing,"Data entry from invoices"
EMP-2955,Sales,"Scheduling calendar invites"
EMP-1310,Marketing,"Scheduling calendar invites"
EMP-1047,IT,"High-level strategy planning"
EMP-1246,Sales,"Formatting reports"
EMP-2952,IT,"Interviewing new candidates"
EMP-1893,IT,"Designing a new brand logo"
EMP-2514,Sales,"Formatting reports"
EMP-0704,Sales,"Scheduling calendar invites"
EMP-2598,HR,"Leading a brainstorming session"
EMP-1474,HR,"Resolving employee conflict"
EMP-3828,IT,"Resolving employee conflict"
EMP-1342,IT,"Leading a brainstorming session"
EMP-2791,Customer Support,"Data entry from invoices"
EMP-0644,HR,"Data entry from invoices"
EMP-2925,IT,"Interviewing new candidates"
EMP-2929,Customer Support,"Sorting spreadsheets"
EMP-2760,Sales,"Sorting spreadsheets"
EMP-2075,Customer Support,"Copy-pasting emails into CRM"
EMP-1096,HR,"Data entry from invoices"
EMP-2079,Sales,"Extracting numbers from PDFs"
EMP-3034,Sales,"Data entry from invoices"
EMP-3556,Marketing,"Data entry from invoices"
EMP-3821,Marketing,"Scheduling calendar invites"
EMP-0808,Customer Support,"Formatting reports"
EMP-0148,IT,"Resolving employee conflict"
EMP-0270,HR,"Interviewing new candidates"
EMP-0159,Sales,"Negotiating a client contract"
EMP-0814,IT,"Leading a brainstorming session"
EMP-3646,IT,"Leading a brainstorming session"
EMP-0883,IT,"Interviewing new candidates"
EMP-3708,IT,"Leading a brainstorming session"
EMP-0420,Sales,"Copy-pasting emails into CRM"
EMP-3566,HR,"Negotiating a client contract"
EMP-1403,Marketing,"Copy-pasting emails into CRM"
EMP-0117,Customer Support,"Formatting reports"
EMP-0712,Marketing,"Extracting numbers from PDFs"
EMP-2278,IT,"Data entry from invoices"
EMP-0468,Sales,"Data entry from invoices"
EMP-1105,Customer Support,"Data entry from invoices"
EMP-0929,IT,"Leading a brainstorming session"
EMP-3182,Customer Support,"Interviewing new candidates"
EMP-1623,Sales,"Negotiating a client contract"
EMP-0549,IT,"High-level strategy planning"
EMP-1578,Marketing,"Data entry from invoices"
EMP-3281,Sales,"Sorting spreadsheets"
EMP-1996,Sales,"Copy-pasting emails into CRM"
EMP-3491,IT,"Resolving employee conflict"
EMP-0712,Marketing,"Sorting spreadsheets"
EMP-1314,Marketing,"Data entry from invoices"
EMP-0939,HR,"Negotiating a client contract"
EMP-2982,IT,"Leading a brainstorming session"
EMP-3339,Marketing,"Data entry from invoices"
EMP-0533,Marketing,"Extracting numbers from PDFs"
EMP-2954,Marketing,"Negotiating a client contract"
EMP-3089,Customer Support,"Negotiating a client contract"
EMP-1296,Sales,"Data entry from invoices"
EMP-3214,Customer Support,"Scheduling calendar invites"
EMP-0381,Sales,"Interviewing new candidates"
EMP-1063,HR,"Copy-pasting emails into CRM"
EMP-0549,Sales,"Extracting numbers from PDFs"
EMP-0300,Customer Support,"Formatting reports"
EMP-3180,Sales,"Copy-pasting emails into CRM"
EMP-0415,IT,"Designing a new brand logo"
EMP-1442,HR,"Interviewing new candidates"
EMP-0613,IT,"Negotiating a client contract"
EMP-2508,Sales,"Formatting reports"
EMP-0826,Sales,"Scheduling calendar invites"
EMP-1672,Marketing,"Scheduling calendar invites"
EMP-0945,IT,"Leading a brainstorming session"
EMP-1671,Customer Support,"Formatting reports"
EMP-2090,HR,"Negotiating a client contract"
EMP-1624,Customer Support,"Formatting reports"
EMP-2454,HR,"Data entry from invoices"
EMP-0724,Marketing,"Formatting reports"
EMP-3242,Marketing,"Formatting reports"
EMP-3825,HR,"Negotiating a client contract"
EMP-3383,Sales,"Copy-pasting emails into CRM"
EMP-0354,Customer Support,"Copy-pasting emails into CRM"
EMP-1693,Marketing,"Interviewing new candidates"
EMP-0676,IT,"Resolving employee conflict"
EMP-2547,IT,"Interviewing new candidates"
EMP-0694,IT,"Copy-pasting emails into CRM"
EMP-2556,Customer Support,"Extracting numbers from PDFs"
EMP-1511,Customer Support,"Data entry from invoices"
EMP-3992,HR,"Resolving employee conflict"
EMP-2507,IT,"Negotiating a client contract"
EMP-3306,Marketing,"Negotiating a client contract"
EMP-3441,HR,"Resolving employee conflict"
EMP-3430,IT,"Resolving employee conflict"
EMP-3920,IT,"Resolving employee conflict"
EMP-2596,Sales,"Copy-pasting emails into CRM"
EMP-3200,Sales,"Scheduling calendar invites"
EMP-2204,Marketing,"Scheduling calendar invites"
EMP-1798,Sales,"Formatting reports"
EMP-1088,IT,"Resolving employee conflict"
EMP-1192,Sales,"Interviewing new candidates"
EMP-1363,Sales,"Formatting reports"
EMP-3484,Sales,"Data entry from invoices"
EMP-0693,IT,"Resolving employee conflict"
EMP-0116,HR,"Interviewing new candidates"
EMP-1740,IT,"Resolving employee conflict"
EMP-3775,IT,"Negotiating a client contract"
EMP-1479,IT,"Interviewing new candidates"
EMP-3570,Customer Support,"Extracting numbers from PDFs"
EMP-1953,Customer Support,"Interviewing new candidates"
EMP-1536,IT,"Negotiating a client contract"
EMP-0366,Marketing,"Formatting reports"
EMP-2510,Customer Support,"Sorting spreadsheets"
EMP-0296,Sales,"Extracting numbers from PDFs"
EMP-0777,Customer Support,"Data entry from invoices"
EMP-0544,Customer Support,"Extracting numbers from PDFs"
EMP-1741,Customer Support,"Scheduling calendar invites"
EMP-3547,IT,"Resolving employee conflict"
EMP-1700,Sales,"Copy-pasting emails into CRM"
EMP-2202,Marketing,"Negotiating a client contract"
EMP-2291,Marketing,"Formatting reports"
EMP-2675,Customer Support,"Scheduling calendar invites"
EMP-3612,Customer Support,"Sorting spreadsheets"
EMP-2781,Sales,"Negotiating a client contract"
EMP-3026,Marketing,"Sorting spreadsheets"
EMP-2379,IT,"Leading a brainstorming session"
EMP-3266,IT,"Resolving employee conflict"
EMP-0093,IT,"Copy-pasting emails into CRM"
EMP-3999,HR,"Interviewing new candidates"
EMP-2379,Customer Support,"Negotiating a client contract"
EMP-3809,HR,"Data entry from invoices"
EMP-2593,Marketing,"Sorting spreadsheets"
EMP-0951,IT,"Interviewing new candidates"
EMP-2307,HR,"Copy-pasting emails into CRM"
EMP-1954,Sales,"Formatting reports"
EMP-1512,HR,"Resolving employee conflict"
EMP-3537,Sales,"Copy-pasting emails into CRM"
EMP-2795,HR,"High-level strategy planning"
EMP-0996,Customer Support,"Scheduling calendar invites"
EMP-3387,Marketing,"Formatting reports"
EMP-3870,Sales,"Data entry from invoices"
EMP-2307,Marketing,"Interviewing new candidates"
EMP-0647,Sales,"Data entry from invoices"
EMP-0174,HR,"Data entry from invoices"
EMP-0366,Customer Support,"Formatting reports"
EMP-2329,IT,"Resolving employee conflict"
EMP-3413,Customer Support,"Copy-pasting emails into CRM"
EMP-1298,IT,"Interviewing new candidates"
EMP-1801,IT,"Copy-pasting emails into CRM"
EMP-0093,Sales,"Interviewing new candidates"
EMP-2364,Marketing,"Negotiating a client contract"
EMP-1385,IT,"Resolving employee conflict"
EMP-0567,IT,"Data entry from invoices"
EMP-0484,HR,"Designing a new brand logo"
EMP-1590,Marketing,"Formatting reports"
EMP-3706,Sales,"Extracting numbers from PDFs"
EMP-3364,Customer Support,"Interviewing new candidates"
EMP-1744,HR,"Data entry from invoices"
EMP-3840,HR,"Data entry from invoices"
EMP-3913,IT,"Interviewing new candidates"
EMP-2725,Customer Support,"Sorting spreadsheets"
EMP-2902,IT,"Copy-pasting emails into CRM"
EMP-1078,Marketing,"Extracting numbers from PDFs"
EMP-3644,IT,"Negotiating a client contract"
EMP-0752,IT,"Resolving employee conflict"
EMP-1031,IT,"Negotiating a client contract"
EMP-0370,HR,"High-level strategy planning"
EMP-2560,Sales,"Interviewing new candidates"
EMP-1313,Sales,"Sorting spreadsheets"
EMP-3176,IT,"Negotiating a client contract"
EMP-2163,Marketing,"Interviewing new candidates"
EMP-0081,Marketing,"Data entry from invoices"
EMP-3821,IT,"High-level strategy planning"
EMP-1865,IT,"Data entry from invoices"
EMP-1840,Sales,"Negotiating a client contract"
EMP-2119,HR,"High-level strategy planning"
EMP-2377,HR,"Negotiating a client contract"
EMP-3662,Customer Support,"Scheduling calendar invites"
EMP-1631,Marketing,"Interviewing new candidates"
EMP-2158,IT,"High-level strategy planning"
EMP-0790,Marketing,"Negotiating a client contract"
EMP-2160,HR,"Resolving employee conflict"
EMP-2708,IT,"Leading a brainstorming session"
EMP-3455,Customer Support,"Sorting spreadsheets"
EMP-1934,HR,"High-level strategy planning"
EMP-0679,IT,"Designing a new brand logo"
EMP-2926,HR,"Negotiating a client contract"
EMP-3253,Customer Support,"Scheduling calendar invites"
EMP-2613,HR,"Negotiating a client contract"
EMP-3957,Customer Support,"Extracting numbers from PDFs"
EMP-3521,HR,"Negotiating a client contract"
EMP-2651,Customer Support,"Negotiating a client contract"
EMP-1740,Customer Support,"Formatting reports"
EMP-2865,Marketing,"Interviewing new candidates"
EMP-0630,Customer Support,"Interviewing new candidates"
EMP-0584,Sales,"Extracting numbers from PDFs"
EMP-2647,IT,"Negotiating a client contract"
EMP-2979,HR,"High-level strategy planning"
EMP-3432,HR,"Designing a new brand logo"
EMP-2179,Customer Support,"Extracting numbers from PDFs"
EMP-1861,Marketing,"Data entry from invoices"
EMP-0597,HR,"Data entry from invoices"
EMP-3865,Customer Support,"Scheduling calendar invites"
EMP-2239,Sales,"Copy-pasting emails into CRM"
EMP-3187,Marketing,"Formatting reports"
EMP-2810,Sales,"Formatting reports"
EMP-0831,Customer Support,"Copy-pasting emails into CRM"
EMP-1419,Customer Support,"Copy-pasting emails into CRM"
EMP-0666,Sales,"Scheduling calendar invites"
EMP-3495,Customer Support,"Sorting spreadsheets"
EMP-3702,Marketing,"Data entry from invoices"
EMP-0491,HR,"Leading a brainstorming session"
EMP-3777,Sales,"Extracting numbers from PDFs"
EMP-0332,Sales,"Data entry from invoices"
EMP-2557,Customer Support,"Copy-pasting emails into CRM"
EMP-2801,Customer Support,"Sorting spreadsheets"
EMP-1395,Marketing,"Formatting reports"
EMP-0711,Marketing,"Formatting reports"
EMP-0074,HR,"Negotiating a client contract"
EMP-1987,HR,"Designing a new brand logo"
EMP-2852,Marketing,"Interviewing new candidates"
EMP-0776,Customer Support,"Negotiating a client contract"
EMP-1868,IT,"Data entry from invoices"
EMP-2010,IT,"Copy-pasting emails into CRM"
EMP-0042,Marketing,"Formatting reports"
EMP-1019,Customer Support,"Interviewing new candidates"
EMP-3253,IT,"Negotiating a client contract"
EMP-1758,Sales,"Negotiating a client contract"
EMP-3260,Sales,"Formatting reports"
EMP-1354,Customer Support,"Extracting numbers from PDFs"
EMP-1619,HR,"High-level strategy planning"
EMP-2177,HR,"Resolving employee conflict"
EMP-3245,Sales,"Data entry from invoices"
EMP-2332,Sales,"Interviewing new candidates"
EMP-3997,Customer Support,"Extracting numbers from PDFs"
EMP-3631,Customer Support,"Negotiating a client contract"
EMP-2827,IT,"Data entry from invoices"
EMP-3789,IT,"Designing a new brand logo"
EMP-2365,HR,"Interviewing new candidates"
EMP-1907,Marketing,"Formatting reports"
EMP-3125,HR,"Copy-pasting emails into CRM"
EMP-2355,Sales,"Sorting spreadsheets"
EMP-1303,Marketing,"Extracting numbers from PDFs"
EMP-3952,Sales,"Sorting spreadsheets"
EMP-1110,IT,"Data entry from invoices"
EMP-3571,Customer Support,"Data entry from invoices"
EMP-2779,HR,"Designing a new brand logo"
EMP-2682,Marketing,"Negotiating a client contract"
EMP-1559,HR,"Leading a brainstorming session"
EMP-2992,Sales,"Interviewing new candidates"
EMP-1627,Customer Support,"Copy-pasting emails into CRM"
EMP-2731,Marketing,"Data entry from invoices"
EMP-0586,IT,"Data entry from invoices"
EMP-0255,Customer Support,"Sorting spreadsheets"
EMP-2607,IT,"Copy-pasting emails into CRM"
EMP-1869,IT,"Interviewing new candidates"
EMP-3137,IT,"Resolving employee conflict"
EMP-1001,IT,"Resolving employee conflict"
EMP-3437,HR,"Copy-pasting emails into CRM"
EMP-0738,Sales,"Extracting numbers from PDFs"
EMP-3295,HR,"Resolving employee conflict"
EMP-1222,Marketing,"Data entry from invoices"
EMP-0292,Sales,"Sorting spreadsheets"
EMP-1841,Marketing,"Data entry from invoices"
EMP-2205,Marketing,"Copy-pasting emails into CRM"
EMP-3231,HR,"Copy-pasting emails into CRM"
EMP-0759,Customer Support,"Extracting numbers from PDFs"
EMP-3994,Sales,"Data entry from invoices"
EMP-0821,HR,"Resolving employee conflict"
EMP-2776,HR,"Negotiating a client contract"
EMP-0499,Sales,"Sorting spreadsheets"
EMP-0303,Marketing,"Interviewing new candidates"
EMP-2781,HR,"Designing a new brand logo"
EMP-1291,IT,"High-level strategy planning"
EMP-3408,Sales,"Scheduling calendar invites"
EMP-3747,Sales,"Copy-pasting emails into CRM"
EMP-0454,Marketing,"Scheduling calendar invites"
EMP-3092,Sales,"Negotiating a client contract"
EMP-2132,Sales,"Negotiating a client contract"
EMP-1252,HR,"Designing a new brand logo"
EMP-1483,HR,"High-level strategy planning"
EMP-2702,Customer Support,"Formatting reports"
EMP-3548,Customer Support,"Scheduling calendar invites"
EMP-3061,IT,"Negotiating a client contract"
EMP-1479,Marketing,"Extracting numbers from PDFs"
EMP-0564,Marketing,"Scheduling calendar invites"
EMP-0636,Marketing,"Formatting reports"
EMP-1067,HR,"Resolving employee conflict"
EMP-1990,IT,"Resolving employee conflict"
EMP-2671,IT,"Negotiating a client contract"
EMP-0651,HR,"Copy-pasting emails into CRM"
EMP-1166,Sales,"Sorting spreadsheets"
EMP-3300,IT,"Leading a brainstorming session"
EMP-2531,Customer Support,"Data entry from invoices"
EMP-3052,Customer Support,"Sorting spreadsheets"
EMP-3216,HR,"Designing a new brand logo"
EMP-3389,Customer Support,"Copy-pasting emails into CRM"
EMP-1544,IT,"Interviewing new candidates"
EMP-1982,Marketing,"Extracting numbers from PDFs"
EMP-1613,HR,"Designing a new brand logo"
EMP-0113,IT,"Designing a new brand logo"
EMP-0825,Sales,"Formatting reports"
EMP-3958,Marketing,"Extracting numbers from PDFs"
EMP-0085,Sales,"Interviewing new candidates"
EMP-1345,IT,"Interviewing new candidates"
EMP-2204,HR,"Copy-pasting emails into CRM"
EMP-3299,HR,"Interviewing new candidates"
EMP-3388,HR,"Copy-pasting emails into CRM"
EMP-0059,HR,"Copy-pasting emails into CRM"
EMP-0297,HR,"Designing a new brand logo"
EMP-0849,Customer Support,"Scheduling calendar invites"
EMP-3167,HR,"Leading a brainstorming session"
EMP-3490,Customer Support,"Formatting reports"
EMP-0598,Marketing,"Formatting reports"
EMP-1819,Sales,"Data entry from invoices"
EMP-3552,Sales,"Formatting reports"
EMP-2973,Sales,"Copy-pasting emails into CRM"
EMP-2657,Sales,"Sorting spreadsheets"
EMP-3826,Marketing,"Copy-pasting emails into CRM"
EMP-1317,HR,"High-level strategy planning"
EMP-0849,IT,"High-level strategy planning"
EMP-0127,Customer Support,"Copy-pasting emails into CRM"
EMP-3869,Customer Support,"Extracting numbers from PDFs"
EMP-0483,Customer Support,"Formatting reports"
EMP-0944,IT,"Designing a new brand logo"
EMP-0770,HR,"Data entry from invoices"
EMP-2997,Customer Support,"Formatting reports"
EMP-1284,Customer Support,"Extracting numbers from PDFs"
EMP-3376,Customer Support,"Formatting reports"
EMP-1048,HR,"Leading a brainstorming session"
EMP-1350,HR,"Negotiating a client contract"
EMP-1686,Customer Support,"Extracting numbers from PDFs"
EMP-2659,IT,"Negotiating a client contract"
EMP-0292,Marketing,"Sorting spreadsheets"
EMP-2527,IT,"Data entry from invoices"
EMP-1858,Sales,"Sorting spreadsheets"
EMP-0926,HR,"Leading a brainstorming session"
EMP-1862,IT,"Interviewing new candidates"
EMP-2145,Marketing,"Formatting reports"
EMP-2676,Marketing,"Data entry from invoices"
EMP-0855,Sales,"Formatting reports"
EMP-2325,Marketing,"Extracting numbers from PDFs"
EMP-1356,Customer Support,"Extracting numbers from PDFs"
EMP-2138,IT,"Data entry from invoices"
EMP-0155,Customer Support,"Sorting spreadsheets"
EMP-3050,HR,"Negotiating a client contract"
EMP-0382,Sales,"Data entry from invoices"
EMP-0739,Customer Support,"Extracting numbers from PDFs"
EMP-2132,HR,"Data entry from invoices"
EMP-2428,Sales,"Extracting numbers from PDFs"
EMP-1556,HR,"Negotiating a client contract"
EMP-3585,Marketing,"Negotiating a client contract"
EMP-1546,IT,"Resolving employee conflict"
EMP-3894,Marketing,"Negotiating a client contract"
EMP-1189,Marketing,"Interviewing new candidates"
EMP-3012,HR,"Data entry from invoices"
EMP-2914,Customer Support,"Formatting reports"
EMP-0676,Customer Support,"Negotiating a client contract"
EMP-0318,IT,"Leading a brainstorming session"
EMP-1358,IT,"Interviewing new candidates"
EMP-3710,HR,"Copy-pasting emails into CRM"
EMP-3245,Sales,"Negotiating a client contract"
EMP-2126,Customer Support,"Interviewing new candidates"
EMP-2641,Customer Support,"Sorting spreadsheets"
EMP-2926,IT,"Interviewing new candidates"
EMP-3234,IT,"High-level strategy planning"
EMP-3966,IT,"Resolving employee conflict"
EMP-3567,Marketing,"Sorting spreadsheets"
EMP-2607,Sales,"Sorting spreadsheets"
EMP-1884,Sales,"Formatting reports"
EMP-0306,Marketing,"Data entry from invoices"
EMP-0058,Sales,"Formatting reports"
EMP-2832,Customer Support,"Extracting numbers from PDFs"
EMP-3531,Sales,"Sorting spreadsheets"
EMP-1237,HR,"Copy-pasting emails into CRM"
EMP-0461,Customer Support,"Extracting numbers from PDFs"
EMP-2071,Customer Support,"Copy-pasting emails into CRM"
EMP-3853,Sales,"Copy-pasting emails into CRM"
EMP-1394,HR,"High-level strategy planning"
EMP-1597,IT,"Designing a new brand logo"
EMP-1053,IT,"Negotiating a client contract"
EMP-3913,IT,"Interviewing new candidates"
EMP-0095,Marketing,"Extracting numbers from PDFs"
EMP-1923,Customer Support,"Extracting numbers from PDFs"
EMP-2102,IT,"Designing a new brand logo"
EMP-1270,IT,"Data entry from invoices"
EMP-1687,HR,"Resolving employee conflict"
EMP-1041,IT,"Data entry from invoices"
EMP-1040,Sales,"Sorting spreadsheets"
EMP-1608,Sales,"Extracting numbers from PDFs"
EMP-1252,Sales,"Copy-pasting emails into CRM"
EMP-2683,Marketing,"Extracting numbers from PDFs"
EMP-2815,Sales,"Interviewing new candidates"
EMP-2227,Marketing,"Data entry from invoices"
EMP-1400,IT,"Copy-pasting emails into CRM"
EMP-2969,IT,"Data entry from invoices"
EMP-0555,Sales,"Sorting spreadsheets"
EMP-3846,Sales,"Data entry from invoices"
EMP-2536,Sales,"Copy-pasting emails into CRM"
EMP-2551,Sales,"Interviewing new candidates"
EMP-3233,Sales,"Extracting numbers from PDFs"
EMP-0086,IT,"Data entry from invoices"
EMP-0814,Sales,"Interviewing new candidates"
EMP-1358,IT,"High-level strategy planning"
EMP-1778,IT,"Resolving employee conflict"
EMP-0043,Sales,"Copy-pasting emails into CRM"
EMP-2747,Sales,"Sorting spreadsheets"
EMP-0288,Marketing,"Formatting reports"
EMP-0698,IT,"Data entry from invoices"
EMP-0237,Sales,"Copy-pasting emails into CRM"
EMP-0447,Sales,"Extracting numbers from PDFs"
EMP-0017,Sales,"Extracting numbers from PDFs"
EMP-0938,HR,"Resolving employee conflict"
EMP-0423,IT,"Negotiating a client contract"
EMP-2421,Sales,"Extracting numbers from PDFs"
EMP-2484,HR,"Negotiating a client contract"
EMP-0041,Sales,"Sorting spreadsheets"
EMP-3021,HR,"High-level strategy planning"
EMP-0333,Sales,"Formatting reports"
EMP-3594,Customer Support,"Negotiating a client contract"
EMP-3857,Sales,"Extracting numbers from PDFs"
EMP-1401,IT,"High-level strategy planning"
EMP-3868,IT,"High-level strategy planning"
EMP-2333,HR,"Data entry from invoices"
EMP-1052,IT,"Negotiating a client contract"
EMP-0591,Marketing,"Scheduling calendar invites"
EMP-0715,Marketing,"Sorting spreadsheets"
EMP-2772,IT,"Interviewing new candidates"
EMP-2912,Customer Support,"Data entry from invoices"
EMP-3239,IT,"Resolving employee conflict"
EMP-3158,Customer Support,"Negotiating a client contract"
EMP-3195,HR,"Designing a new brand logo"
EMP-0066,HR,"High-level strategy planning"
EMP-3550,Sales,"Formatting reports"
EMP-2265,IT,"Copy-pasting emails into CRM"
EMP-3434,Customer Support,"Interviewing new candidates"
EMP-1358,Customer Support,"Interviewing new candidates"
EMP-2108,Marketing,"Extracting numbers from PDFs"
EMP-3693,Customer Support,"Copy-pasting emails into CRM"
EMP-0365,HR,"Interviewing new candidates"
EMP-0082,Sales,"Scheduling calendar invites"
EMP-3333,HR,"Data entry from invoices"
EMP-2539,IT,"Data entry from invoices"
EMP-1082,Sales,"Formatting reports"
EMP-3915,Marketing,"Formatting reports"
EMP-2110,Marketing,"Extracting numbers from PDFs"
EMP-2433,Sales,"Data entry from invoices"
EMP-0636,IT,"High-level strategy planning"
EMP-2447,HR,"Resolving employee conflict"
EMP-1356,Customer Support,"Formatting reports"
EMP-0346,HR,"High-level strategy planning"
EMP-0131,Customer Support,"Sorting spreadsheets"
EMP-2217,Marketing,"Data entry from invoices"
EMP-1580,HR,"Designing a new brand logo"
EMP-1582,IT,"Resolving employee conflict"
EMP-2847,Sales,"Sorting spreadsheets"
EMP-1528,Marketing,"Sorting spreadsheets"
EMP-1046,Sales,"Scheduling calendar invites"
EMP-3504,IT,"Leading a brainstorming session"
EMP-0935,IT,"Leading a brainstorming session"
EMP-1288,Marketing,"Formatting reports"
EMP-1442,Sales,"Formatting reports"
EMP-2738,IT,"Interviewing new candidates"
EMP-3242,Marketing,"Scheduling calendar invites"
EMP-2709,Marketing,"Sorting spreadsheets"
EMP-1198,HR,"Designing a new brand logo"
EMP-2037,IT,"Data entry from invoices"
EMP-1307,Marketing,"Data entry from invoices"
EMP-2158,HR,"Data entry from invoices"
EMP-1226,HR,"Designing a new brand logo"
EMP-3230,HR,"High-level strategy planning"
EMP-3366,Marketing,"Scheduling calendar invites"
EMP-3594,Sales,"Extracting numbers from PDFs"
EMP-2592,Marketing,"Scheduling calendar invites"
EMP-2837,Marketing,"Scheduling calendar invites"
EMP-2071,IT,"Negotiating a client contract"
EMP-0405,Customer Support,"Negotiating a client contract"
EMP-0035,Marketing,"Scheduling calendar invites"
EMP-3149,HR,"Designing a new brand logo"
EMP-0090,HR,"Designing a new brand logo"
EMP-0987,Customer Support,"Formatting reports"
EMP-1062,HR,"Resolving employee conflict"
EMP-0992,Marketing,"Interviewing new candidates"
EMP-3086,Customer Support,"Formatting reports"
EMP-3720,Customer Support,"Formatting reports"
EMP-1918,Marketing,"Copy-pasting emails into CRM"
EMP-2047,Customer Support,"Copy-pasting emails into CRM"
EMP-0423,Customer Support,"Formatting reports"
EMP-3835,Sales,"Negotiating a client contract"
EMP-0287,Sales,"Sorting spreadsheets"
EMP-0765,Customer Support,"Extracting numbers from PDFs"
EMP-2601,Sales,"Scheduling calendar invites"
EMP-0639,Customer Support,"Sorting spreadsheets"
EMP-3388,HR,"Interviewing new candidates"
EMP-1135,IT,"Resolving employee conflict"
EMP-1200,Marketing,"Extracting numbers from PDFs"
EMP-3625,Marketing,"Extracting numbers from PDFs"
EMP-3509,Marketing,"Extracting numbers from PDFs"
EMP-1550,Sales,"Extracting numbers from PDFs"
EMP-3738,Sales,"Interviewing new candidates"
EMP-3410,Customer Support,"Sorting spreadsheets"
EMP-3776,HR,"Negotiating a client contract"
EMP-2168,HR,"Leading a brainstorming session"
EMP-0090,Customer Support,"Sorting spreadsheets"
EMP-2346,Sales,"Data entry from invoices"
EMP-3747,Sales,"Extracting numbers from PDFs"
EMP-0199,IT,"Leading a brainstorming session"
EMP-3698,Customer Support,"Scheduling calendar invites"
EMP-1574,HR,"Leading a brainstorming session"
EMP-2425,Marketing,"Copy-pasting emails into CRM"
EMP-1873,HR,"High-level strategy planning"
EMP-3481,HR,"Copy-pasting emails into CRM"
EMP-2681,Marketing,"Scheduling calendar invites"
EMP-2524,Sales,"Interviewing new candidates"
EMP-2375,HR,"Interviewing new candidates"
EMP-2970,Customer Support,"Sorting spreadsheets"
EMP-3978,HR,"Interviewing new candidates"
EMP-2227,Sales,"Sorting spreadsheets"
EMP-3108,Sales,"Scheduling calendar invites"
EMP-0786,IT,"Designing a new brand logo"
EMP-0456,Sales,"Copy-pasting emails into CRM"
EMP-2639,HR,"Resolving employee conflict"
EMP-0780,IT,"Copy-pasting emails into CRM"
EMP-0579,IT,"Designing a new brand logo"
EMP-0522,Sales,"Data entry from invoices"
EMP-2628,HR,"Interviewing new candidates"
EMP-0516,Sales,"Sorting spreadsheets"
EMP-1554,Customer Support,"Copy-pasting emails into CRM"
EMP-1863,Sales,"Scheduling calendar invites"
EMP-1452,Customer Support,"Extracting numbers from PDFs"
EMP-2956,IT,"Data entry from invoices"
EMP-0846,Marketing,"Interviewing new candidates"
EMP-1930,IT,"Interviewing new candidates"
EMP-1334,Sales,"Sorting spreadsheets"
EMP-2936,Sales,"Negotiating a client contract"
EMP-0480,HR,"Negotiating a client contract"
EMP-2831,Customer Support,"Copy-pasting emails into CRM"
EMP-2715,Marketing,"Interviewing new candidates"
EMP-1349,Sales,"Scheduling calendar invites"
EMP-1173,Customer Support,"Formatting reports"
EMP-1495,Sales,"Negotiating a client contract"
EMP-0409,Marketing,"Interviewing new candidates"
EMP-3310,HR,"Leading a brainstorming session"
EMP-3654,IT,"High-level strategy planning"
EMP-3231,Customer Support,"Copy-pasting emails into CRM"
EMP-3315,Marketing,"Extracting numbers from PDFs"
EMP-3333,Customer Support,"Extracting numbers from PDFs"
EMP-2107,IT,"Resolving employee conflict"
EMP-3985,HR,"Data entry from invoices"
EMP-3934,HR,"Resolving employee conflict"
EMP-2396,Marketing,"Negotiating a client contract"
EMP-3391,Sales,"Copy-pasting emails into CRM"
EMP-1455,Marketing,"Formatting reports"
EMP-1519,HR,"High-level strategy planning"
EMP-0281,HR,"Negotiating a client contract"
EMP-0326,Marketing,"Extracting numbers from PDFs"
EMP-3519,HR,"Copy-pasting emails into CRM"
EMP-2024,Marketing,"Scheduling calendar invites"
EMP-1270,Customer Support,"Data entry from invoices"
EMP-0023,Sales,"Extracting numbers from PDFs"
EMP-0451,IT,"Copy-pasting emails into CRM"
EMP-2599,IT,"Leading a brainstorming session"
EMP-2401,Marketing,"Copy-pasting emails into CRM"
EMP-0572,IT,"Data entry from invoices"
EMP-0233,IT,"Copy-pasting emails into CRM"
EMP-3192,Sales,"Sorting spreadsheets"
EMP-1596,HR,"Leading a brainstorming session"
EMP-2757,Sales,"Data entry from invoices"
EMP-2653,HR,"Resolving employee conflict"
EMP-3471,Sales,"Scheduling calendar invites"
EMP-3440,IT,"High-level strategy planning"
EMP-3905,Marketing,"Sorting spreadsheets"
EMP-2211,IT,"Data entry from invoices"
EMP-2115,Sales,"Extracting numbers from PDFs"
EMP-1945,Marketing,"Copy-pasting emails into CRM"
EMP-1897,HR,"Copy-pasting emails into CRM"
EMP-1399,HR,"Data entry from invoices"
EMP-0392,Customer Support,"Scheduling calendar invites"
EMP-1309,Customer Support,"Data entry from invoices"
EMP-3397,HR,"Interviewing new candidates"
EMP-3520,HR,"Designing a new brand logo"
EMP-1620,Marketing,"Extracting numbers from PDFs"
EMP-2627,Marketing,"Interviewing new candidates"
EMP-0696,Marketing,"Formatting reports"
EMP-0635,Sales,"Scheduling calendar invites"
EMP-1140,Sales,"Sorting spreadsheets"
EMP-0754,Sales,"Extracting numbers from PDFs"
EMP-1729,Customer Support,"Copy-pasting emails into CRM"
EMP-3047,Marketing,"Negotiating a client contract"
EMP-0956,Marketing,"Formatting reports"
EMP-0070,Sales,"Negotiating a client contract"
EMP-3396,HR,"Data entry from invoices"
EMP-3167,Sales,"Data entry from invoices"
EMP-0031,Customer Support,"Formatting reports"
EMP-0428,Sales,"Extracting numbers from PDFs"
EMP-1424,HR,"Designing a new brand logo"
EMP-3001,HR,"Copy-pasting emails into CRM"
EMP-3386,HR,"Data entry from invoices"
EMP-1060,Customer Support,"Copy-pasting emails into CRM"
EMP-3008,IT,"Negotiating a client contract"
EMP-2181,IT,"Data entry from invoices"
EMP-1084,HR,"Leading a brainstorming session"
EMP-3355,Customer Support,"Formatting reports"
EMP-2999,Customer Support,"Formatting reports"
EMP-1345,Marketing,"Interviewing new candidates"
EMP-2704,Sales,"Data entry from invoices"
EMP-1335,Marketing,"Sorting spreadsheets"
EMP-3865,Customer Support,"Sorting spreadsheets"
EMP-1524,Sales,"Extracting numbers from PDFs"
EMP-0261,Customer Support,"Formatting reports"
EMP-3211,IT,"Designing a new brand logo"
EMP-0400,IT,"Leading a brainstorming session"
EMP-1969,Customer Support,"Copy-pasting emails into CRM"
EMP-2307,Marketing,"Extracting numbers from PDFs"
EMP-2041,HR,"Leading a brainstorming session"
EMP-3367,Marketing,"Extracting numbers from PDFs"
EMP-3914,HR,"Copy-pasting emails into CRM"
EMP-3587,IT,"Leading a brainstorming session"
EMP-3600,Sales,"Data entry from invoices"
EMP-3020,HR,"Resolving employee conflict"
EMP-1896,Sales,"Negotiating a client contract"
EMP-1998,Marketing,"Sorting spreadsheets"
EMP-2105,HR,"Negotiating a client contract"
EMP-1452,Marketing,"Scheduling calendar invites"
EMP-2946,IT,"Designing a new brand logo"
EMP-3270,HR,"Resolving employee conflict"
EMP-0981,HR,"Negotiating a client contract"
EMP-3021,IT,"Designing a new brand logo"
EMP-1823,Marketing,"Sorting spreadsheets"
EMP-0336,Sales,"Interviewing new candidates"
EMP-1798,IT,"Data entry from invoices"
EMP-0402,IT,"Resolving employee conflict"
EMP-2067,Customer Support,"Scheduling calendar invites"
EMP-0590,IT,"High-level strategy planning"
EMP-0151,Marketing,"Interviewing new candidates"
EMP-1605,IT,"Data entry from invoices"
EMP-3586,Sales,"Sorting spreadsheets"
EMP-3086,Customer Support,"Sorting spreadsheets"
EMP-1931,Marketing,"Interviewing new candidates"
EMP-2148,Marketing,"Data entry from invoices"
EMP-1332,HR,"Leading a brainstorming session"
EMP-3967,Marketing,"Extracting numbers from PDFs"
EMP-1407,Marketing,"Formatting reports"
EMP-1292,Sales,"Copy-pasting emails into CRM"
EMP-1693,IT,"Data entry from invoices"
EMP-2274,Marketing,"Copy-pasting emails into CRM"
EMP-1259,Marketing,"Copy-pasting emails into CRM"
EMP-2858,Sales,"Sorting spreadsheets"
EMP-2925,Customer Support,"Copy-pasting emails into CRM"
EMP-3971,Sales,"Copy-pasting emails into CRM"
EMP-2531,Marketing,"Data entry from invoices"
EMP-2253,IT,"Designing a new brand logo"
EMP-3344,Sales,"Sorting spreadsheets"
EMP-2867,Customer Support,"Scheduling calendar invites"
EMP-0886,HR,"Data entry from invoices"
EMP-3968,HR,"Interviewing new candidates"
EMP-3697,Customer Support,"Sorting spreadsheets"
EMP-0577,Marketing,"Interviewing new candidates"
EMP-3571,Marketing,"Data entry from invoices"
EMP-3084,Sales,"Sorting spreadsheets"
EMP-0529,Sales,"Negotiating a client contract"
EMP-0623,IT,"Copy-pasting emails into CRM"
EMP-2667,HR,"Data entry from invoices"
EMP-3626,Marketing,"Formatting reports"
EMP-0889,Sales,"Sorting spreadsheets"
EMP-3315,HR,"Negotiating a client contract"
EMP-3083,Marketing,"Extracting numbers from PDFs"
EMP-0830,Sales,"Scheduling calendar invites"
EMP-2397,Customer Support,"Data entry from invoices"
EMP-0764,Sales,"Interviewing new candidates"
EMP-0910,Sales,"Data entry from invoices"
EMP-0182,HR,"Leading a brainstorming session"
EMP-3251,Sales,"Formatting reports"
EMP-0506,HR,"Interviewing new candidates"
EMP-3122,IT,"Resolving employee conflict"
EMP-0480,IT,"Negotiating a client contract"
EMP-1434,Sales,"Sorting spreadsheets"
EMP-2009,HR,"Data entry from invoices"
EMP-3380,IT,"Negotiating a client contract"
EMP-0838,Customer Support,"Extracting numbers from PDFs"
EMP-2493,HR,"Interviewing new candidates"
EMP-2808,Sales,"Sorting spreadsheets"
EMP-1692,IT,"High-level strategy planning"
EMP-0589,Customer Support,"Formatting reports"
EMP-3773,HR,"Leading a brainstorming session"
EMP-0460,Customer Support,"Extracting numbers from PDFs"
EMP-0468,Sales,"Sorting spreadsheets"
EMP-0009,Customer Support,"Sorting spreadsheets"
EMP-2697,Sales,"Formatting reports"
EMP-3222,IT,"Copy-pasting emails into CRM"
EMP-3379,Sales,"Interviewing new candidates"
EMP-1384,Marketing,"Data entry from invoices"
EMP-1691,Marketing,"Interviewing new candidates"
EMP-3409,Marketing,"Copy-pasting emails into CRM"
EMP-3358,Marketing,"Copy-pasting emails into CRM"
EMP-3135,HR,"Data entry from invoices"
EMP-0860,Marketing,"Copy-pasting emails into CRM"
EMP-0278,Customer Support,"Sorting spreadsheets"
EMP-3354,Marketing,"Formatting reports"
EMP-3262,HR,"Data entry from invoices"
EMP-0816,Marketing,"Data entry from invoices"
EMP-2718,Sales,"Copy-pasting emails into CRM"
EMP-1053,IT,"Resolving employee conflict"
EMP-3779,Customer Support,"Sorting spreadsheets"
EMP-1496,Sales,"Interviewing new candidates"
EMP-0688,Marketing,"Extracting numbers from PDFs"
EMP-1811,Sales,"Negotiating a client contract"
EMP-0866,Sales,"Negotiating a client contract"
EMP-1514,Sales,"Copy-pasting emails into CRM"
EMP-1764,Sales,"Data entry from invoices"
EMP-0866,Marketing,"Sorting spreadsheets"
EMP-2485,Sales,"Copy-pasting emails into CRM"
EMP-1733,Customer Support,"Formatting reports"
EMP-0418,Marketing,"Extracting numbers from PDFs"
EMP-3633,Customer Support,"Extracting numbers from PDFs"
EMP-1078,Marketing,"Sorting spreadsheets"
EMP-3485,HR,"Copy-pasting emails into CRM"
EMP-0479,Marketing,"Scheduling calendar invites"
EMP-2525,Sales,"Interviewing new candidates"
EMP-0178,Customer Support,"Sorting spreadsheets"
EMP-3317,Customer Support,"Scheduling calendar invites"
EMP-0226,IT,"Leading a brainstorming session"
EMP-1639,Customer Support,"Data entry from invoices"
EMP-2760,Sales,"Scheduling calendar invites"
EMP-0334,Sales,"Data entry from invoices"
EMP-1668,Marketing,"Scheduling calendar invites"
EMP-0508,HR,"Copy-pasting emails into CRM"
EMP-0039,HR,"Designing a new brand logo"
EMP-3359,HR,"Copy-pasting emails into CRM"
EMP-1823,Marketing,"Negotiating a client contract"
EMP-3029,Customer Support,"Sorting spreadsheets"
EMP-3886,Customer Support,"Data entry from invoices"
EMP-1375,HR,"Designing a new brand logo"
EMP-1975,Marketing,"Data entry from invoices"
EMP-3572,Customer Support,"Data entry from invoices"
EMP-3782,Sales,"Scheduling calendar invites"
EMP-2851,HR,"High-level strategy planning"
EMP-1676,Customer Support,"Extracting numbers from PDFs"
EMP-3339,Sales,"Copy-pasting emails into CRM"
EMP-3253,Customer Support,"Data entry from invoices"
EMP-2188,Customer Support,"Formatting reports"
EMP-1522,HR,"Data entry from invoices"
EMP-2592,HR,"Leading a brainstorming session"
EMP-2486,Sales,"Extracting numbers from PDFs"
EMP-0381,Sales,"Negotiating a client contract"
EMP-0557,Marketing,"Extracting numbers from PDFs"
EMP-3837,Customer Support,"Copy-pasting emails into CRM"
EMP-1394,Marketing,"Extracting numbers from PDFs"
EMP-0617,Sales,"Scheduling calendar invites"
EMP-3360,Marketing,"Copy-pasting emails into CRM"
EMP-1075,Marketing,"Copy-pasting emails into CRM"
EMP-3214,Sales,"Scheduling calendar invites"
EMP-3383,Customer Support,"Scheduling calendar invites"
EMP-2961,Marketing,"Scheduling calendar invites"
EMP-1199,Marketing,"Sorting spreadsheets"
EMP-2556,Marketing,"Formatting reports"
EMP-2322,Sales,"Interviewing new candidates"
EMP-1767,Marketing,"Negotiating a client contract"
EMP-3935,Marketing,"Extracting numbers from PDFs"
EMP-1976,Sales,"Extracting numbers from PDFs"
EMP-3817,HR,"Negotiating a client contract"
EMP-3865,HR,"Copy-pasting emails into CRM"
EMP-0592,Marketing,"Scheduling calendar invites"
EMP-3210,IT,"High-level strategy planning"
EMP-0092,IT,"High-level strategy planning"
EMP-2929,Marketing,"Data entry from invoices"
EMP-3717,Sales,"Extracting numbers from PDFs"
EMP-2370,Customer Support,"Sorting spreadsheets"
EMP-1778,IT,"Leading a brainstorming session"
EMP-2717,HR,"Copy-pasting emails into CRM"
EMP-1866,IT,"Resolving employee conflict"
EMP-1083,Customer Support,"Copy-pasting emails into CRM"
EMP-2851,Marketing,"Copy-pasting emails into CRM"
EMP-1214,IT,"Data entry from invoices"
EMP-0172,HR,"Interviewing new candidates"
EMP-0656,HR,"Interviewing new candidates"
EMP-0837,Customer Support,"Copy-pasting emails into CRM"
EMP-0700,Customer Support,"Extracting numbers from PDFs"
EMP-3744,HR,"Data entry from invoices"
EMP-3021,Customer Support,"Extracting numbers from PDFs"
EMP-2729,HR,"Data entry from invoices"
EMP-1071,HR,"Interviewing new candidates"
EMP-1937,Customer Support,"Data entry from invoices"
EMP-1858,IT,"Copy-pasting emails into CRM"
EMP-3020,Customer Support,"Scheduling calendar invites"
EMP-1934,HR,"Resolving employee conflict"
EMP-1639,Customer Support,"Interviewing new candidates"
EMP-1293,IT,"Data entry from invoices"
EMP-1414,IT,"Data entry from invoices"
EMP-2876,Sales,"Interviewing new candidates"
EMP-3093,HR,"Interviewing new candidates"
EMP-3210,Customer Support,"Extracting numbers from PDFs"
EMP-1771,Sales,"Formatting reports"
EMP-3975,Customer Support,"Extracting numbers from PDFs"
EMP-1100,HR,"Leading a brainstorming session"
EMP-1909,IT,"Copy-pasting emails into CRM"
EMP-3709,IT,"Copy-pasting emails into CRM"
EMP-1384,IT,"Negotiating a client contract"
EMP-2168,Marketing,"Sorting spreadsheets"
EMP-0490,Marketing,"Formatting reports"
EMP-0189,Sales,"Formatting reports"
EMP-3796,IT,"Data entry from invoices"
EMP-0621,Marketing,"Formatting reports"
EMP-3703,IT,"Resolving employee conflict"
EMP-0971,Marketing,"Extracting numbers from PDFs"
EMP-3957,Sales,"Extracting numbers from PDFs"
EMP-2652,HR,"Interviewing new candidates"
EMP-0026,Customer Support,"Negotiating a client contract"
EMP-1806,HR,"Copy-pasting emails into CRM"
EMP-3233,Sales,"Scheduling calendar invites"
EMP-0979,Sales,"Data entry from invoices"
EMP-1197,Sales,"Formatting reports"
EMP-2493,IT,"Resolving employee conflict"
EMP-1534,IT,"Copy-pasting emails into CRM"
EMP-3045,Customer Support,"Formatting reports"
EMP-3001,Marketing,"Interviewing new candidates"
EMP-3996,HR,"Data entry from invoices"
EMP-2834,Sales,"Copy-pasting emails into CRM"
EMP-0036,IT,"Resolving employee conflict"
EMP-3975,Customer Support,"Formatting reports"
EMP-0619,Sales,"Copy-pasting emails into CRM"
EMP-0631,IT,"Data entry from invoices"
EMP-2315,Customer Support,"Data entry from invoices"
EMP-3035,Sales,"Data entry from invoices"
EMP-2022,HR,"Negotiating a client contract"
EMP-2769,IT,"Data entry from invoices"
EMP-1406,Marketing,"Sorting spreadsheets"
EMP-0001,Customer Support,"Extracting numbers from PDFs"
EMP-3426,Sales,"Interviewing new candidates"
EMP-3356,Sales,"Copy-pasting emails into CRM"
EMP-3621,HR,"Designing a new brand logo"
EMP-1910,Sales,"Extracting numbers from PDFs"
EMP-1700,HR,"Negotiating a client contract"
EMP-1709,Marketing,"Data entry from invoices"
EMP-3830,HR,"Negotiating a client contract"
EMP-1046,Marketing,"Scheduling calendar invites"
EMP-3642,Sales,"Data entry from invoices"
EMP-0295,Marketing,"Scheduling calendar invites"
EMP-3665,Sales,"Interviewing new candidates"
EMP-0884,HR,"High-level strategy planning"
EMP-1469,HR,"Interviewing new candidates"
EMP-1832,IT,"Data entry from invoices"
EMP-2419,IT,"Negotiating a client contract"
EMP-0892,Customer Support,"Copy-pasting emails into CRM"
EMP-2677,Customer Support,"Copy-pasting emails into CRM"
EMP-3822,IT,"Copy-pasting emails into CRM"
EMP-3513,HR,"Copy-pasting emails into CRM"
EMP-2692,IT,"Copy-pasting emails into CRM"
EMP-2780,HR,"Data entry from invoices"
EMP-3365,Sales,"Scheduling calendar invites"
EMP-1154,Sales,"Data entry from invoices"
EMP-0536,Customer Support,"Interviewing new candidates"
EMP-3462,Customer Support,"Interviewing new candidates"
EMP-2146,Customer Support,"Data entry from invoices"
EMP-0319,IT,"Resolving employee conflict"
EMP-2993,IT,"Leading a brainstorming session"
EMP-0773,Customer Support,"Negotiating a client contract"
EMP-2002,HR,"Data entry from invoices"
EMP-0087,Customer Support,"Copy-pasting emails into CRM"
EMP-2904,HR,"Negotiating a client contract"
EMP-0252,Sales,"Extracting numbers from PDFs"
EMP-0932,Customer Support,"Extracting numbers from PDFs"
EMP-2621,Customer Support,"Formatting reports"
EMP-1472,Customer Support,"Sorting spreadsheets"
EMP-3296,Sales,"Scheduling calendar invites"
EMP-3210,HR,"Interviewing new candidates"
EMP-3748,Marketing,"Scheduling calendar invites"
EMP-3454,IT,"Data entry from invoices"
EMP-3982,Customer Support,"Sorting spreadsheets"
EMP-2090,IT,"High-level strategy planning"
EMP-0333,Customer Support,"Scheduling calendar invites"
EMP-0155,HR,"Interviewing new candidates"
EMP-2590,Marketing,"Sorting spreadsheets"
EMP-3522,Sales,"Data entry from invoices"
EMP-3857,IT,"Data entry from invoices"
EMP-3429,Sales,"Extracting numbers from PDFs"
EMP-2148,Customer Support,"Extracting numbers from PDFs"
EMP-2603,Customer Support,"Interviewing new candidates"
EMP-0550,Customer Support,"Negotiating a client contract"
EMP-3874,IT,"Leading a brainstorming session"
EMP-3496,Customer Support,"Formatting reports"
EMP-2024,Marketing,"Extracting numbers from PDFs"
EMP-1595,HR,"Data entry from invoices"
EMP-0791,Customer Support,"Formatting reports"
EMP-1992,Marketing,"Interviewing new candidates"
EMP-1592,Customer Support,"Data entry from invoices"
EMP-2017,Customer Support,"Copy-pasting emails into CRM"
EMP-2077,Sales,"Sorting spreadsheets"
EMP-3857,Marketing,"Data entry from invoices"
EMP-1438,Sales,"Data entry from invoices"
EMP-2044,Sales,"Data entry from invoices"
EMP-1384,Customer Support,"Interviewing new candidates"
EMP-3975,Marketing,"Formatting reports"
EMP-1049,Sales,"Sorting spreadsheets"
EMP-1492,HR,"Interviewing new candidates"
EMP-2025,Marketing,"Extracting numbers from PDFs"
EMP-1952,Customer Support,"Extracting numbers from PDFs"
EMP-0210,Sales,"Scheduling calendar invites"
EMP-3166,IT,"Copy-pasting emails into CRM"
EMP-0772,Marketing,"Sorting spreadsheets"
EMP-0476,Customer Support,"Copy-pasting emails into CRM"
EMP-3207,Sales,"Extracting numbers from PDFs"
EMP-2908,Marketing,"Interviewing new candidates"
EMP-2912,HR,"Designing a new brand logo"
EMP-3263,Customer Support,"Data entry from invoices"
EMP-0352,Customer Support,"Extracting numbers from PDFs"
EMP-3494,HR,"Interviewing new candidates"
EMP-3408,IT,"Interviewing new candidates"
EMP-2701,Customer Support,"Extracting numbers from PDFs"
EMP-2755,HR,"Resolving employee conflict"
EMP-3522,Sales,"Negotiating a client contract"
EMP-3442,Sales,"Extracting numbers from PDFs"
EMP-0915,IT,"Negotiating a client contract"
EMP-1710,IT,"Designing a new brand logo"
EMP-1631,Customer Support,"Data entry from invoices"
EMP-1069,HR,"Negotiating a client contract"
EMP-2905,HR,"Designing a new brand logo"
EMP-2691,Sales,"Copy-pasting emails into CRM"
EMP-3518,HR,"Leading a brainstorming session"
EMP-0356,HR,"High-level strategy planning"
EMP-3051,Customer Support,"Data entry from invoices"
EMP-1830,HR,"Interviewing new candidates"
EMP-0238,Sales,"Formatting reports"
EMP-1227,Marketing,"Extracting numbers from PDFs"
EMP-3440,Customer Support,"Sorting spreadsheets"
EMP-2602,Marketing,"Extracting numbers from PDFs"
EMP-1518,Sales,"Interviewing new candidates"
EMP-3051,HR,"Designing a new brand logo"
EMP-1017,Customer Support,"Scheduling calendar invites"
EMP-3469,IT,"Resolving employee conflict"
EMP-2934,Sales,"Copy-pasting emails into CRM"
EMP-1101,Customer Support,"Formatting reports"
EMP-1770,HR,"High-level strategy planning"
EMP-0746,Marketing,"Formatting reports"
EMP-0118,Sales,"Copy-pasting emails into CRM"
EMP-0236,Customer Support,"Data entry from invoices"
EMP-1925,Customer Support,"Extracting numbers from PDFs"
EMP-3961,Customer Support,"Formatting reports"
EMP-1561,HR,"Negotiating a client contract"
EMP-2474,Sales,"Extracting numbers from PDFs"
EMP-3506,HR,"Resolving employee conflict"
EMP-0081,IT,"Designing a new brand logo"
EMP-2609,IT,"High-level strategy planning"
EMP-2508,Customer Support,"Formatting reports"
EMP-1218,Customer Support,"Copy-pasting emails into CRM"
EMP-1621,Sales,"Sorting spreadsheets"
EMP-1323,Sales,"Scheduling calendar invites"
EMP-2367,Marketing,"Negotiating a client contract"
EMP-1964,Marketing,"Extracting numbers from PDFs"
EMP-1124,Customer Support,"Extracting numbers from PDFs"
EMP-2091,Marketing,"Copy-pasting emails into CRM"
EMP-3223,IT,"Designing a new brand logo"
EMP-1551,HR,"Resolving employee conflict"
EMP-3900,HR,"Leading a brainstorming session"
EMP-3575,Customer Support,"Data entry from invoices"
EMP-0344,Marketing,"Formatting reports"
EMP-3715,Customer Support,"Copy-pasting emails into CRM"
EMP-1373,Marketing,"Sorting spreadsheets"
EMP-2683,Customer Support,"Scheduling calendar invites"
EMP-0973,HR,"Copy-pasting emails into CRM"
EMP-2094,Sales,"Sorting spreadsheets"
EMP-0475,Sales,"Formatting reports"
EMP-3564,Marketing,"Formatting reports"
EMP-1677,Customer Support,"Extracting numbers from PDFs"
EMP-0489,Customer Support,"Scheduling calendar invites"
EMP-0476,HR,"Data entry from invoices"
EMP-0189,Sales,"Scheduling calendar invites"
EMP-3949,Customer Support,"Sorting spreadsheets"
EMP-0959,Sales,"Sorting spreadsheets"
EMP-1515,Marketing,"Interviewing new candidates"
EMP-2472,Customer Support,"Formatting reports"
EMP-1152,Sales,"Data entry from invoices"
EMP-2122,Marketing,"Negotiating a client contract"
EMP-0633,Marketing,"Formatting reports"
EMP-1359,Marketing,"Copy-pasting emails into CRM"
EMP-2443,Marketing,"Formatting reports"
EMP-3152,HR,"Copy-pasting emails into CRM"
EMP-1597,HR,"Copy-pasting emails into CRM"
EMP-2528,HR,"Data entry from invoices"
EMP-2917,Marketing,"Formatting reports"
EMP-3762,HR,"Copy-pasting emails into CRM"
EMP-1649,Sales,"Formatting reports"
EMP-0748,Sales,"Sorting spreadsheets"
EMP-2806,Sales,"Copy-pasting emails into CRM"
EMP-1420,HR,"High-level strategy planning"
EMP-1134,IT,"Copy-pasting emails into CRM"
EMP-2219,IT,"Copy-pasting emails into CRM"
EMP-1926,HR,"Negotiating a client contract"
EMP-1275,IT,"Copy-pasting emails into CRM"
EMP-0422,Marketing,"Interviewing new candidates"
EMP-3492,HR,"Negotiating a client contract"
EMP-1895,Marketing,"Scheduling calendar invites"
EMP-3309,Marketing,"Scheduling calendar invites"
EMP-1398,Sales,"Copy-pasting emails into CRM"
EMP-0847,Marketing,"Scheduling calendar invites"
EMP-0194,IT,"Data entry from invoices"
EMP-1976,Sales,"Interviewing new candidates"
EMP-2554,Marketing,"Data entry from invoices"
EMP-3065,IT,"Designing a new brand logo"
EMP-3534,Marketing,"Copy-pasting emails into CRM"
EMP-1087,HR,"High-level strategy planning"
EMP-2313,HR,"Interviewing new candidates"
EMP-2921,Marketing,"Extracting numbers from PDFs"
EMP-1098,IT,"High-level strategy planning"
EMP-2671,Sales,"Negotiating a client contract"
EMP-1432,IT,"Interviewing new candidates"
EMP-0060,Customer Support,"Negotiating a client contract"
EMP-3295,HR,"Negotiating a client contract"
EMP-1847,IT,"Interviewing new candidates"
EMP-1217,Customer Support,"Scheduling calendar invites"
EMP-2558,IT,"Copy-pasting emails into CRM"
EMP-2041,IT,"Copy-pasting emails into CRM"
EMP-2631,IT,"Interviewing new candidates"
EMP-1331,Marketing,"Copy-pasting emails into CRM"
EMP-0210,IT,"Copy-pasting emails into CRM"
EMP-2912,Customer Support,"Negotiating a client contract"
EMP-3753,Customer Support,"Copy-pasting emails into CRM"
EMP-0339,Sales,"Formatting reports"
EMP-1891,HR,"Data entry from invoices"
EMP-1977,IT,"Copy-pasting emails into CRM"
EMP-2778,HR,"Data entry from invoices"
EMP-3071,HR,"Interviewing new candidates"
EMP-0662,Marketing,"Scheduling calendar invites"
EMP-0954,IT,"Data entry from invoices"
EMP-3515,Customer Support,"Scheduling calendar invites"
EMP-2583,HR,"Interviewing new candidates"
EMP-2315,Marketing,"Sorting spreadsheets"
EMP-2263,IT,"Negotiating a client contract"
EMP-2638,HR,"Data entry from invoices"
EMP-0835,Marketing,"Formatting reports"
EMP-3745,Customer Support,"Formatting reports"
EMP-0244,IT,"Leading a brainstorming session"
EMP-0453,IT,"Designing a new brand logo"
EMP-0286,Marketing,"Scheduling calendar invites"
EMP-2251,IT,"Data entry from invoices"
EMP-3100,Customer Support,"Sorting spreadsheets"
EMP-2336,IT,"Leading a brainstorming session"
EMP-3959,HR,"Data entry from invoices"
EMP-2597,Sales,"Negotiating a client contract"
EMP-0921,IT,"Data entry from invoices"
EMP-0304,HR,"Copy-pasting emails into CRM"
EMP-0227,HR,"Interviewing new candidates"
EMP-1008,Marketing,"Data entry from invoices"
EMP-3511,IT,"Leading a brainstorming session"
EMP-3008,Sales,"Extracting numbers from PDFs"
EMP-1861,Customer Support,"Scheduling calendar invites"
EMP-2706,HR,"Interviewing new candidates"
EMP-1306,Sales,"Data entry from invoices"
EMP-3155,Customer Support,"Scheduling calendar invites"
EMP-1520,Marketing,"Scheduling calendar invites"
EMP-0174,IT,"Copy-pasting emails into CRM"
EMP-2495,IT,"Interviewing new candidates"
EMP-3854,IT,"Resolving employee conflict"
EMP-0405,Marketing,"Extracting numbers from PDFs"
EMP-1109,IT,"Resolving employee conflict"
EMP-3308,Customer Support,"Scheduling calendar invites"
EMP-0385,Sales,"Extracting numbers from PDFs"
EMP-2295,HR,"Resolving employee conflict"
EMP-3393,Customer Support,"Extracting numbers from PDFs"
EMP-2287,IT,"Data entry from invoices"
EMP-0084,Customer Support,"Negotiating a client contract"
EMP-1483,Sales,"Scheduling calendar invites"
EMP-3124,Customer Support,"Scheduling calendar invites"
EMP-1374,HR,"Data entry from invoices"
EMP-1535,Marketing,"Interviewing new candidates"
EMP-1284,Marketing,"Formatting reports"
EMP-1651,Marketing,"Copy-pasting emails into CRM"
EMP-1721,Customer Support,"Formatting reports"
EMP-2260,HR,"Resolving employee conflict"
EMP-3677,Marketing,"Extracting numbers from PDFs"
EMP-0388,Customer Support,"Scheduling calendar invites"
EMP-1619,HR,"High-level strategy planning"
EMP-3018,Sales,"Copy-pasting emails into CRM"
EMP-1911,Customer Support,"Data entry from invoices"
EMP-3877,Sales,"Extracting numbers from PDFs"
EMP-1652,HR,"Copy-pasting emails into CRM"
EMP-1421,IT,"Designing a new brand logo"
EMP-0414,HR,"Negotiating a client contract"
EMP-0884,Marketing,"Interviewing new candidates"
EMP-1859,HR,"Designing a new brand logo"
EMP-2595,Marketing,"Interviewing new candidates"
EMP-0636,Customer Support,"Extracting numbers from PDFs"
EMP-2855,Marketing,"Copy-pasting emails into CRM"
EMP-3198,Customer Support,"Data entry from invoices"
EMP-3487,HR,"Negotiating a client contract"
EMP-3693,Sales,"Formatting reports"
EMP-3049,Sales,"Sorting spreadsheets"
EMP-2848,Customer Support,"Scheduling calendar invites"
EMP-3004,IT,"Data entry from invoices"
EMP-3358,IT,"High-level strategy planning"
EMP-2101,Sales,"Scheduling calendar invites"
EMP-2567,IT,"Negotiating a client contract"
EMP-2332,Marketing,"Sorting spreadsheets"
EMP-1976,IT,"Leading a brainstorming session"
EMP-0098,IT,"Data entry from invoices"
EMP-3446,Marketing,"Data entry from invoices"
EMP-0486,Customer Support,"Formatting reports"
EMP-2894,Marketing,"Negotiating a client contract"
EMP-2758,HR,"Data entry from invoices"
EMP-1942,HR,"High-level strategy planning"
EMP-0468,HR,"Negotiating a client contract"
EMP-2827,Sales,"Formatting reports"
EMP-3831,HR,"High-level strategy planning"
EMP-2696,Marketing,"Data entry from invoices"
EMP-1791,HR,"Copy-pasting emails into CRM"
EMP-1859,Sales,"Copy-pasting emails into CRM"
EMP-0641,Customer Support,"Extracting numbers from PDFs"
EMP-3669,IT,"Negotiating a client contract"
EMP-1597,IT,"Resolving employee conflict"
EMP-0479,HR,"Leading a brainstorming session"
EMP-2334,Marketing,"Formatting reports"
EMP-1562,Customer Support,"Scheduling calendar invites"
EMP-2619,HR,"Resolving employee conflict"
EMP-0853,IT,"Leading a brainstorming session"
EMP-1943,Marketing,"Formatting reports"
EMP-1531,Customer Support,"Sorting spreadsheets"
EMP-0134,HR,"Data entry from invoices"
EMP-2321,Sales,"Negotiating a client contract"
EMP-0123,HR,"Designing a new brand logo"
EMP-0717,Marketing,"Sorting spreadsheets"
EMP-1682,Customer Support,"Formatting reports"
